resource,x,m,mode,sample,min_eig,projection_frobenius
canonical,0,0,raw,0,0.005663485717800643,4.850301263817147e-16
canonical,0,0,recovered,0,0.005635156754171665,3.10748760335409e-16
canonical,0,0,raw,1,0.013323666366893534,5.684968989389604e-16
canonical,0,0,recovered,1,0.008661419776631499,3.3579783944858036e-16
canonical,0,0,raw,2,0.013248585934615482,4.2081136560257187e-16
canonical,0,0,recovered,2,0.013463628466812014,2.546419551851402e-16
canonical,0,0,raw,3,0.010507121432364102,4.967609435418356e-16
canonical,0,0,recovered,3,0.010319152547627605,3.1875337355705324e-16
canonical,0,0,raw,4,0.007800003436378362,6.511125754870611e-16
canonical,0,0,recovered,4,0.0019349446579708543,8.672699359345543e-16
canonical,0,0,raw,5,0.003549972182879022,2.8411773929628483e-16
canonical,0,0,recovered,5,0.020895377679656338,3.530016089764902e-16
canonical,0,0,raw,6,0.01809210397926886,3.540911011558265e-16
canonical,0,0,recovered,6,0.013283298780191367,5.790765924782727e-16
canonical,0,0,raw,7,0.007978044622121459,4.0544916986106435e-16
canonical,0,0,recovered,7,0.013606895721165925,3.0884716374329433e-16
canonical,0,0,raw,8,0.018974673238990377,4.275688697613938e-16
canonical,0,0,recovered,8,0.006737489922557941,3.281666316500661e-16
canonical,0,0,raw,9,0.007488496753878625,2.5556721986945273e-16
canonical,0,0,recovered,9,0.004000215129234639,2.1955612349961616e-16
canonical,0,0,raw,10,0.012426867313849907,5.101222723767956e-16
canonical,0,0,recovered,10,0.0009774220807397505,5.592775961456148e-16
canonical,0,0,raw,11,0.013783861726784884,7.033827763445334e-16
canonical,0,0,recovered,11,0.00850029480710331,6.569348360054453e-16
canonical,0,0,raw,12,0.01170978012683074,4.578723511966412e-16
canonical,0,0,recovered,12,0.006996669975460017,2.711605022857619e-16
canonical,0,0,raw,13,0.011703584598895067,2.9319328642265457e-16
canonical,0,0,recovered,13,0.0031250982247057724,2.7327814193446425e-16
canonical,0,0,raw,14,0.01418183059128292,1.517783911186923e-16
canonical,0,0,recovered,14,0.008480569185007614,4.718786655672269e-16
canonical,0,0,raw,15,0.009975538435976232,6.742913329397881e-16
canonical,0,0,recovered,15,0.0023627907505081305,4.7936627998641e-16
canonical,0,0,raw,16,0.019191265865812945,4.939581310731592e-16
canonical,0,0,recovered,16,0.0055227365498010435,3.6899275517911087e-16
canonical,0,0,raw,17,0.020294659793576565,4.1731728918651913e-16
canonical,0,0,recovered,17,-0.000920119040581014,0.0010624619515318262
canonical,0,0,raw,18,0.01054048577690132,3.132250881782338e-16
canonical,0,0,recovered,18,0.013173313539929343,7.9234679026210035e-16
canonical,0,0,raw,19,0.010534797843140072,3.4871933228774376e-16
canonical,0,0,recovered,19,0.0043542789345985215,5.611518748950897e-16
canonical,0,0,raw,20,0.01289780685888345,5.033126901340212e-16
canonical,0,0,recovered,20,0.01617602009082524,3.1981134011680527e-16
canonical,0,0,raw,21,0.016949472148712702,4.560648723363045e-16
canonical,0,0,recovered,21,0.00946874460087412,4.678666919716058e-16
canonical,0,0,raw,22,0.015155672645223349,2.2341931902437984e-16
canonical,0,0,recovered,22,0.0025886692782103185,2.6855112220566223e-16
canonical,0,0,raw,23,0.01508861696343777,3.424178925832984e-16
canonical,0,0,recovered,23,0.012982101067736734,5.5648404175661405e-16
canonical,0,0,raw,24,0.007864957458013855,3.329370036695895e-16
canonical,0,0,recovered,24,0.013127706409948262,2.1519487691279776e-16
canonical,0,0,raw,25,0.009992568581284318,3.0947878246399133e-16
canonical,0,0,recovered,25,0.013968908182411468,3.2697064182287996e-16
canonical,0,0,raw,26,0.009348332164740552,1.5674428961740988e-16
canonical,0,0,recovered,26,0.008250387241447298,3.2454921530596016e-16
canonical,0,0,raw,27,0.01961325740259231,6.57807107780209e-16
canonical,0,0,recovered,27,0.013148717653938694,6.088138020724709e-16
canonical,0,0,raw,28,0.01222830535502246,2.735807969572224e-16
canonical,0,0,recovered,28,0.01072857658596347,4.0402115689181624e-16
canonical,0,0,raw,29,0.013809973596351116,3.5953007205896683e-16
canonical,0,0,recovered,29,0.002983327036570518,7.710928819482061e-16
canonical,0,0,raw,30,0.015740184249985422,8.754224056845489e-16
canonical,0,0,recovered,30,0.013159404444298015,3.429539787682191e-16
canonical,0,0,raw,31,0.013596703190205032,5.106820116950599e-16
canonical,0,0,recovered,31,0.008988835533314213,3.1398554815795586e-16
canonical,0,0,raw,32,0.005267574648800286,3.7608071315219357e-16
canonical,0,0,recovered,32,0.005885701864218925,5.76450464289615e-16
canonical,0,0,raw,33,0.017177238679020296,3.9958088306909847e-16
canonical,0,0,recovered,33,0.00814957291606437,5.068751720147551e-16
canonical,0,0,raw,34,0.012179035422445436,1.7667479433180885e-16
canonical,0,0,recovered,34,0.01196805064530314,3.8037854574199206e-16
canonical,0,0,raw,35,0.012984391551760373,1.1442273392954116e-16
canonical,0,0,recovered,35,0.009336082717041966,4.736137613430531e-16
canonical,0,0,raw,36,0.00511108409785503,5.130839670183483e-16
canonical,0,0,recovered,36,0.004996308545275756,8.495683697166283e-16
canonical,0,0,raw,37,0.016049327405419277,4.927654861582669e-16
canonical,0,0,recovered,37,0.013291135520965818,3.989694289927939e-16
canonical,0,0,raw,38,0.009730388833193007,1.2182632199180084e-15
canonical,0,0,recovered,38,0.004835673755987069,2.6892760147569656e-16
canonical,0,0,raw,39,0.018881514626705707,4.2137949480350855e-16
canonical,0,0,recovered,39,0.011180470124153716,1.02325459388116e-15
canonical,0,0,raw,40,0.01659015591578952,4.0336602750565195e-16
canonical,0,0,recovered,40,0.013160626869710222,4.417877871820211e-16
canonical,0,0,raw,41,0.010495803000598025,1.765683072721734e-16
canonical,0,0,recovered,41,0.010531465041628505,2.0806769066099365e-16
canonical,0,0,raw,42,0.01492941424303158,1.8164712973159883e-16
canonical,0,0,recovered,42,0.008448723900748016,2.5939518283568054e-16
canonical,0,0,raw,43,0.007004117778171249,3.3154966252855e-16
canonical,0,0,recovered,43,0.013389846671249466,4.835963683197246e-16
canonical,0,0,raw,44,0.014621178134729433,1.3706513280868195e-16
canonical,0,0,recovered,44,0.007041385965625573,2.1057874654138132e-16
canonical,0,0,raw,45,0.012958187747419993,4.610879213331492e-16
canonical,0,0,recovered,45,0.013775779053942885,1.5684872202310216e-16
canonical,0,0,raw,46,0.012544078596372417,6.727357846715168e-16
canonical,0,0,recovered,46,0.008718887742606929,1.4950106176175063e-16
canonical,0,0,raw,47,0.011178959287546395,1.1112522008528966e-15
canonical,0,0,recovered,47,0.0151705770398728,3.4953817125379855e-16
canonical,0,0,raw,48,0.011338269142481372,5.269863224812692e-16
canonical,0,0,recovered,48,0.006380345098771327,3.4550840693658746e-16
canonical,0,0,raw,49,0.005100655287823161,1.9259440981181722e-16
canonical,0,0,recovered,49,0.004012685631071004,4.945004152447835e-16
canonical,0,0,raw,50,0.006364095441438273,8.883271144750276e-16
canonical,0,0,recovered,50,0.01486515140786625,5.752171454726703e-16
canonical,0,0,raw,51,0.008705775411559173,2.662532120255263e-16
canonical,0,0,recovered,51,-0.003064556697403816,0.003538645268385936
canonical,0,0,raw,52,0.017838723633736474,4.745080141566373e-16
canonical,0,0,recovered,52,0.004798474088897734,3.820658308175865e-16
canonical,0,0,raw,53,0.014426262543967616,3.2453067049750795e-16
canonical,0,0,recovered,53,0.002647727502200867,2.815213564912764e-16
canonical,0,0,raw,54,0.009983918276099872,2.4892922995427957e-16
canonical,0,0,recovered,54,0.00706920754936657,2.508370556825079e-16
canonical,0,0,raw,55,0.011282266985556493,4.2141118384840094e-16
canonical,0,0,recovered,55,0.0032683083120596066,5.668728222844527e-16
canonical,0,0,raw,56,-0.002703020892260687,0.0031211796795437823
canonical,0,0,recovered,56,0.006739747593856423,3.046607333010026e-16
canonical,0,0,raw,57,0.013738536798037292,7.049204882903616e-16
canonical,0,0,recovered,57,0.01029166882685119,7.328858040953336e-16
canonical,0,0,raw,58,0.010532821960313146,2.0188228751692446e-16
canonical,0,0,recovered,58,0.007130658331448585,6.769012120942911e-16
canonical,0,0,raw,59,0.005389778780751331,4.139710497392287e-16
canonical,0,0,recovered,59,0.01359801393829889,4.885553099128808e-16
canonical,0,0,raw,60,0.01398943335491444,2.5256358707577097e-16
canonical,0,0,recovered,60,0.009091394676664732,4.566978725179766e-16
canonical,0,0,raw,61,0.015606334505687937,4.3189084331302297e-16
canonical,0,0,recovered,61,0.017360210147112944,4.352967891718066e-16
canonical,0,0,raw,62,0.012844375129574169,6.904114985963321e-16
canonical,0,0,recovered,62,0.00922035299502982,5.287426234488244e-16
canonical,0,0,raw,63,0.002820643592126057,3.440757658846743e-16
canonical,0,0,recovered,63,0.015460337370883676,5.013020697016453e-16
canonical,0,0,raw,64,0.02006238482788754,2.026209432327421e-16
canonical,0,0,recovered,64,0.012283966441165976,5.055416978380272e-16
canonical,0,0,raw,65,0.014587808034681847,2.674993539278246e-16
canonical,0,0,recovered,65,0.015612468871398796,4.2104672751142005e-16
canonical,0,0,raw,66,0.009144579038349988,4.622542721314469e-16
canonical,0,0,recovered,66,0.011300217919335661,3.594903123758885e-16
canonical,0,0,raw,67,0.012680916485253334,3.859752424813346e-16
canonical,0,0,recovered,67,0.010186591301277496,4.737388360310745e-16
canonical,0,0,raw,68,0.006277395578883288,7.479445520494878e-16
canonical,0,0,recovered,68,0.005532534706587032,4.3325174630856106e-16
canonical,0,0,raw,69,0.001485040612998267,4.811935000736284e-16
canonical,0,0,recovered,69,0.011680374877039722,1.1257840810706869e-16
canonical,0,0,raw,70,0.011596932746443373,4.0010203933674356e-16
canonical,0,0,recovered,70,0.015679436884496974,7.46400179790591e-16
canonical,0,0,raw,71,0.011957625347114477,3.7423178832375537e-16
canonical,0,0,recovered,71,0.009560588075369993,2.646798436006065e-16
canonical,0,0,raw,72,0.009797078063596457,4.435879069179024e-16
canonical,0,0,recovered,72,0.010697429660191018,4.12292991603686e-16
canonical,0,0,raw,73,0.006681434320411386,3.6805225764283986e-16
canonical,0,0,recovered,73,0.008281854136933026,2.5123455959392247e-16
canonical,0,0,raw,74,0.013178395294779743,8.02903647723481e-16
canonical,0,0,recovered,74,0.010694240040410327,6.837975000202378e-16
canonical,0,0,raw,75,0.005295997917524185,2.302565669123629e-16
canonical,0,0,recovered,75,0.00906642240195247,3.6937799000168275e-16
canonical,0,0,raw,76,0.011362769070044859,5.958085649793243e-16
canonical,0,0,recovered,76,0.0035002536758238054,1.9202025497852232e-16
canonical,0,0,raw,77,0.017748685879294193,2.240569829575419e-16
canonical,0,0,recovered,77,0.010783780218232569,1.8674380805403618e-16
canonical,0,0,raw,78,0.00441342912805303,2.527820097161243e-16
canonical,0,0,recovered,78,0.013460677768222898,4.680930597202288e-16
canonical,0,0,raw,79,0.009480816344093507,2.9072860533445626e-16
canonical,0,0,recovered,79,0.009882872461249944,3.562936119529289e-16
canonical,0,0,raw,80,0.019149722283202063,3.464620250079886e-16
canonical,0,0,recovered,80,0.007892140200394698,3.4071145992373643e-16
canonical,0,0,raw,81,0.00975156438356927,5.066996843074732e-16
canonical,0,0,recovered,81,0.01566705763687267,5.768210706325417e-16
canonical,0,0,raw,82,0.015307794559830404,3.447634711146684e-16
canonical,0,0,recovered,82,0.0067197973304983704,4.814239360216533e-16
canonical,0,0,raw,83,0.0046305888238219375,2.962908522180698e-16
canonical,0,0,recovered,83,0.00956752124479415,8.634661930147482e-16
canonical,0,0,raw,84,0.007624956656354633,7.862648507224718e-16
canonical,0,0,recovered,84,0.008306553713513501,4.253982695859453e-16
canonical,0,0,raw,85,0.015714612274592497,3.1736492200394247e-16
canonical,0,0,recovered,85,0.0032434798931623844,2.6432915671562747e-16
canonical,0,0,raw,86,0.013248501862800584,1.716686155733047e-16
canonical,0,0,recovered,86,0.0060335175170915835,2.0377486813509463e-16
canonical,0,0,raw,87,0.009874700102380632,3.5230064792151896e-16
canonical,0,0,recovered,87,0.014639958759982297,4.07269055236222e-16
canonical,0,0,raw,88,0.007034416926196176,5.320180833711686e-16
canonical,0,0,recovered,88,0.0061751177621563015,2.1432354317269808e-16
canonical,0,0,raw,89,0.011873735049686496,2.994801524085799e-16
canonical,0,0,recovered,89,0.012033293270937901,4.306694503684388e-16
canonical,0,0,raw,90,0.018238570630224073,2.2168602044555252e-16
canonical,0,0,recovered,90,0.005788034112349747,3.136890501538583e-16
canonical,0,0,raw,91,0.008672380606801146,4.509122668967886e-16
canonical,0,0,recovered,91,0.01083836208132303,5.688029640022298e-16
canonical,0,0,raw,92,0.013921933436906956,2.439854112875181e-16
canonical,0,0,recovered,92,0.01619775549346514,3.572056383670231e-16
canonical,0,0,raw,93,0.02200009102804157,5.022125579235951e-16
canonical,0,0,recovered,93,0.008270422974345165,2.988058040192275e-16
canonical,0,0,raw,94,0.004064540805905883,7.16030098638557e-16
canonical,0,0,recovered,94,0.009205902592291761,1.772784273548037e-16
canonical,0,0,raw,95,0.010773818161341672,4.0600002810698166e-16
canonical,0,0,recovered,95,0.012178496942709503,2.745525313377998e-16
canonical,0,0,raw,96,0.014550661792067252,2.461825656317914e-16
canonical,0,0,recovered,96,0.009781907100346246,1.5497281084572283e-16
canonical,0,0,raw,97,0.01869744837145828,1.938977901881906e-16
canonical,0,0,recovered,97,0.00660231622295642,3.896425310703014e-16
canonical,0,0,raw,98,0.01875653527569969,3.857722358094831e-16
canonical,0,0,recovered,98,0.007803735550704429,7.488552657803564e-16
canonical,0,0,raw,99,0.014119241724592675,2.9766308113569645e-16
canonical,0,0,recovered,99,0.009835414590634922,3.3589382097026645e-16
canonical,0,0,raw,100,0.00723975780336106,3.7185730741802457e-16
canonical,0,0,recovered,100,0.006253443978932473,3.2535026677998383e-16
canonical,0,0,raw,101,0.017023426973602675,1.8312043099293217e-16
canonical,0,0,recovered,101,0.0072513505111677316,6.611392128707515e-16
canonical,0,0,raw,102,0.00527030848728924,5.594052874472401e-16
canonical,0,0,recovered,102,0.01028190079829909,6.718390666089334e-16
canonical,0,0,raw,103,0.01929288266476894,2.425838822222715e-16
canonical,0,0,recovered,103,0.004389647177136448,7.797251571022773e-16
canonical,0,0,raw,104,0.014783203865416636,3.580581244865853e-16
canonical,0,0,recovered,104,-0.0030111348403633045,0.0034769590212999015
canonical,0,0,raw,105,0.012770440043097601,5.037281235839457e-16
canonical,0,0,recovered,105,0.008450781490414913,3.4685428806004743e-16
canonical,0,0,raw,106,0.005348604880614693,2.5351220366967813e-16
canonical,0,0,recovered,106,0.011446547559683383,1.1985765524454946e-16
canonical,0,0,raw,107,0.018783894526288893,4.3879088479104e-16
canonical,0,0,recovered,107,0.010169097641237473,2.664809260170692e-16
canonical,0,0,raw,108,0.009431447014874776,6.206287653548771e-16
canonical,0,0,recovered,108,0.0070984760648779175,4.453873228845784e-16
canonical,0,0,raw,109,0.009966939525669878,5.832474228048279e-16
canonical,0,0,recovered,109,0.008722887004617671,2.70067296563882e-16
canonical,0,0,raw,110,0.01575609880023703,6.22927148132243e-16
canonical,0,0,recovered,110,0.00959286014548851,5.290209822649185e-16
canonical,0,0,raw,111,0.007302880796287265,4.863862904386962e-16
canonical,0,0,recovered,111,0.012735453149967997,2.870222071734382e-16
canonical,0,0,raw,112,0.010737576078678365,2.0555924219869595e-16
canonical,0,0,recovered,112,0.010567117679167919,5.928406375387293e-16
canonical,0,0,raw,113,0.011694054284516812,4.59436004495745e-16
canonical,0,0,recovered,113,0.009496293453312724,6.936864285541695e-16
canonical,0,0,raw,114,0.010012524219175515,8.890821675761894e-16
canonical,0,0,recovered,114,0.0031591827075898586,2.887064065635163e-16
canonical,0,0,raw,115,0.021561481901887624,1.6824386469452236e-16
canonical,0,0,recovered,115,0.007984553236888608,5.063253397986772e-16
canonical,0,0,raw,116,0.011887520407039477,6.513532941581283e-16
canonical,0,0,recovered,116,0.014530973023405534,4.450537798779074e-16
canonical,0,0,raw,117,0.008148431322160867,3.437357960052864e-16
canonical,0,0,recovered,117,0.0047066284255318155,6.255302719388469e-16
canonical,0,0,raw,118,0.0031606387556549135,4.095608112438119e-16
canonical,0,0,recovered,118,0.008819404391753802,2.0518284781209661e-16
canonical,0,0,raw,119,0.01156279733671341,3.785726286429342e-16
canonical,0,0,recovered,119,0.00804995797627461,2.7124250903223445e-16
canonical,0,0,raw,120,0.011825957441062991,6.322388849487086e-16
canonical,0,0,recovered,120,0.009447913298125665,4.1458380033678003e-16
canonical,0,0,raw,121,0.0093380949307145,4.64161480553998e-16
canonical,0,0,recovered,121,0.0042748012881263595,5.536402993832807e-16
canonical,0,0,raw,122,0.020784760825990616,4.499045550786541e-16
canonical,0,0,recovered,122,0.005560319330363028,3.063543268870549e-16
canonical,0,0,raw,123,0.006962118205671078,2.1650039246741373e-16
canonical,0,0,recovered,123,0.012950374317930998,3.252247988178109e-16
canonical,0,0,raw,124,0.01553045077066493,3.1306412357332775e-16
canonical,0,0,recovered,124,0.016427205234915393,3.7262449806868086e-16
canonical,0,0,raw,125,0.009832108427345292,3.3860062595107053e-16
canonical,0,0,recovered,125,0.010786993015453519,3.146365912687752e-16
canonical,0,0,raw,126,0.006564062578656362,6.160567831526172e-16
canonical,0,0,recovered,126,0.00321798874456263,3.4142943178597016e-16
canonical,0,0,raw,127,0.01821498407825224,2.5596578211160923e-16
canonical,0,0,recovered,127,0.009120968095521488,3.186669201201088e-16
canonical,0,0,raw,128,0.008623758459371574,5.132734466117311e-16
canonical,0,0,recovered,128,0.009736007455042254,5.530789779468083e-16
canonical,0,0,raw,129,0.015026127777358476,2.676327643092916e-16
canonical,0,0,recovered,129,0.009672838247351006,6.10946914068499e-16
canonical,0,0,raw,130,0.013682552438636883,1.743178325997564e-16
canonical,0,0,recovered,130,0.013418095214584376,3.254947551679941e-16
canonical,0,0,raw,131,0.01804336827062025,4.0313675224027176e-16
canonical,0,0,recovered,131,0.014112374511943913,7.64820799626437e-16
canonical,0,0,raw,132,0.003846500068812767,6.890136282910747e-16
canonical,0,0,recovered,132,0.005173845244947886,1.7041837256661002e-16
canonical,0,0,raw,133,0.01331363423403975,2.9000509178109286e-16
canonical,0,0,recovered,133,0.011444742156492597,2.743476283194496e-16
canonical,0,0,raw,134,0.017589617928642578,5.931388574841496e-16
canonical,0,0,recovered,134,0.009793079556256768,3.24204949420977e-16
canonical,0,0,raw,135,0.012534591048676406,8.169556681037726e-16
canonical,0,0,recovered,135,0.008626254241080166,2.1575465232571448e-16
canonical,0,0,raw,136,0.008325185697440193,2.428998598740049e-16
canonical,0,0,recovered,136,0.004137987251978319,5.600232410708516e-16
canonical,0,0,raw,137,0.014233488608552048,6.759851607293048e-16
canonical,0,0,recovered,137,0.015173299272107726,5.222108357372406e-16
canonical,0,0,raw,138,0.011856418410369053,3.831934315347593e-16
canonical,0,0,recovered,138,0.003348899031626017,2.7054961251168554e-16
canonical,0,0,raw,139,0.010333182645685545,3.839464688145372e-16
canonical,0,0,recovered,139,0.009064615388483953,4.2203613713674627e-16
canonical,0,0,raw,140,0.008798252822770788,4.150722418505261e-16
canonical,0,0,recovered,140,0.007717623099779604,5.338419490556617e-16
canonical,0,0,raw,141,0.01140251364787308,4.831305367767873e-16
canonical,0,0,recovered,141,0.016335963781428094,3.501827334920631e-16
canonical,0,0,raw,142,0.0074994293572699594,3.793014631570413e-16
canonical,0,0,recovered,142,0.014256301329549154,2.1037076240697059e-16
canonical,0,0,raw,143,0.016935442853266407,2.161404278923207e-16
canonical,0,0,recovered,143,0.004379474026632344,5.129791184524944e-16
canonical,0,0,raw,144,0.004552684392869543,6.397814458805833e-16
canonical,0,0,recovered,144,0.008798199639902403,3.5078643759739245e-16
canonical,0,0,raw,145,0.009368719784551048,3.359479116974253e-16
canonical,0,0,recovered,145,0.01144246032324458,4.298357218385407e-16
canonical,0,0,raw,146,0.006272066106788419,6.541264773207715e-16
canonical,0,0,recovered,146,0.010760677596563935,5.979848256585448e-16
canonical,0,0,raw,147,0.014969222071295946,2.86329890996952e-16
canonical,0,0,recovered,147,-0.0005722538147039845,0.0006607817879284801
canonical,0,0,raw,148,0.011627942773070981,2.5620961366006384e-16
canonical,0,0,recovered,148,0.018133947384856648,2.8019157380335657e-16
canonical,0,0,raw,149,0.016297225774502343,1.3858712221249797e-16
canonical,0,0,recovered,149,0.012583785887346655,2.9559988348030856e-16
canonical,0,0,raw,150,0.011030305736153639,6.110801979340125e-16
canonical,0,0,recovered,150,0.01004887562784832,5.066465499325476e-16
canonical,0,0,raw,151,0.014143670112073955,3.3944113932406965e-16
canonical,0,0,recovered,151,0.01280812100864346,7.383872432053089e-16
canonical,0,0,raw,152,0.01338371367946517,3.4848355998696816e-16
canonical,0,0,recovered,152,0.02007848235153211,4.645902330214146e-16
canonical,0,0,raw,153,0.017610840057055422,1.4364463609338792e-16
canonical,0,0,recovered,153,0.012869492367994373,6.010250466657393e-16
canonical,0,0,raw,154,0.01800490482807014,6.3807765583526795e-16
canonical,0,0,recovered,154,0.011122909234497543,3.800351171086878e-16
canonical,0,0,raw,155,0.010018957475085698,5.988126237453192e-16
canonical,0,0,recovered,155,0.01591387926036437,3.905161976963972e-16
canonical,0,0,raw,156,0.014451928863017416,3.5254600445163893e-16
canonical,0,0,recovered,156,0.01177787989387823,6.432249034833619e-16
canonical,0,0,raw,157,0.003815076911387142,4.722830460461755e-16
canonical,0,0,recovered,157,-0.005853691161673664,0.0067592603358904695
canonical,0,0,raw,158,0.013083671856198409,4.545203101053439e-16
canonical,0,0,recovered,158,0.004532680205777844,4.46339158978065e-16
canonical,0,0,raw,159,0.011314245375935882,1.7442491435696443e-16
canonical,0,0,recovered,159,0.009204310793664202,6.378134971415727e-16
canonical,0,0,raw,160,0.012470791600535349,5.0396348104761e-16
canonical,0,0,recovered,160,0.009757806272544125,5.470959793857451e-16
canonical,0,0,raw,161,0.005521444525502909,1.4781839219860568e-16
canonical,0,0,recovered,161,-0.004912518077078553,0.0056724872684003
canonical,0,0,raw,162,0.013714613741211966,2.3449906995671164e-16
canonical,0,0,recovered,162,0.014639508756647913,4.2354093859306875e-16
canonical,0,0,raw,163,0.00421871071132262,4.818201056956093e-16
canonical,0,0,recovered,163,0.008424625640067246,7.523444417399431e-16
canonical,0,0,raw,164,0.0033180561425766937,8.402673997223092e-16
canonical,0,0,recovered,164,0.004943604423188241,3.2723341043959784e-16
canonical,0,0,raw,165,0.005951417054216336,2.264428849324728e-16
canonical,0,0,recovered,165,0.011724443326340322,3.4704876299609073e-16
canonical,0,0,raw,166,0.017421036210865742,3.7359435879420153e-16
canonical,0,0,recovered,166,0.015677814640169478,4.352587652677027e-16
canonical,0,0,raw,167,0.013816753997726463,2.827093703068599e-16
canonical,0,0,recovered,167,0.001225348620941948,4.1364053535257236e-16
canonical,0,0,raw,168,0.022059100014625133,6.035541499473707e-16
canonical,0,0,recovered,168,0.005981422926186776,8.010669114161856e-16
canonical,0,0,raw,169,0.013604195011761421,6.432015110412903e-17
canonical,0,0,recovered,169,0.013609206669523373,4.539915839382245e-16
canonical,0,0,raw,170,0.0004020754005650232,9.25398558904557e-16
canonical,0,0,recovered,170,0.01365395365102819,3.8494448122731826e-16
canonical,0,0,raw,171,0.007868524979446217,3.1093617841937753e-16
canonical,0,0,recovered,171,0.009093226116473476,3.476692698319055e-16
canonical,0,0,raw,172,0.01304615808738518,6.207281565008803e-16
canonical,0,0,recovered,172,0.006520572814561268,3.6117311459183976e-16
canonical,0,0,raw,173,0.004997582719731656,7.509031774264236e-16
canonical,0,0,recovered,173,0.012055678216884837,3.677993475937242e-16
canonical,0,0,raw,174,0.006085148436557595,1.717376241217039e-16
canonical,0,0,recovered,174,0.01199221082456556,6.930828172974846e-16
canonical,0,0,raw,175,0.005213806105725574,2.0189323384359677e-16
canonical,0,0,recovered,175,0.008588125587157597,5.799651084738769e-16
canonical,0,0,raw,176,0.011292838212177978,5.019836154208886e-16
canonical,0,0,recovered,176,0.013331231695606193,7.071746756223567e-16
canonical,0,0,raw,177,0.019054012875246093,2.9039511971267293e-16
canonical,0,0,recovered,177,0.010539833943329295,3.403088003581512e-16
canonical,0,0,raw,178,0.016598582010830816,3.054523686835158e-16
canonical,0,0,recovered,178,0.008727193945803862,2.355474072080341e-16
canonical,0,0,raw,179,0.0174319518692433,3.748899660166656e-16
canonical,0,0,recovered,179,0.005035971227088492,2.316521696601575e-16
canonical,0,0,raw,180,0.01832652318611271,1.6628516294510862e-16
canonical,0,0,recovered,180,0.004992897345230546,3.375370549590041e-16
canonical,0,0,raw,181,0.001630317801910958,1.7927865667146023e-16
canonical,0,0,recovered,181,0.006285509338955808,1.6479473574033003e-16
canonical,0,0,raw,182,0.007555921862991553,2.6517417532575027e-16
canonical,0,0,recovered,182,0.0012064421695296703,6.012537553796221e-16
canonical,0,0,raw,183,0.008633574352492474,6.742484637472619e-16
canonical,0,0,recovered,183,0.0066423815118956415,6.826869742764905e-16
canonical,0,0,raw,184,0.017551461392382454,2.9879439773481393e-16
canonical,0,0,recovered,184,0.011284438349481403,2.5124761330772827e-16
canonical,0,0,raw,185,0.014022034207486014,3.3901070632658146e-16
canonical,0,0,recovered,185,0.006889060276090332,4.948011740157286e-16
canonical,0,0,raw,186,0.006401276315229693,4.096961157052528e-16
canonical,0,0,recovered,186,0.01421791401073997,8.615068552321631e-16
canonical,0,0,raw,187,0.009081213859156643,1.7014997874678667e-16
canonical,0,0,recovered,187,0.0049235725527480905,1.3649274843825321e-16
canonical,0,0,raw,188,0.007582337536515064,6.090781862835962e-16
canonical,0,0,recovered,188,0.00802240266264955,3.2621104818578877e-16
canonical,0,0,raw,189,0.012668181993855583,2.5328689245244706e-16
canonical,0,0,recovered,189,0.01955976436610152,3.628455207452136e-16
canonical,0,0,raw,190,0.00540243437832055,2.595705899382359e-16
canonical,0,0,recovered,190,0.0023439562638087417,3.4424810483361915e-16
canonical,0,0,raw,191,0.012811092839884151,3.4193185765540863e-16
canonical,0,0,recovered,191,0.009297439824585202,4.073869140406697e-16
canonical,0,0,raw,192,0.0044286290188913936,6.02868821728325e-16
canonical,0,0,recovered,192,0.016800977277355102,4.3966196148668013e-16
canonical,0,0,raw,193,0.006577376864564213,7.531217611735284e-16
canonical,0,0,recovered,193,0.013375843012841575,2.6143385667423967e-16
canonical,0,0,raw,194,0.015254503660305039,6.234904984646435e-16
canonical,0,0,recovered,194,0.014298431492608175,5.028102802938745e-16
canonical,0,0,raw,195,0.011757186729216856,2.735332095619217e-16
canonical,0,0,recovered,195,0.018611711843319643,2.030515873800975e-16
canonical,0,0,raw,196,0.017100600585179322,7.104846904564855e-16
canonical,0,0,recovered,196,0.0018144470989597903,2.7070719735596034e-16
canonical,0,0,raw,197,0.01792308916539987,2.5501564737207624e-16
canonical,0,0,recovered,197,0.010786665859110272,2.932569569189632e-16
canonical,0,0,raw,198,0.020421548414266407,2.158731201526737e-16
canonical,0,0,recovered,198,0.008490805950126688,2.690948730150205e-16
canonical,0,0,raw,199,0.010864063582285515,3.178286103910573e-16
canonical,0,0,recovered,199,0.008784084158141641,1.503916213902809e-16
canonical,0,0,raw,200,0.014834503501754782,6.629887685592774e-16
canonical,0,0,recovered,200,0.01578877121932847,3.3730092418521516e-16
canonical,0,0,raw,201,0.018558329185557887,5.225292095595193e-16
canonical,0,0,recovered,201,0.009337429275623668,5.410530988636837e-16
canonical,0,0,raw,202,0.013683727116042673,4.979318375353894e-16
canonical,0,0,recovered,202,0.009295070310965556,3.2934471589197847e-16
canonical,0,0,raw,203,0.00584109216515439,1.5517542985092437e-16
canonical,0,0,recovered,203,0.00867666591886018,1.4437079148255767e-16
canonical,0,0,raw,204,0.005929612959143126,3.1328933079636547e-16
canonical,0,0,recovered,204,0.004143954217834017,2.8978515426395275e-16
canonical,0,0,raw,205,0.014945027793704697,2.649119274358244e-16
canonical,0,0,recovered,205,0.009180645477169973,2.1639328215976572e-16
canonical,0,0,raw,206,0.013756768949941742,3.208075266423285e-16
canonical,0,0,recovered,206,0.00950443122014005,5.132521931970036e-16
canonical,0,0,raw,207,0.017928398667197316,3.539789754057312e-16
canonical,0,0,recovered,207,0.005535152401617847,4.1433946029273203e-16
canonical,0,0,raw,208,0.012618417866142954,2.563204362099731e-16
canonical,0,0,recovered,208,0.011350327044584437,3.683526101075464e-16
canonical,0,0,raw,209,0.00420213816944797,6.151213166630646e-16
canonical,0,0,recovered,209,-0.003263753807535873,0.003768658278699008
canonical,0,0,raw,210,0.015468064807661656,2.590182362257056e-16
canonical,0,0,recovered,210,-0.0025337204540807822,0.002925688372429405
canonical,0,0,raw,211,-0.0010432158592402437,0.001204601914310396
canonical,0,0,recovered,211,0.007541851113256675,1.6772874035602594e-16
canonical,0,0,raw,212,0.0027952117866677662,2.7185737647024294e-16
canonical,0,0,recovered,212,0.011831946601899802,4.85614140953085e-16
canonical,0,0,raw,213,0.00742902235631253,3.785504888494773e-16
canonical,0,0,recovered,213,0.013249336222006908,4.0014340404702443e-16
canonical,0,0,raw,214,0.006844670607347143,5.148129860737593e-16
canonical,0,0,recovered,214,0.007964454648396726,4.087617614443662e-16
canonical,0,0,raw,215,0.017842651942464965,5.09599934041029e-16
canonical,0,0,recovered,215,0.009462153842723508,2.5217712819366685e-16
canonical,0,0,raw,216,0.01571078421870182,4.871670608669386e-16
canonical,0,0,recovered,216,0.014469619043374361,3.592402749077004e-16
canonical,0,0,raw,217,0.012673573825678117,3.1890674857078637e-16
canonical,0,0,recovered,217,0.011434493010738334,4.441065224028235e-16
canonical,0,0,raw,218,-0.0009601990560972977,0.0011087423670267057
canonical,0,0,recovered,218,0.006945728234249118,5.879983340424828e-16
canonical,0,0,raw,219,0.002103467818368173,2.258449078378875e-16
canonical,0,0,recovered,219,0.007178970549923651,2.7474495976454144e-16
canonical,0,0,raw,220,0.013979919088279974,5.492689765231113e-16
canonical,0,0,recovered,220,0.009463675654398084,3.526340190006325e-16
canonical,0,0,raw,221,0.00994199200210558,2.9573734447186974e-16
canonical,0,0,recovered,221,0.011227640839797635,7.361431595488375e-16
canonical,0,0,raw,222,0.004753346283890837,1.9657300002741551e-16
canonical,0,0,recovered,222,0.011768105652497524,6.096529648907296e-16
canonical,0,0,raw,223,0.0036080990334986483,3.122169825688031e-16
canonical,0,0,recovered,223,0.02090183822996913,4.182613101676518e-16
canonical,0,0,raw,224,0.012360650659242632,3.84498264283964e-16
canonical,0,0,recovered,224,0.0039083743654434264,4.661952347241071e-16
canonical,0,0,raw,225,0.009197406149619534,2.4328405095386915e-16
canonical,0,0,recovered,225,0.0020239038267055092,2.681803386609956e-16
canonical,0,0,raw,226,0.009420208032155927,5.692533478576236e-16
canonical,0,0,recovered,226,0.005344630973953723,8.217070344590904e-16
canonical,0,0,raw,227,0.003287111366593195,5.315744129086815e-16
canonical,0,0,recovered,227,0.007859162333782735,4.59905015231387e-16
canonical,0,0,raw,228,0.006229428175573505,4.656181683994141e-16
canonical,0,0,recovered,228,0.006872954832207263,4.1023714517591555e-16
canonical,0,0,raw,229,0.015611989000216481,2.6678459481889877e-16
canonical,0,0,recovered,229,0.0033326097150998784,3.193469969384577e-16
canonical,0,0,raw,230,0.010353705226131462,5.743135063689453e-16
canonical,0,0,recovered,230,0.00937411577741525,2.599548751638012e-16
canonical,0,0,raw,231,0.0056329801309740555,3.7198672385002653e-16
canonical,0,0,recovered,231,0.011198500798073318,5.839535043972553e-16
canonical,0,0,raw,232,0.004207364007101186,5.439755103330479e-16
canonical,0,0,recovered,232,0.008146907801643982,4.1626315512768863e-16
canonical,0,0,raw,233,0.00042666979633604194,5.691202652648898e-16
canonical,0,0,recovered,233,0.00031801457214388536,1.8421893482426692e-16
canonical,0,0,raw,234,0.011444096155711413,3.861995710200391e-16
canonical,0,0,recovered,234,0.008154062765927277,5.81312928881788e-16
canonical,0,0,raw,235,0.008034276389249646,7.450420233289459e-16
canonical,0,0,recovered,235,0.007237224969170992,3.675823716618583e-16
canonical,0,0,raw,236,0.005013537805232751,5.273490043554218e-16
canonical,0,0,recovered,236,0.005339943950327643,6.880716350315022e-16
canonical,0,0,raw,237,0.008908148907366763,2.4015428097486093e-16
canonical,0,0,recovered,237,0.00807634567321891,5.75562649635076e-16
canonical,0,0,raw,238,0.012517955552132873,5.725027705587143e-16
canonical,0,0,recovered,238,0.011538090910893153,2.0966866635946291e-16
canonical,0,0,raw,239,0.008323833128924152,9.66378000214672e-16
canonical,0,0,recovered,239,0.015750544175292275,4.610466193156152e-16
canonical,0,0,raw,240,0.01955384408755229,2.0240402347625828e-16
canonical,0,0,recovered,240,0.013907206439441218,2.4079873965819936e-16
canonical,0,0,raw,241,0.012127334828566807,2.959121234183777e-16
canonical,0,0,recovered,241,0.004221486102376259,2.629522661416704e-16
canonical,0,0,raw,242,0.013075393708799003,6.311673344063804e-16
canonical,0,0,recovered,242,0.01028731113491709,1.5551072740743327e-16
canonical,0,0,raw,243,0.013163610700125544,4.231402036853462e-16
canonical,0,0,recovered,243,0.012739250114168967,5.421258054886989e-16
canonical,0,0,raw,244,0.006361546390742223,4.828904539652958e-16
canonical,0,0,recovered,244,0.00343466343804421,3.0025314844101726e-16
canonical,0,0,raw,245,0.01396695073685388,1.823845912887629e-16
canonical,0,0,recovered,245,0.006622485192727961,4.9237974220621555e-16
canonical,0,0,raw,246,0.008814193726606304,2.7482983195399313e-16
canonical,0,0,recovered,246,0.01252052964371106,3.0155629961469863e-16
canonical,0,0,raw,247,0.011405240318022689,8.244838535404767e-16
canonical,0,0,recovered,247,0.004318561526601566,3.603848880256612e-16
canonical,0,0,raw,248,0.012355879820647803,4.0740815039518306e-16
canonical,0,0,recovered,248,0.006897133201900048,6.139077263329709e-16
canonical,0,0,raw,249,0.014552123794174726,3.4286689919334373e-16
canonical,0,0,recovered,249,0.009298985572456198,2.54537837158425e-16
canonical,0,0,raw,250,0.01213258812544315,5.503463198546028e-16
canonical,0,0,recovered,250,0.01363099145914018,4.3618767196255717e-16
canonical,0,0,raw,251,0.012444969847647567,5.270316462725457e-16
canonical,0,0,recovered,251,0.008353776823711842,4.920605961489329e-16
canonical,0,0,raw,252,0.0074953158949380184,5.644359425600431e-16
canonical,0,0,recovered,252,0.001830074624496176,2.6249857907176013e-16
canonical,0,0,raw,253,0.01409606539311017,4.113300151668126e-16
canonical,0,0,recovered,253,0.012323697200257394,3.2844885284544007e-16
canonical,0,0,raw,254,0.018505817981257795,3.9509445865276773e-16
canonical,0,0,recovered,254,0.013098670098037666,4.488278531140027e-16
canonical,0,0,raw,255,0.006989179648225312,6.767823749651305e-16
canonical,0,0,recovered,255,0.01517377866199568,2.419084171473989e-16
canonical,0,0,raw,256,0.004975813048934692,4.0527610629706764e-16
canonical,0,0,recovered,256,0.012071809589039322,3.3797292982632755e-16
canonical,0,0,raw,257,0.010381686939909266,5.416665373168796e-16
canonical,0,0,recovered,257,0.012012106742636372,2.623923370883573e-16
canonical,0,0,raw,258,0.008284683522388574,3.9381673573174417e-16
canonical,0,0,recovered,258,0.013825934808169998,4.752059049623804e-16
canonical,0,0,raw,259,0.016439446249500073,5.953689094924049e-16
canonical,0,0,recovered,259,0.01136780691088267,2.2926997610904557e-16
canonical,0,0,raw,260,0.009417821118031092,2.6830023685267834e-16
canonical,0,0,recovered,260,0.005536927778651883,6.00213167196831e-16
canonical,0,0,raw,261,0.018473480684240193,3.891778999865147e-16
canonical,0,0,recovered,261,0.015863727902862716,4.89250552107035e-16
canonical,0,0,raw,262,0.0038378009815249626,5.035724024638653e-16
canonical,0,0,recovered,262,0.014447881718615715,3.6231149987738744e-16
canonical,0,0,raw,263,0.016983267156125952,2.4470210050916793e-16
canonical,0,0,recovered,263,0.011525226131637433,5.039492059511263e-16
canonical,0,0,raw,264,0.007842671076097023,3.2132654000053196e-16
canonical,0,0,recovered,264,0.012028674833632258,4.77980460316002e-16
canonical,0,0,raw,265,0.004520102814584081,6.983259250903676e-16
canonical,0,0,recovered,265,0.002903909795055837,2.4728709800885404e-16
canonical,0,0,raw,266,0.01388766652240005,4.420065810866361e-16
canonical,0,0,recovered,266,0.00670121934758482,3.457217280924438e-16
canonical,0,0,raw,267,0.009916569246128982,6.796477996908026e-16
canonical,0,0,recovered,267,0.013634459027205859,4.079902187645093e-16
canonical,0,0,raw,268,0.011059996587700556,5.244049987606466e-16
canonical,0,0,recovered,268,0.018061314418631142,2.8163824641609737e-16
canonical,0,0,raw,269,0.009268594845098886,4.68878820357726e-16
canonical,0,0,recovered,269,0.008748998476056175,5.973978763351619e-16
canonical,0,0,raw,270,0.00450187862455026,4.3322857504544376e-16
canonical,0,0,recovered,270,0.009443619084056915,3.0591259513492297e-16
canonical,0,0,raw,271,0.011116062861382501,4.1435614170570483e-16
canonical,0,0,recovered,271,0.009791192762443474,4.668570022523655e-16
canonical,0,0,raw,272,0.012450330284327618,2.4491107166049987e-16
canonical,0,0,recovered,272,0.006790321499277951,1.7029030318238726e-16
canonical,0,0,raw,273,0.0007390089189790021,6.723516633359666e-16
canonical,0,0,recovered,273,0.005091490818753253,3.4284166503739655e-16
canonical,0,0,raw,274,0.018789184558459897,2.169386623889332e-16
canonical,0,0,recovered,274,0.010530700872757663,3.735028489468411e-16
canonical,0,0,raw,275,0.010664435354077791,7.960362087607714e-16
canonical,0,0,recovered,275,0.007135123312866061,2.770662476741321e-16
canonical,0,0,raw,276,0.012033512614047262,3.1802135561016536e-16
canonical,0,0,recovered,276,0.011691171858979004,2.683563111808335e-16
canonical,0,0,raw,277,0.012780974786450123,5.153118829993737e-16
canonical,0,0,recovered,277,0.013544266088037559,2.917979436632578e-16
canonical,0,0,raw,278,0.014416010358931666,5.440903085626671e-16
canonical,0,0,recovered,278,0.0032507441956390487,5.576818967798099e-16
canonical,0,0,raw,279,0.008758620012051854,2.963790733112489e-16
canonical,0,0,recovered,279,0.003658080227114465,7.030885823118497e-16
canonical,0,0,raw,280,0.021633511985932094,6.267314286703675e-16
canonical,0,0,recovered,280,0.005537262589977103,6.022802303753948e-16
canonical,0,0,raw,281,0.012154402394124186,2.8081162781960643e-16
canonical,0,0,recovered,281,0.009690160152524262,4.308985547574316e-16
canonical,0,0,raw,282,0.008787323875371749,3.1133831484006275e-16
canonical,0,0,recovered,282,0.007603568102303648,2.962900984175083e-16
canonical,0,0,raw,283,0.010932247398416601,6.572072635911655e-16
canonical,0,0,recovered,283,0.005354848808964137,2.832058113395446e-16
canonical,0,0,raw,284,0.01734469711550871,2.3433619800946957e-16
canonical,0,0,recovered,284,0.011530633809532832,5.200790233413466e-16
canonical,0,0,raw,285,0.009643289539772667,2.0293855187746185e-16
canonical,0,0,recovered,285,0.010567592935700674,2.628621280002403e-16
canonical,0,0,raw,286,0.013484865493095131,3.475965776670373e-16
canonical,0,0,recovered,286,0.011107655813189144,2.050104467975633e-16
canonical,0,0,raw,287,0.011186035779907904,1.0305471171182279e-15
canonical,0,0,recovered,287,0.006162057628179689,3.923347618825274e-16
canonical,0,0,raw,288,0.011517944127912638,7.711523904602972e-16
canonical,0,0,recovered,288,0.008967926277257933,2.883987561070092e-16
canonical,0,0,raw,289,0.00840593022986744,2.685434182731084e-16
canonical,0,0,recovered,289,0.008587563710842672,8.672722324809019e-16
canonical,0,0,raw,290,0.008814077838046564,3.228898966499432e-16
canonical,0,0,recovered,290,0.0019354541880536977,3.137104841120284e-16
canonical,0,0,raw,291,0.012766048776580758,3.1111638046130163e-16
canonical,0,0,recovered,291,0.0053617774489542564,2.044417799157639e-16
canonical,0,0,raw,292,0.010643862603836039,3.359468537836317e-16
canonical,0,0,recovered,292,0.004179609800550755,4.672403697788749e-16
canonical,0,0,raw,293,0.010031677428440518,7.965797762573774e-16
canonical,0,0,recovered,293,0.0034150629840778678,2.818678043341783e-16
canonical,0,0,raw,294,0.01324982202372986,2.186525872709023e-16
canonical,0,0,recovered,294,0.005343380856241165,4.509631511969208e-16
canonical,0,0,raw,295,0.01685125686853259,4.003003630257611e-16
canonical,0,0,recovered,295,0.008639383274386481,5.192056632990034e-16
canonical,0,0,raw,296,0.00797256495619616,1.9487960274349545e-16
canonical,0,0,recovered,296,0.007494184386681092,2.06921681784542e-16
canonical,0,0,raw,297,0.0072286944094879365,1.833931740459038e-16
canonical,0,0,recovered,297,0.005529747240937695,2.957061202134307e-16
canonical,0,0,raw,298,0.0035677598877320183,1.2309395672452522e-16
canonical,0,0,recovered,298,0.009420749708189253,4.663762406772491e-16
canonical,0,0,raw,299,0.013249185340050276,4.4020573609278045e-16
canonical,0,0,recovered,299,0.003034288516564835,4.95040965604526e-16
canonical,0,0,raw,300,0.007558497020320859,2.833315481318796e-16
canonical,0,0,recovered,300,0.011350396665616097,2.2073461587128442e-16
canonical,0,0,raw,301,0.010556005849882007,4.61966930006939e-16
canonical,0,0,recovered,301,0.008854628046878744,1.4365314652541222e-16
canonical,0,0,raw,302,0.01569961489926079,3.429190073336903e-16
canonical,0,0,recovered,302,0.009594682834039988,5.738337040687163e-16
canonical,0,0,raw,303,0.010249385113198386,2.849882280411635e-16
canonical,0,0,recovered,303,0.01901477888535645,4.003353649427936e-16
canonical,0,0,raw,304,0.014891339088747365,3.191844056224343e-16
canonical,0,0,recovered,304,0.015660248217196505,6.565969175153283e-16
canonical,0,0,raw,305,0.008525348330119318,4.130882556682243e-16
canonical,0,0,recovered,305,0.01456591264566473,3.724687842873684e-16
canonical,0,0,raw,306,0.013108278962956098,1.721043827824378e-16
canonical,0,0,recovered,306,0.017147839276834973,2.4466309072956135e-16
canonical,0,0,raw,307,0.012433807299004096,1.8195173760495603e-16
canonical,0,0,recovered,307,0.015953146350805667,2.6789071419231704e-16
canonical,0,0,raw,308,0.011844868440813101,2.819645326099454e-16
canonical,0,0,recovered,308,0.013409210163573212,3.0482305034244016e-16
canonical,0,0,raw,309,0.016638161936258604,2.9336302095646214e-16
canonical,0,0,recovered,309,0.005611283000119386,5.189186868031307e-16
canonical,0,0,raw,310,0.004983103091513837,5.21238310370803e-16
canonical,0,0,recovered,310,0.010223542574802248,2.3844088116642e-16
canonical,0,0,raw,311,0.017913834058455414,1.8447094213085278e-16
canonical,0,0,recovered,311,0.006522845029074276,4.566995198105807e-16
canonical,0,0,raw,312,0.008796385476586737,3.0935280507868027e-16
canonical,0,0,recovered,312,0.012631486934935647,4.3824414761650415e-16
canonical,0,0,raw,313,0.015467543046635258,1.6989776690614849e-16
canonical,0,0,recovered,313,0.006931741529908141,1.2997228611204933e-15
canonical,0,0,raw,314,-0.0012766586065376772,0.0014741583802957558
canonical,0,0,recovered,314,0.011273304446936685,5.461936367086891e-16
canonical,0,0,raw,315,0.013259725054880418,3.8931138120857234e-16
canonical,0,0,recovered,315,0.004451976716477231,4.3457722838565577e-16
canonical,0,0,raw,316,0.020602269163669883,5.669003596529981e-16
canonical,0,0,recovered,316,0.006702042695961604,3.9181380473972797e-16
canonical,0,0,raw,317,0.0021833869490907806,5.692550204855122e-16
canonical,0,0,recovered,317,0.010144086182787174,2.905014465269212e-16
canonical,0,0,raw,318,0.020439384284267652,3.3205358506680413e-16
canonical,0,0,recovered,318,0.002955092231243194,2.754867048600077e-16
canonical,0,0,raw,319,0.009504784205509112,3.851868665080363e-16
canonical,0,0,recovered,319,0.008041485012984259,2.8137367183195763e-16
canonical,0,0,raw,320,0.004924343970973528,2.903836740114426e-16
canonical,0,0,recovered,320,0.008080184651973825,5.389011384006534e-16
canonical,0,0,raw,321,0.007412169317311392,4.856428004200517e-16
canonical,0,0,recovered,321,0.011988489372728305,2.519861255839014e-16
canonical,0,0,raw,322,0.012968845469831757,2.533171497047766e-16
canonical,0,0,recovered,322,0.010156121290333383,3.9336169704716277e-16
canonical,0,0,raw,323,0.00685301460594869,4.3978447697765704e-16
canonical,0,0,recovered,323,0.00681797363961823,1.968550507518055e-16
canonical,0,0,raw,324,0.01451597219748525,7.470866556526938e-16
canonical,0,0,recovered,324,0.012503391621312516,3.154699557054015e-16
canonical,0,0,raw,325,0.00560346162701876,3.0163019839381643e-16
canonical,0,0,recovered,325,0.014354974262144318,3.407550666102452e-16
canonical,0,0,raw,326,0.004658990037264269,4.866533209565321e-16
canonical,0,0,recovered,326,0.0096403031571284,4.600448811220742e-16
canonical,0,0,raw,327,0.011179378242218705,2.3446899129384437e-16
canonical,0,0,recovered,327,0.004535277296200234,2.8333673671455415e-16
canonical,0,0,raw,328,0.0040347962666208255,5.436919220702513e-16
canonical,0,0,recovered,328,0.012715729261055032,4.813221733910787e-16
canonical,0,0,raw,329,0.009790944533784336,3.359467920035501e-16
canonical,0,0,recovered,329,0.011771000543773918,3.649096616082342e-16
canonical,0,0,raw,330,0.012421595619148216,5.124372120355601e-16
canonical,0,0,recovered,330,0.008513571994213954,2.0840520509687438e-16
canonical,0,0,raw,331,0.007292021889242566,3.996345088181344e-16
canonical,0,0,recovered,331,0.005926533917288074,9.228293264970771e-16
canonical,0,0,raw,332,0.004758858985918464,6.726668487991075e-17
canonical,0,0,recovered,332,0.01311326331458511,4.038628497780306e-16
canonical,0,0,raw,333,0.010423310287496759,4.987566155358608e-16
canonical,0,0,recovered,333,0.006812107615720436,4.460994338321858e-16
canonical,0,0,raw,334,0.015147077980765328,6.481802015392854e-16
canonical,0,0,recovered,334,0.006669551162550924,4.459724063324742e-16
canonical,0,0,raw,335,0.006172742671608974,6.054669540814981e-16
canonical,0,0,recovered,335,0.002412129950034293,5.021852186077614e-16
canonical,0,0,raw,336,0.0027772578505239134,3.974888040411844e-16
canonical,0,0,recovered,336,0.008273065441413392,4.642557247380832e-16
canonical,0,0,raw,337,0.010527774744096422,2.841837637207832e-16
canonical,0,0,recovered,337,0.007029646967969514,6.240664125978894e-16
canonical,0,0,raw,338,0.019145486634258694,6.037029492767e-16
canonical,0,0,recovered,338,0.0106354718079804,3.834433309378079e-16
canonical,0,0,raw,339,0.021052004935332973,3.89840748250286e-16
canonical,0,0,recovered,339,0.0040065868867000115,2.11296511660063e-16
canonical,0,0,raw,340,0.009705634912946777,3.836339349276033e-16
canonical,0,0,recovered,340,0.012125712616717304,3.889075357573963e-16
canonical,0,0,raw,341,0.015598062452674644,4.209350391687656e-16
canonical,0,0,recovered,341,0.011876058659780593,1.4214581012805901e-16
canonical,0,0,raw,342,0.010845305577342323,1.7794898982754312e-16
canonical,0,0,recovered,342,0.0021610646228188545,7.082069381756362e-16
canonical,0,0,raw,343,0.012497892079864771,1.1383947272249833e-15
canonical,0,0,recovered,343,0.014167526527418622,4.831870538764112e-16
canonical,0,0,raw,344,0.009824155702977096,6.333570199820005e-16
canonical,0,0,recovered,344,0.006913901948955788,4.810183631037127e-16
canonical,0,0,raw,345,0.009363689885439688,2.962407798239387e-16
canonical,0,0,recovered,345,0.017845419220818427,2.901192118781492e-16
canonical,0,0,raw,346,0.012809526727185936,3.6410304911056804e-16
canonical,0,0,recovered,346,0.006728516782191404,6.036769154493527e-16
canonical,0,0,raw,347,0.016066170961407663,2.6919322975983455e-16
canonical,0,0,recovered,347,0.009937714996836993,7.389354593103281e-16
canonical,0,0,raw,348,0.015040570875800623,4.1740572696025204e-16
canonical,0,0,recovered,348,0.012134383854983045,4.92486684925484e-16
canonical,0,0,raw,349,-0.0017109389737814647,0.00197562215415936
canonical,0,0,recovered,349,0.014279418833649303,3.9209547618339103e-16
canonical,0,0,raw,350,0.010716473449107384,4.1888644483695905e-16
canonical,0,0,recovered,350,0.013014582451895088,7.865141832141778e-16
canonical,0,0,raw,351,0.010135376920830665,5.294758560714889e-16
canonical,0,0,recovered,351,0.013365040460685297,1.8640610733587716e-16
canonical,0,0,raw,352,0.007396854622985004,3.13465817608949e-16
canonical,0,0,recovered,352,0.0073665919112430745,5.327057879027212e-16
canonical,0,0,raw,353,0.018422068743659866,1.567850812615901e-16
canonical,0,0,recovered,353,0.015494152600126652,5.5169831826557085e-16
canonical,0,0,raw,354,0.008446748847930756,5.050586069250201e-16
canonical,0,0,recovered,354,0.01130949108302299,2.912311941809971e-16
canonical,0,0,raw,355,0.014059505225513944,2.3713501773460704e-16
canonical,0,0,recovered,355,0.00788783936651498,3.7626758022638734e-16
canonical,0,0,raw,356,0.004249351663902996,2.1291369195127584e-16
canonical,0,0,recovered,356,0.005307170467470486,2.523664957256409e-16
canonical,0,0,raw,357,0.011539166343274879,3.4121893918750457e-16
canonical,0,0,recovered,357,0.007104291124279868,1.9954227741840592e-16
canonical,0,0,raw,358,0.019131404808467107,3.587377111063622e-16
canonical,0,0,recovered,358,0.014112673405227892,1.1606175162057737e-15
canonical,0,0,raw,359,0.013655299829229457,4.0220943226786435e-16
canonical,0,0,recovered,359,0.018996912280785122,3.0501179719299764e-16
canonical,0,0,raw,360,0.010580836981396778,6.029736357127891e-16
canonical,0,0,recovered,360,0.011844193521660188,2.688849367029381e-16
canonical,0,0,raw,361,0.014962495613939954,4.767177650111666e-16
canonical,0,0,recovered,361,-0.0019760794403351403,0.002281779993635121
canonical,0,0,raw,362,0.010485636948676028,1.9314336706995487e-16
canonical,0,0,recovered,362,0.0047835486447415036,4.375188753672154e-16
canonical,0,0,raw,363,0.01004779708272966,1.2737082348056252e-16
canonical,0,0,recovered,363,0.009128435727802461,1.6714248610854857e-16
canonical,0,0,raw,364,0.012520067280841877,4.4141565523064185e-16
canonical,0,0,recovered,364,0.017309782253577086,5.188734699124642e-16
canonical,0,0,raw,365,0.008697120964908715,4.242205876372535e-16
canonical,0,0,recovered,365,0.014471610543461282,2.954967909917557e-16
canonical,0,0,raw,366,0.009423349386883724,1.0273167042876175e-15
canonical,0,0,recovered,366,0.015446630176131203,3.574551259449572e-16
canonical,0,0,raw,367,0.007771121895139251,2.558481899510835e-16
canonical,0,0,recovered,367,0.010526368253161705,5.775189904530857e-16
canonical,0,0,raw,368,0.005087021663242251,2.9445062732565135e-16
canonical,0,0,recovered,368,0.012591315565279761,8.581380129635132e-16
canonical,0,0,raw,369,0.00782477130323165,4.110880893474172e-16
canonical,0,0,recovered,369,0.0031679281582754465,4.530506101402942e-16
canonical,0,0,raw,370,0.014129876847452823,1.1701229029351494e-16
canonical,0,0,recovered,370,0.008858178420218335,9.179746628474589e-16
canonical,0,0,raw,371,0.013436977235224547,4.71404920514305e-16
canonical,0,0,recovered,371,0.006615773596496681,5.450298232155027e-16
canonical,0,0,raw,372,0.01009264348726255,3.876099039128975e-16
canonical,0,0,recovered,372,0.013856146988232159,2.4080576912671267e-16
canonical,0,0,raw,373,0.010177998217505384,2.517800385767726e-16
canonical,0,0,recovered,373,0.005151057678491668,8.418930085895676e-16
canonical,0,0,raw,374,0.008797980510515897,5.706103399374967e-16
canonical,0,0,recovered,374,0.0018226111012046378,4.497379344028085e-16
canonical,0,0,raw,375,0.01639526210303705,6.690775965292252e-16
canonical,0,0,recovered,375,0.015444807016788398,3.8010402558258533e-16
canonical,0,0,raw,376,0.01471213081133396,4.4255233725883845e-16
canonical,0,0,recovered,376,0.011757787177594386,5.202335406341753e-16
canonical,0,0,raw,377,0.013782775609220426,3.398274130211709e-16
canonical,0,0,recovered,377,0.019349180337234033,3.7405886297995606e-16
canonical,0,0,raw,378,0.007567191954708479,8.191628939727536e-16
canonical,0,0,recovered,378,0.007005415681454576,3.741909519735541e-16
canonical,0,0,raw,379,0.0020004568259513324,5.660982419882531e-16
canonical,0,0,recovered,379,0.006537867320312542,4.729691029085469e-16
canonical,0,0,raw,380,0.002539154486100317,2.3742928497738033e-16
canonical,0,0,recovered,380,0.014628975791057755,5.677454050952568e-16
canonical,0,0,raw,381,0.01664866194314131,6.095211432037552e-16
canonical,0,0,recovered,381,0.00731359609196913,4.366494998221106e-16
canonical,0,0,raw,382,0.00787461725511594,6.018460264250982e-16
canonical,0,0,recovered,382,0.008520104196284815,2.3062445644690434e-16
canonical,0,0,raw,383,0.01669098610148445,4.677999563879178e-16
canonical,0,0,recovered,383,0.006537729404361239,4.884659887274302e-16
canonical,0,0,raw,384,0.012616876650375405,1.8966783785630244e-16
canonical,0,0,recovered,384,0.009658473044060175,2.2967486604332727e-16
canonical,0,0,raw,385,0.008185865084448182,5.365811957944843e-16
canonical,0,0,recovered,385,0.014312156985902874,2.6558452299223327e-16
canonical,0,0,raw,386,0.012972928469472466,4.595318996148563e-16
canonical,0,0,recovered,386,-0.00195837309590674,0.002261334468190772
canonical,0,0,raw,387,0.00797361878493768,9.05168973605917e-16
canonical,0,0,recovered,387,0.0078089276453198134,2.914497178111015e-16
canonical,0,0,raw,388,0.020327307133153897,4.334362107491728e-16
canonical,0,0,recovered,388,0.0076024385915411455,1.670836808219181e-16
canonical,0,0,raw,389,0.0077656559696102825,2.606108108280513e-16
canonical,0,0,recovered,389,0.011333881684962665,1.3873179183350662e-16
canonical,0,0,raw,390,0.010502077783966916,3.1111879857075565e-16
canonical,0,0,recovered,390,0.01388376008694846,5.648053582331386e-16
canonical,0,0,raw,391,0.00416486528929047,5.328207791421504e-16
canonical,0,0,recovered,391,0.011601363114642261,2.725349147516413e-16
canonical,0,0,raw,392,0.01538543076092833,2.096971030871549e-16
canonical,0,0,recovered,392,0.007933518928523111,3.388900357817768e-16
canonical,0,0,raw,393,0.021332022862484964,5.09847728749097e-16
canonical,0,0,recovered,393,0.008906581618466103,4.854018533176841e-16
canonical,0,0,raw,394,0.007434535467598338,5.891088902693606e-16
canonical,0,0,recovered,394,0.014404364192793303,5.927628465335539e-16
canonical,0,0,raw,395,0.010847432488575798,3.624365754035674e-16
canonical,0,0,recovered,395,0.008836643731139585,4.674351545574585e-16
canonical,0,0,raw,396,0.012885107340111909,6.513708355620669e-16
canonical,0,0,recovered,396,0.008215145105513393,3.9324501535926894e-16
canonical,0,0,raw,397,0.010888340787700528,5.038147389567001e-16
canonical,0,0,recovered,397,0.004299978574056504,5.104538280576348e-16
canonical,0,0,raw,398,0.009320030007188234,6.083493074138956e-16
canonical,0,0,recovered,398,0.011153999454010341,2.339602779609269e-16
canonical,0,0,raw,399,0.01410971922530358,5.108550786859978e-16
canonical,0,0,recovered,399,0.003964861496493325,2.576022380591281e-16
canonical,0,0,raw,400,0.014978336930377614,5.473949408494223e-16
canonical,0,0,recovered,400,0.009026462694056428,3.4880844722065047e-16
canonical,0,0,raw,401,0.008124458081351996,5.153145519167309e-16
canonical,0,0,recovered,401,0.015874449788808576,9.724487405149286e-16
canonical,0,0,raw,402,0.00795574753005399,3.249083482227021e-16
canonical,0,0,recovered,402,0.015489647677522056,3.9887372081625857e-16
canonical,0,0,raw,403,0.00932964245962346,2.458011504862371e-16
canonical,0,0,recovered,403,0.012504249137326095,3.7553157420994813e-16
canonical,0,0,raw,404,0.011437337471011054,3.9898121412623247e-16
canonical,0,0,recovered,404,0.009178489672932912,5.574710746987346e-16
canonical,0,0,raw,405,0.011314940507856768,2.615379710747504e-16
canonical,0,0,recovered,405,0.009487158638121518,3.284931480231211e-16
canonical,0,0,raw,406,0.010149402391475656,3.126793952688399e-16
canonical,0,0,recovered,406,0.009977628696546042,1.9115249930341778e-16
canonical,0,0,raw,407,0.0022281527099273107,4.784213558960597e-16
canonical,0,0,recovered,407,0.005371637891018053,8.680988990536452e-16
canonical,0,0,raw,408,0.014928753596012772,6.078207182059433e-16
canonical,0,0,recovered,408,0.006577924322189719,4.903736997937473e-16
canonical,0,0,raw,409,0.01356812036868354,2.4854359949026326e-16
canonical,0,0,recovered,409,0.00656066563972824,1.0192371386324902e-16
canonical,0,0,raw,410,0.017137536342268077,2.5741142500934757e-16
canonical,0,0,recovered,410,0.0056592057299645615,2.758053488067479e-16
canonical,0,0,raw,411,0.013127784107549945,2.8700140136958867e-16
canonical,0,0,recovered,411,0.008719228399034738,2.812981289032553e-16
canonical,0,0,raw,412,0.01316519066259581,6.647526368061862e-16
canonical,0,0,recovered,412,0.013081472529492707,3.7358630380646237e-16
canonical,0,0,raw,413,0.008241076952953424,2.708225045306142e-16
canonical,0,0,recovered,413,0.009872044061838026,4.913923850072239e-16
canonical,0,0,raw,414,0.012611141460452073,3.797821393898976e-16
canonical,0,0,recovered,414,0.013317606228554017,1.0817186735343552e-15
canonical,0,0,raw,415,0.0070839887047782595,2.9842664305291947e-16
canonical,0,0,recovered,415,0.011085714986751606,2.7970566962049145e-16
canonical,0,0,raw,416,0.014744335197730482,2.8096429379288243e-16
canonical,0,0,recovered,416,0.013527672819477579,3.214836602120489e-16
canonical,0,0,raw,417,0.001521782047179642,1.0465575233770793e-15
canonical,0,0,recovered,417,0.00802284278681358,3.1239152585807335e-16
canonical,0,0,raw,418,-0.0009915942583247246,0.001144994423941433
canonical,0,0,recovered,418,0.002866993279834343,5.958100434491517e-16
canonical,0,0,raw,419,0.004299204183248938,4.626944016382201e-16
canonical,0,0,recovered,419,0.010695406332912119,4.3663461237902253e-16
canonical,0,0,raw,420,0.009742420112976252,5.878770933467874e-16
canonical,0,0,recovered,420,0.006174077221821612,4.37349901261031e-16
canonical,0,0,raw,421,0.004324848745488911,8.727555692973914e-16
canonical,0,0,recovered,421,0.01736845985929147,1.0650005303231766e-15
canonical,0,0,raw,422,0.016164658789524628,2.6336424857288527e-16
canonical,0,0,recovered,422,0.013663286391793601,1.5485382978338766e-16
canonical,0,0,raw,423,0.00986431870601332,2.6446004650489487e-16
canonical,0,0,recovered,423,0.011015534234102713,3.3542124362230507e-16
canonical,0,0,raw,424,0.006586437881392584,2.9851108267801026e-16
canonical,0,0,recovered,424,0.009949961545596278,3.410937943595606e-16
canonical,0,0,raw,425,0.017899458983746477,3.871945766089141e-16
canonical,0,0,recovered,425,0.0087374010036153,5.643643798840034e-16
canonical,0,0,raw,426,0.0028929614148255098,7.097866132985255e-16
canonical,0,0,recovered,426,0.0019064316733727307,1.7631780953091155e-16
canonical,0,0,raw,427,0.008717809726255561,3.758639810732926e-16
canonical,0,0,recovered,427,0.008815386777854485,4.585732772777876e-16
canonical,0,0,raw,428,0.008855604820281866,3.0961366881014295e-16
canonical,0,0,recovered,428,0.0038754748424966066,4.614392977646217e-16
canonical,0,0,raw,429,0.013301051028116703,6.395197555212314e-16
canonical,0,0,recovered,429,0.00787394055908275,4.3667593522422264e-16
canonical,0,0,raw,430,0.01022016442136078,1.791375643770757e-16
canonical,0,0,recovered,430,0.00862620508219411,2.922565047334227e-16
canonical,0,0,raw,431,0.015034701710210313,3.069608998790705e-16
canonical,0,0,recovered,431,0.004950821430438953,7.201568236388791e-16
canonical,0,0,raw,432,0.009547046458351837,4.569050758885289e-16
canonical,0,0,recovered,432,0.00964197419004455,4.649564579429889e-16
canonical,0,0,raw,433,0.011018311778181218,2.4092211607769606e-16
canonical,0,0,recovered,433,0.013896775211154478,6.157290953155986e-16
canonical,0,0,raw,434,0.01369017384647923,1.492772767343242e-16
canonical,0,0,recovered,434,0.012547805133094636,3.1990130582841197e-16
canonical,0,0,raw,435,0.005135694291266562,3.0997110679831403e-16
canonical,0,0,recovered,435,0.0025530476991066694,3.5067600391893105e-16
canonical,0,0,raw,436,0.01842342225054532,2.0433411576785426e-16
canonical,0,0,recovered,436,0.011856337389157087,1.459953006312125e-16
canonical,0,0,raw,437,0.015576321286996868,2.0838173959939827e-16
canonical,0,0,recovered,437,0.01058750975499008,4.04519303124792e-16
canonical,0,0,raw,438,0.0033649210749557472,5.581359897739125e-16
canonical,0,0,recovered,438,0.003908179424471972,6.480002018122815e-16
canonical,0,0,raw,439,0.010548164864304798,5.598925834503533e-16
canonical,0,0,recovered,439,0.01204286013921313,3.1423284008113583e-16
canonical,0,0,raw,440,0.017382408305686325,5.725596018447908e-16
canonical,0,0,recovered,440,0.005591884342996747,8.001732879836079e-16
canonical,0,0,raw,441,0.011579726984035171,4.431229646329394e-16
canonical,0,0,recovered,441,0.014799023564796768,6.414927315221518e-16
canonical,0,0,raw,442,0.020199877608551808,2.6753452589711166e-16
canonical,0,0,recovered,442,0.00948887542553146,3.0437863289197623e-16
canonical,0,0,raw,443,0.01282366963199989,3.027601904535156e-16
canonical,0,0,recovered,443,0.012725258190261424,4.4050812715443625e-16
canonical,0,0,raw,444,0.0185095629983186,3.5319642665068277e-16
canonical,0,0,recovered,444,0.007716760103565857,2.699318097315109e-16
canonical,0,0,raw,445,0.010081124183768676,3.215848187348256e-16
canonical,0,0,recovered,445,0.004299398531354787,2.608726512002472e-16
canonical,0,0,raw,446,0.009368380566244316,2.496164009019324e-16
canonical,0,0,recovered,446,0.011888784442780943,2.498129798217357e-16
canonical,0,0,raw,447,0.00576491462049807,5.293555124630393e-16
canonical,0,0,recovered,447,0.0053868145862179945,3.195554168742449e-16
canonical,0,0,raw,448,0.010714508902784239,1.8033825159040959e-16
canonical,0,0,recovered,448,0.011907277201722381,1.7450145552425934e-16
canonical,0,0,raw,449,0.01584731120990946,6.493308444334068e-16
canonical,0,0,recovered,449,0.011171785165371663,3.7647296442964e-16
canonical,0,0,raw,450,0.012987142533011182,8.536048385715129e-16
canonical,0,0,recovered,450,0.006531485207720069,3.2840897223412985e-16
canonical,0,0,raw,451,0.015413076136379284,4.4070384457168244e-16
canonical,0,0,recovered,451,0.006588901862473215,6.017403127721683e-16
canonical,0,0,raw,452,0.014686863145200041,3.252211211392668e-16
canonical,0,0,recovered,452,0.009820336382518,4.651066076844836e-16
canonical,0,0,raw,453,0.012935778074660717,4.805903249323305e-16
canonical,0,0,recovered,453,0.016158420492598004,3.2631250634983223e-16
canonical,0,0,raw,454,0.0061367937447181446,2.5831239059002956e-16
canonical,0,0,recovered,454,0.012195868369177305,2.639546587590785e-16
canonical,0,0,raw,455,0.014517941010164674,2.059002405511375e-16
canonical,0,0,recovered,455,0.015305983157844054,3.2713295655410865e-16
canonical,0,0,raw,456,0.002674684146279633,6.191116049510421e-16
canonical,0,0,recovered,456,0.007855646427166652,3.9481873773265017e-16
canonical,0,0,raw,457,0.0017308468854975484,3.893711611237007e-16
canonical,0,0,recovered,457,0.006577953079280446,3.556119659693102e-16
canonical,0,0,raw,458,0.003470662145673756,3.5778061412412188e-16
canonical,0,0,recovered,458,0.0047187546269709104,3.215117040897232e-16
canonical,0,0,raw,459,0.01357783866476012,7.484694190452636e-16
canonical,0,0,recovered,459,0.008790614890833574,7.330797531923582e-16
canonical,0,0,raw,460,0.014847260023125908,2.1696876605941796e-16
canonical,0,0,recovered,460,0.007553714949895646,2.798544025343995e-16
canonical,0,0,raw,461,0.003194342825415691,5.930141482700855e-16
canonical,0,0,recovered,461,0.008923637617330973,2.0754155833918898e-16
canonical,0,0,raw,462,0.009499622367091407,6.478478050420633e-16
canonical,0,0,recovered,462,0.004690424085958619,3.310016495845805e-16
canonical,0,0,raw,463,0.01178471763572624,5.145527619739176e-16
canonical,0,0,recovered,463,0.007987248584168653,1.4225922431234034e-16
canonical,0,0,raw,464,0.002943264352731441,5.913314586134285e-16
canonical,0,0,recovered,464,0.008405422383542718,6.263280459250938e-16
canonical,0,0,raw,465,0.015308950665866492,4.0994703525649716e-16
canonical,0,0,recovered,465,0.013598900370280283,6.152822014831736e-16
canonical,0,0,raw,466,0.013099169479312967,4.458767692310083e-16
canonical,0,0,recovered,466,0.007847698409170295,3.656899334218032e-16
canonical,0,0,raw,467,0.005920152869195287,7.401139821535773e-16
canonical,0,0,recovered,467,0.012576665898346079,4.1699495231525735e-16
canonical,0,0,raw,468,0.006309836653454939,3.9381948180862253e-16
canonical,0,0,recovered,468,0.009540614004130721,4.795467267706561e-16
canonical,0,0,raw,469,0.007772853919213249,1.6885006942638695e-16
canonical,0,0,recovered,469,0.0021390994320876575,2.724903774454062e-16
canonical,0,0,raw,470,0.014393013774591923,8.564697591622542e-16
canonical,0,0,recovered,470,0.012177695269665435,2.3099786666338426e-16
canonical,0,0,raw,471,0.008658411133109577,3.0214144952678576e-16
canonical,0,0,recovered,471,0.011907708491948936,1.7436586847031725e-16
canonical,0,0,raw,472,0.016407511291402357,2.67389886698845e-16
canonical,0,0,recovered,472,0.01067145146520003,1.170923287824011e-16
canonical,0,0,raw,473,0.01592598703482751,4.506728420183397e-16
canonical,0,0,recovered,473,0.009826393880513963,2.463795941928941e-16
canonical,0,0,raw,474,0.01187642896446895,2.3160994685518306e-16
canonical,0,0,recovered,474,0.010625424785511662,2.814131065418626e-16
canonical,0,0,raw,475,0.011166448665292782,2.853560799313324e-16
canonical,0,0,recovered,475,0.00934200695703222,4.789697694888086e-16
canonical,0,0,raw,476,0.009112495711072664,4.395859970350526e-16
canonical,0,0,recovered,476,0.013010914529484647,2.860290545833027e-16
canonical,0,0,raw,477,0.006932534438757431,3.745034565053604e-16
canonical,0,0,recovered,477,0.0004966764510274655,3.979489304661631e-16
canonical,0,0,raw,478,0.009788449294809277,1.4195349365033599e-16
canonical,0,0,recovered,478,0.005294390348972478,3.6342249813549845e-16
canonical,0,0,raw,479,0.0023575352252554597,3.326606484940285e-16
canonical,0,0,recovered,479,0.00863500191910937,8.115904697735998e-16
canonical,0,0,raw,480,0.014236013876693501,3.7311544598346965e-16
canonical,0,0,recovered,480,0.0019018265067476828,4.018086602158077e-16
canonical,0,0,raw,481,0.00701017582889375,2.9847894802446694e-16
canonical,0,0,recovered,481,0.00045748486281067195,2.300798609117942e-16
canonical,0,0,raw,482,0.01506207442102141,5.882148416462281e-16
canonical,0,0,recovered,482,0.004999734903905264,2.9097174680715816e-16
canonical,0,0,raw,483,0.00802816462334701,3.475626821475149e-16
canonical,0,0,recovered,483,0.014863521633438173,3.532452473892101e-16
canonical,0,0,raw,484,0.007474326900150703,2.302334904772458e-16
canonical,0,0,recovered,484,0.007506069781133776,3.6945349972570737e-16
canonical,0,0,raw,485,0.008762475971181072,1.6996860099442133e-16
canonical,0,0,recovered,485,0.010231345340953222,6.179966078337537e-16
canonical,0,0,raw,486,0.013170484649325255,7.473357050721477e-16
canonical,0,0,recovered,486,0.0070105314190572286,2.8576443171427075e-16
canonical,0,0,raw,487,0.001188857379380839,4.178808296536874e-16
canonical,0,0,recovered,487,0.00696558593469407,5.85423554562402e-16
canonical,0,0,raw,488,0.01571103980769421,6.436607975986984e-16
canonical,0,0,recovered,488,0.01093357302033616,4.8584065951305135e-16
canonical,0,0,raw,489,0.011469552426065623,2.6207317330687056e-16
canonical,0,0,recovered,489,0.006158890928000783,3.243057303147201e-16
canonical,0,0,raw,490,0.010567510697439822,7.173687232484255e-16
canonical,0,0,recovered,490,0.008287320997864885,2.429340635646124e-16
canonical,0,0,raw,491,0.02006385862895313,4.121259965437133e-16
canonical,0,0,recovered,491,0.00979841122296844,3.070218588222977e-16
canonical,0,0,raw,492,-0.0016442813000404407,0.0018986525024037456
canonical,0,0,recovered,492,0.013026727540682057,3.2216213299310423e-16
canonical,0,0,raw,493,0.01461106679050143,2.793801981034809e-16
canonical,0,0,recovered,493,-0.0019138769037169723,0.0022099546911134556
canonical,0,0,raw,494,0.012145466449052168,3.321421105237116e-16
canonical,0,0,recovered,494,0.010367329690222476,2.309691642335777e-16
canonical,0,0,raw,495,0.01117855603498177,5.548363278029297e-16
canonical,0,0,recovered,495,0.012439299171945396,5.325025388817639e-16
canonical,0,0,raw,496,0.01732867236693345,6.131128103854784e-16
canonical,0,0,recovered,496,0.0117493845880266,1.0680586926378748e-15
canonical,0,0,raw,497,-0.0010284694022641497,0.0011875741725009172
canonical,0,0,recovered,497,0.009185120837822938,3.269167107743827e-16
canonical,0,0,raw,498,0.012113953375580945,4.213191228099628e-16
canonical,0,0,recovered,498,0.01407285455903753,7.004766354672296e-16
canonical,0,0,raw,499,0.007076317746410553,6.371340242203213e-16
canonical,0,0,recovered,499,0.003734266075087455,4.3071825031990296e-16
canonical,1,0,raw,0,-0.004750119400638583,0.005484965429282919
canonical,1,0,recovered,0,0.018556491630034522,8.043266185677505e-16
canonical,1,0,raw,1,-0.0020751632857542034,0.002396192163285128
canonical,1,0,recovered,1,0.007425689087028925,3.328008327636048e-16
canonical,1,0,raw,2,0.0001755736919306736,6.156889454308643e-16
canonical,1,0,recovered,2,0.011828438321926349,3.1161667993559545e-16
canonical,1,0,raw,3,-0.0037669464684173684,0.004349695115127131
canonical,1,0,recovered,3,0.0034315730917046446,3.716895531290186e-16
canonical,1,0,raw,4,-0.0023173851951348626,0.002675885932454527
canonical,1,0,recovered,4,0.0035542312238562865,2.5060000501738706e-16
canonical,1,0,raw,5,0.0009250985786081163,4.474796459485945e-16
canonical,1,0,recovered,5,0.015721747225444976,5.9192783911096e-16
canonical,1,0,raw,6,0.002946604654673122,4.610188785996555e-16
canonical,1,0,recovered,6,0.012611517328356433,4.433871064174519e-16
canonical,1,0,raw,7,-0.001612477347933565,0.001861928461783162
canonical,1,0,recovered,7,0.0071578854019700875,1.7313652974006422e-16
canonical,1,0,raw,8,0.003738666155241416,7.782297159674907e-16
canonical,1,0,recovered,8,0.006718923112417885,4.558359353785348e-16
canonical,1,0,raw,9,-0.007724810953051555,0.008919843366366618
canonical,1,0,recovered,9,0.0151850440477678,3.227827012887069e-16
canonical,1,0,raw,10,0.005000033268045724,3.760155690932494e-16
canonical,1,0,recovered,10,0.01683789001658904,5.325998361786202e-16
canonical,1,0,raw,11,0.007281985584692545,1.0642488106313117e-15
canonical,1,0,recovered,11,0.02085424967652895,6.951368633653873e-16
canonical,1,0,raw,12,0.0021091893927479605,5.64007263976621e-16
canonical,1,0,recovered,12,0.01628048904673689,2.739471460332691e-16
canonical,1,0,raw,13,-0.0020162330619432375,0.0023281454021237945
canonical,1,0,recovered,13,0.00932513453680801,2.6528413312782115e-16
canonical,1,0,raw,14,-0.0035990407175389063,0.004155814254190744
canonical,1,0,recovered,14,0.01503072642708656,1.055878172465099e-15
canonical,1,0,raw,15,-0.0029021233038205954,0.0033510833413646977
canonical,1,0,recovered,15,0.018326975635538895,1.7691415586505835e-16
canonical,1,0,raw,16,0.0078878491748292,6.999821494892093e-16
canonical,1,0,recovered,16,0.012028487098397654,3.3553449096623567e-16
canonical,1,0,raw,17,-0.007177397935148634,0.008287745259878392
canonical,1,0,recovered,17,0.01327698421577813,2.198446024770592e-16
canonical,1,0,raw,18,0.0025330360395773945,2.7353404487682163e-16
canonical,1,0,recovered,18,0.01267128791162425,3.099963622924062e-16
canonical,1,0,raw,19,0.008252602830207215,4.228520798888067e-16
canonical,1,0,recovered,19,0.015015619719258346,2.8968713424097934e-16
canonical,1,0,raw,20,0.005942410257480612,4.2711907557090307e-16
canonical,1,0,recovered,20,0.01769786644960699,4.694779191808598e-16
canonical,1,0,raw,21,0.0023202405921023436,4.2555190781902865e-16
canonical,1,0,recovered,21,0.018440819137162272,3.366225485514577e-16
canonical,1,0,raw,22,0.0018302370307578227,4.477542917875486e-16
canonical,1,0,recovered,22,0.011061405926690067,5.756305381030993e-16
canonical,1,0,raw,23,0.0019038471083514712,5.441739341832342e-16
canonical,1,0,recovered,23,0.01663828646261176,2.596258783960699e-16
canonical,1,0,raw,24,-0.0029146957721029212,0.0033656007772589207
canonical,1,0,recovered,24,0.013110586847705684,4.0330318490164584e-16
canonical,1,0,raw,25,-0.00222483692960696,0.0025690204004232293
canonical,1,0,recovered,25,0.011401455281922396,3.7953135904465654e-16
canonical,1,0,raw,26,-0.010016404721380972,0.01156594792440313
canonical,1,0,recovered,26,0.014823778605586918,4.969630806239466e-16
canonical,1,0,raw,27,-0.0051394487388482235,0.005934524225720723
canonical,1,0,recovered,27,0.013829720781074037,2.502455111444883e-16
canonical,1,0,raw,28,0.005498875218040382,7.705170299091237e-16
canonical,1,0,recovered,28,0.013613440381315475,5.42766903331197e-16
canonical,1,0,raw,29,-0.005686778959615527,0.006566526726311811
canonical,1,0,recovered,29,0.02062412638735148,3.4719668069208927e-16
canonical,1,0,raw,30,-0.005448481901931275,0.006291364985510001
canonical,1,0,recovered,30,0.015412980885402244,2.578408749247135e-16
canonical,1,0,raw,31,-0.0027103378018587163,0.0031296285189958617
canonical,1,0,recovered,31,0.017038347328613625,2.8362994079218423e-16
canonical,1,0,raw,32,0.015333742960746173,1.0896307997067238e-15
canonical,1,0,recovered,32,0.008741058267856355,3.534082670926712e-16
canonical,1,0,raw,33,-0.0026535913146143613,0.0030641033196237666
canonical,1,0,recovered,33,0.016214478826226713,2.792702868994928e-16
canonical,1,0,raw,34,0.007212428041876405,6.886415910500801e-16
canonical,1,0,recovered,34,0.014860217192662922,7.252855987793006e-16
canonical,1,0,raw,35,0.0003090445526168626,6.977902271654071e-16
canonical,1,0,recovered,35,0.01773958628689222,4.0904774045964432e-16
canonical,1,0,raw,36,-0.002645949620883155,0.003055279451758086
canonical,1,0,recovered,36,0.01756720312256168,6.800569994406e-16
canonical,1,0,raw,37,-0.0025031217972439766,0.002890356086906417
canonical,1,0,recovered,37,0.01929459057684922,6.753448075722577e-16
canonical,1,0,raw,38,0.0004364281336816073,1.032198369031667e-15
canonical,1,0,recovered,38,0.014350341949217572,4.870246054673967e-16
canonical,1,0,raw,39,-0.002467970417316253,0.0028497667695790148
canonical,1,0,recovered,39,0.007149149320645318,9.146476553796618e-16
canonical,1,0,raw,40,0.0038690588411494655,4.8904628482118e-16
canonical,1,0,recovered,40,0.011578670485063353,2.768718662444565e-16
canonical,1,0,raw,41,0.002374368598523372,6.439987137831045e-16
canonical,1,0,recovered,41,0.014816631844678995,3.6845471500782115e-16
canonical,1,0,raw,42,-0.01231771046995584,0.014223266911257738
canonical,1,0,recovered,42,0.005843080701543651,6.472218766338885e-16
canonical,1,0,raw,43,0.004862096837420633,8.999161226006152e-16
canonical,1,0,recovered,43,0.00979525810120027,4.0373010334385165e-16
canonical,1,0,raw,44,0.01709047064429761,5.76876090872742e-16
canonical,1,0,recovered,44,0.010430496672664769,2.842764037155155e-16
canonical,1,0,raw,45,-0.00402236338482596,0.004644625166015571
canonical,1,0,recovered,45,0.01919039933335925,3.502895977847953e-16
canonical,1,0,raw,46,-0.0026184140889743833,0.0030234841582384153
canonical,1,0,recovered,46,0.015443492172759959,1.0511794477956043e-15
canonical,1,0,raw,47,0.0010908292743624023,1.4963372117100626e-15
canonical,1,0,recovered,47,0.0062536189107663485,3.606723314605729e-16
canonical,1,0,raw,48,0.00010281964406688875,6.05679391005039e-16
canonical,1,0,recovered,48,0.015173696950401197,3.9344416629553584e-16
canonical,1,0,raw,49,-0.0076748460921967,0.00886214891463731
canonical,1,0,recovered,49,0.01767392407019186,6.124047614436791e-16
canonical,1,0,raw,50,-0.009986931236592554,0.01153191487565013
canonical,1,0,recovered,50,0.012563746255153777,1.8846415389788647e-16
canonical,1,0,raw,51,0.0006185712369135451,4.264179135925837e-16
canonical,1,0,recovered,51,0.014339681979154415,5.941073352617376e-16
canonical,1,0,raw,52,-0.00346416574151809,0.004000074046765937
canonical,1,0,recovered,52,0.01579635114473867,3.4173075580112256e-16
canonical,1,0,raw,53,0.0060001659700166165,1.214844852524789e-15
canonical,1,0,recovered,53,0.011088367983158036,7.043695626535858e-16
canonical,1,0,raw,54,-0.0034828718627933153,0.0040216740150732806
canonical,1,0,recovered,54,0.0081772386862515,6.082406269120683e-16
canonical,1,0,raw,55,-0.01079295770954065,0.012462634077910921
canonical,1,0,recovered,55,0.01948417080533632,1.1683364446884948e-16
canonical,1,0,raw,56,0.0005619736654366026,5.17029086494124e-16
canonical,1,0,recovered,56,0.01958507440825038,5.310582057532583e-16
canonical,1,0,raw,57,-0.00351696672357787,0.004061043369177275
canonical,1,0,recovered,57,0.015483386186764491,2.4474437009699204e-16
canonical,1,0,raw,58,-0.002030897293927065,0.0023450781986904864
canonical,1,0,recovered,58,0.009765906145720784,2.035299017908116e-16
canonical,1,0,raw,59,0.003942063434441725,1.1515755062511855e-15
canonical,1,0,recovered,59,0.019032046344901018,3.5412031376118523e-16
canonical,1,0,raw,60,-0.0035790575380477857,0.004132739666074197
canonical,1,0,recovered,60,0.015150033763761422,6.79167503021878e-16
canonical,1,0,raw,61,0.007929022227698035,6.594035978741536e-16
canonical,1,0,recovered,61,0.01848296191041401,3.0629784042453236e-16
canonical,1,0,raw,62,-0.011630322332688318,0.013429539459079312
canonical,1,0,recovered,62,0.0107230245895863,3.2726850454564887e-16
canonical,1,0,raw,63,-0.006308681296610297,0.007284637689659048
canonical,1,0,recovered,63,0.014081270649229202,4.19634256674368e-16
canonical,1,0,raw,64,0.003458101276970922,3.001856460651095e-16
canonical,1,0,recovered,64,0.016127587816363986,4.1569168126355933e-16
canonical,1,0,raw,65,0.0009318554793797744,4.883000081533898e-16
canonical,1,0,recovered,65,0.018670856462111085,2.233974306036638e-16
canonical,1,0,raw,66,-0.012130988581153308,0.014007659045730205
canonical,1,0,recovered,66,0.0056814842803827315,2.827891918768693e-16
canonical,1,0,raw,67,0.0010582924924757596,5.865100457087571e-16
canonical,1,0,recovered,67,0.015631487375278405,3.353612406742341e-16
canonical,1,0,raw,68,-0.003066359093084521,0.0035407264956491187
canonical,1,0,recovered,68,0.015835934896985912,4.46511477361281e-16
canonical,1,0,raw,69,-0.011424266682411059,0.013191606888767974
canonical,1,0,recovered,69,0.013256265787918192,3.8509521152511017e-16
canonical,1,0,raw,70,-0.0009659390344288832,0.0011153703230963802
canonical,1,0,recovered,70,0.015869214424114597,3.432829949624453e-16
canonical,1,0,raw,71,-0.010206036482977856,0.011784915821612566
canonical,1,0,recovered,71,0.021046057890112848,1.8646789681173184e-16
canonical,1,0,raw,72,0.00553414442895279,4.742049942803623e-16
canonical,1,0,recovered,72,0.016567562920747587,3.282349691805819e-16
canonical,1,0,raw,73,0.007937949056562399,4.642148058546435e-16
canonical,1,0,recovered,73,0.018189340738014148,5.688556301090896e-16
canonical,1,0,raw,74,-0.004994151664096388,0.005766749615279687
canonical,1,0,recovered,74,0.007158055370901711,5.027968141051444e-16
canonical,1,0,raw,75,0.0021608619079412244,1.342394384500835e-15
canonical,1,0,recovered,75,0.017088334222183612,3.116435748792618e-16
canonical,1,0,raw,76,0.0018932969496361933,6.292340276381679e-16
canonical,1,0,recovered,76,0.01877579917941001,8.188418514640252e-17
canonical,1,0,raw,77,0.0040881266671888294,2.4441913854838194e-16
canonical,1,0,recovered,77,0.016791489437634918,3.5794044347598396e-16
canonical,1,0,raw,78,-0.0009493619040915225,0.0010962287017711376
canonical,1,0,recovered,78,0.021788753243956325,1.9576668587909693e-16
canonical,1,0,raw,79,-0.004066027651332247,0.004695044318058183
canonical,1,0,recovered,79,0.006185672429422973,5.738936808106597e-16
canonical,1,0,raw,80,0.009689072883358464,2.812457216139542e-16
canonical,1,0,recovered,80,0.017127751004239904,5.211480045156037e-16
canonical,1,0,raw,81,-0.001042502593672455,0.0012037783061754888
canonical,1,0,recovered,81,0.013652601853473906,2.8982668917145596e-16
canonical,1,0,raw,82,0.004598357624987231,4.830543024238622e-16
canonical,1,0,recovered,82,0.007651581948454442,2.587144024662106e-16
canonical,1,0,raw,83,-0.007590222011001408,0.00876443344252148
canonical,1,0,recovered,83,0.016922162886800162,6.142286925298447e-16
canonical,1,0,raw,84,-0.002055692387756579,0.0023737091068847666
canonical,1,0,recovered,84,0.012981769108072503,4.4146155991321923e-16
canonical,1,0,raw,85,-0.002596966570393,0.0029987186969856975
canonical,1,0,recovered,85,0.01606104701167231,4.594451231941401e-16
canonical,1,0,raw,86,0.007452742480720464,5.797591706755379e-16
canonical,1,0,recovered,86,0.012818986452469419,6.799077380396406e-16
canonical,1,0,raw,87,-0.0021143010039227357,0.0024413845075253607
canonical,1,0,recovered,87,-0.0004927729799203102,0.0005690052252127303
canonical,1,0,raw,88,0.004172379983908689,4.037075379325972e-16
canonical,1,0,recovered,88,0.010961354933936853,4.222469868617123e-16
canonical,1,0,raw,89,-0.004953648687374838,0.005719980806253159
canonical,1,0,recovered,89,0.0163269760785313,7.689857670913451e-16
canonical,1,0,raw,90,-0.006283959938683654,0.007256091924351715
canonical,1,0,recovered,90,0.009447704784193428,7.27662286044347e-16
canonical,1,0,raw,91,-0.003489049079985623,0.004028806851090912
canonical,1,0,recovered,91,0.010673156333119542,4.692099325539837e-16
canonical,1,0,raw,92,0.0087448457653015,3.392635520540939e-16
canonical,1,0,recovered,92,0.01699800535578857,4.367508716985042e-16
canonical,1,0,raw,93,-0.005041329171675485,0.005821225508680819
canonical,1,0,recovered,93,0.012832588095546075,2.541668793522862e-16
canonical,1,0,raw,94,-0.0070715530316621845,0.008165526092837617
canonical,1,0,recovered,94,0.013362606968154125,5.111613004084327e-16
canonical,1,0,raw,95,0.0011574006204316339,8.186746350382136e-16
canonical,1,0,recovered,95,0.010693345624800421,4.0339548183388495e-16
canonical,1,0,raw,96,-0.0007088773557001876,0.0008185410642715961
canonical,1,0,recovered,96,0.01601777694275156,6.549026275786229e-16
canonical,1,0,raw,97,-0.012461468741821271,0.014389264665177197
canonical,1,0,recovered,97,0.010310918129262065,1.9964799203728192e-16
canonical,1,0,raw,98,0.0048645998172842965,7.431819887411327e-16
canonical,1,0,recovered,98,0.011340381505394523,3.211208436613762e-16
canonical,1,0,raw,99,-0.011998831277077697,0.013855056935563388
canonical,1,0,recovered,99,0.01159466259419024,4.832996365282616e-16
canonical,1,0,raw,100,-0.0022589082191546727,0.0026083625368073663
canonical,1,0,recovered,100,0.010145712364055415,2.96382087596818e-16
canonical,1,0,raw,101,0.006757839197552032,1.1395606490167005e-15
canonical,1,0,recovered,101,0.019990196898696876,7.551504167571739e-16
canonical,1,0,raw,102,0.0032398288581990827,2.976814042878256e-16
canonical,1,0,recovered,102,0.009964929397761654,2.698624291280863e-16
canonical,1,0,raw,103,-0.002310935974293408,0.002668439013676276
canonical,1,0,recovered,103,0.019054170935229535,2.6814807619575085e-16
canonical,1,0,raw,104,0.0068909112637361575,7.471144577805229e-16
canonical,1,0,recovered,104,0.014126432597267523,5.523969317983054e-16
canonical,1,0,raw,105,-0.004951032840131701,0.0057169602860333004
canonical,1,0,recovered,105,0.011418018047744715,2.5742749893042263e-16
canonical,1,0,raw,106,-0.00344443770266156,0.003977294069677176
canonical,1,0,recovered,106,0.014285668478092282,5.933446139676177e-16
canonical,1,0,raw,107,-0.005279447526555628,0.006096180901258704
canonical,1,0,recovered,107,0.006822095298360394,3.2503032179140472e-16
canonical,1,0,raw,108,4.309280494934411e-05,3.014877536127516e-16
canonical,1,0,recovered,108,0.019900609830919323,4.035870609682778e-16
canonical,1,0,raw,109,-0.005098004442864321,0.005886668474835235
canonical,1,0,recovered,109,0.015696683552344166,3.293028823110796e-16
canonical,1,0,raw,110,0.0026671909335205988,9.631125529129507e-16
canonical,1,0,recovered,110,0.012845556394385584,4.609605360589888e-16
canonical,1,0,raw,111,-0.008984310693418672,0.010374188394657041
canonical,1,0,recovered,111,0.0200786190650245,6.08625404609605e-16
canonical,1,0,raw,112,0.007351198731875677,1.3311100796716582e-15
canonical,1,0,recovered,112,0.005131901038221317,2.320293974212336e-16
canonical,1,0,raw,113,0.003575490614499401,6.9953888684963805e-16
canonical,1,0,recovered,113,0.0018262421858261902,5.651622194299351e-16
canonical,1,0,raw,114,-0.006230567684976775,0.0071944398602511546
canonical,1,0,recovered,114,0.0028713510287227922,4.517859459803128e-16
canonical,1,0,raw,115,0.003760841100567464,9.124472339443002e-16
canonical,1,0,recovered,115,0.004574865564733912,3.8185791373448e-16
canonical,1,0,raw,116,0.012095471929897923,1.71314559870569e-15
canonical,1,0,recovered,116,0.005926717535420582,3.324383805864001e-16
canonical,1,0,raw,117,0.004800041257618773,5.875928924560231e-16
canonical,1,0,recovered,117,0.009505743312323707,2.9194550887474535e-16
canonical,1,0,raw,118,-0.000622592056324044,0.0007189073826279469
canonical,1,0,recovered,118,0.004951044084944268,5.22569791204078e-16
canonical,1,0,raw,119,0.007499179017321419,4.026464713187114e-16
canonical,1,0,recovered,119,0.006524990584797271,3.08739356986191e-16
canonical,1,0,raw,120,-0.013176584022043853,0.015215008664253453
canonical,1,0,recovered,120,0.00405967579929933,4.522408839007372e-16
canonical,1,0,raw,121,0.0019051931226156235,4.8701724385809315e-16
canonical,1,0,recovered,121,0.010215177591542128,5.727008343693403e-16
canonical,1,0,raw,122,-0.0062224682275368575,0.007185087412384484
canonical,1,0,recovered,122,0.01594138363130417,3.799689185678203e-16
canonical,1,0,raw,123,0.007116352963018092,5.122767954424235e-16
canonical,1,0,recovered,123,0.018259806887712747,5.687500146460164e-16
canonical,1,0,raw,124,0.003434110731130746,5.986257129729366e-16
canonical,1,0,recovered,124,0.007459679531145095,2.8092015138777565e-16
canonical,1,0,raw,125,0.0030241369661835695,9.670153739919355e-16
canonical,1,0,recovered,125,0.003306335418611699,7.994547175459595e-16
canonical,1,0,raw,126,-0.004211134979905026,0.004862599828484147
canonical,1,0,recovered,126,0.016169483391786,4.030790138800849e-16
canonical,1,0,raw,127,-5.270139613159862e-05,6.085433048629017e-05
canonical,1,0,recovered,127,0.009127144451967854,3.104338071919912e-16
canonical,1,0,raw,128,-0.0005667347951996753,0.0006544089731352376
canonical,1,0,recovered,128,0.01582781417489138,2.2524200323939955e-16
canonical,1,0,raw,129,0.009664703715642228,5.072101249507952e-16
canonical,1,0,recovered,129,0.010956989916014416,4.739340255300548e-16
canonical,1,0,raw,130,-0.002158710284245591,0.002492663927423236
canonical,1,0,recovered,130,0.012792471414869963,2.8777871061106704e-16
canonical,1,0,raw,131,-0.0005789434216322425,0.0006685062806500768
canonical,1,0,recovered,131,0.018253489595744302,2.0676710449164424e-16
canonical,1,0,raw,132,0.00377833073519315,4.52731670923114e-16
canonical,1,0,recovered,132,0.016826944948597256,5.672238235932119e-16
canonical,1,0,raw,133,-0.0012639289642347772,0.0014594594554751595
canonical,1,0,recovered,133,0.010112589389482621,4.1482249552174077e-16
canonical,1,0,raw,134,0.0052732512431717974,9.557486108209295e-16
canonical,1,0,recovered,134,0.014364741496921362,4.067713866288255e-16
canonical,1,0,raw,135,-0.008852866377483498,0.010222409572279658
canonical,1,0,recovered,135,0.021320229680371457,3.3819211644144426e-16
canonical,1,0,raw,136,0.010132302229857802,4.052391398343422e-16
canonical,1,0,recovered,136,0.009191386552490879,5.406343013700083e-16
canonical,1,0,raw,137,0.006525084782070876,6.076590744679111e-16
canonical,1,0,recovered,137,0.010169410265252896,2.1903674721881982e-16
canonical,1,0,raw,138,-0.005818586764008056,0.006718725269006657
canonical,1,0,recovered,138,0.007595582507602402,3.596111799491413e-16
canonical,1,0,raw,139,0.004488289242261699,4.431348487926318e-16
canonical,1,0,recovered,139,0.01754458474330506,2.842044449089742e-16
canonical,1,0,raw,140,0.0009045785872855453,4.169007600423412e-16
canonical,1,0,recovered,140,0.018917054631101587,2.265632871283855e-16
canonical,1,0,raw,141,-0.00029566840879635236,0.00034140847081894716
canonical,1,0,recovered,141,0.01910272531635665,3.104331539996386e-16
canonical,1,0,raw,142,-0.00467283656737127,0.005395726900101818
canonical,1,0,recovered,142,0.017925277555036,2.0026314733934118e-16
canonical,1,0,raw,143,-0.0040693313643008185,0.0046988591172017185
canonical,1,0,recovered,143,0.006075662639551825,2.321784967972641e-16
canonical,1,0,raw,144,0.003498443717705121,6.252941251054683e-16
canonical,1,0,recovered,144,0.02074836154885531,4.272150596625266e-16
canonical,1,0,raw,145,-0.0024031267773447617,0.0027748917835934664
canonical,1,0,recovered,145,0.016901869359020084,2.4444882914952134e-16
canonical,1,0,raw,146,0.0023587851108188306,3.7994416848793154e-16
canonical,1,0,recovered,146,0.007567958182686738,1.4970095731310677e-16
canonical,1,0,raw,147,0.0068919488060879145,2.1535388512981619e-16
canonical,1,0,recovered,147,0.01416318463160249,3.581500358711375e-16
canonical,1,0,raw,148,0.001535066326715172,3.7673577769455273e-16
canonical,1,0,recovered,148,0.010923006752527104,1.8611049551631828e-16
canonical,1,0,raw,149,-0.0035268397579237844,0.004072443767251809
canonical,1,0,recovered,149,0.011011137878728818,3.4038260858886165e-16
canonical,1,0,raw,150,-0.003238391190033486,0.003739372050614235
canonical,1,0,recovered,150,0.01567249715079603,8.672366662502666e-16
canonical,1,0,raw,151,-0.004803393664116431,0.0055464812500026165
canonical,1,0,recovered,151,0.014069257678487436,7.4986726829518e-16
canonical,1,0,raw,152,0.0004413463321917429,7.821438981051183e-16
canonical,1,0,recovered,152,0.014636017440568055,3.2072650383082297e-16
canonical,1,0,raw,153,-0.0019716856107087955,0.0022767064362004953
canonical,1,0,recovered,153,0.017942412986210608,2.1944166263257615e-16
canonical,1,0,raw,154,-0.001301250998022277,0.0015025552279827124
canonical,1,0,recovered,154,0.01697792046218123,1.3192285833689808e-16
canonical,1,0,raw,155,-0.0020011873269579843,0.002310772083836162
canonical,1,0,recovered,155,0.013464082679678534,7.446071931689973e-16
canonical,1,0,raw,156,-0.00568561573473307,0.006565183549913663
canonical,1,0,recovered,156,0.006943082278981668,4.836505220510977e-16
canonical,1,0,raw,157,0.0003397165783469758,7.921914425466353e-16
canonical,1,0,recovered,157,0.01939299855480376,4.3910825117132066e-16
canonical,1,0,raw,158,0.011871931950316902,8.63782775321144e-16
canonical,1,0,recovered,158,0.01133628077903627,4.606708559555635e-16
canonical,1,0,raw,159,-0.007458672163588675,0.008612532762890302
canonical,1,0,recovered,159,0.012115827360603145,2.9704337878890083e-16
canonical,1,0,raw,160,-0.005826432398583628,0.006727784627475044
canonical,1,0,recovered,160,0.016287354100106267,3.1754576993995183e-16
canonical,1,0,raw,161,-0.0038823173252321066,0.004482913905604731
canonical,1,0,recovered,161,0.016773958857328148,6.697947954430703e-16
canonical,1,0,raw,162,-0.0092328915243263,0.01066122481393675
canonical,1,0,recovered,162,0.00876026742058106,4.226468721049623e-16
canonical,1,0,raw,163,-0.0011612118777330116,0.0013408519803907411
canonical,1,0,recovered,163,0.00993673895227846,6.569995998955595e-16
canonical,1,0,raw,164,0.0015102728431139586,3.950320930442704e-16
canonical,1,0,recovered,164,0.01616067801034439,5.437223630175269e-16
canonical,1,0,raw,165,-0.007124454031157461,0.008226610905435654
canonical,1,0,recovered,165,0.020955561905267168,5.069375055973743e-16
canonical,1,0,raw,166,-0.009502598050063987,0.010972655084410666
canonical,1,0,recovered,166,0.009218425764453883,3.7851769597667277e-16
canonical,1,0,raw,167,-0.012431580504583912,0.01435475270154805
canonical,1,0,recovered,167,0.015651471303707216,1.845891691610833e-16
canonical,1,0,raw,168,0.00012753485114745764,8.161629688477179e-16
canonical,1,0,recovered,168,0.0034906033863645086,4.245507564809333e-16
canonical,1,0,raw,169,0.0013533802585250147,4.811630120594397e-16
canonical,1,0,recovered,169,0.003743986951267684,2.3697202290010805e-16
canonical,1,0,raw,170,-0.0045966185374534604,0.005307717899921363
canonical,1,0,recovered,170,0.0022522470986000194,4.663491194693238e-16
canonical,1,0,raw,171,0.00806058824090727,5.44106533499615e-16
canonical,1,0,recovered,171,0.018852712839699127,2.2601805967730686e-16
canonical,1,0,raw,172,-0.0030163800393708338,0.0034830156554179954
canonical,1,0,recovered,172,0.015926341602041323,2.680842411854644e-16
canonical,1,0,raw,173,-0.0012427386594564306,0.0014349909991392005
canonical,1,0,recovered,173,0.020946114764918276,2.5769147908317785e-16
canonical,1,0,raw,174,0.0027695266922427944,4.794671031920969e-16
canonical,1,0,recovered,174,0.017848065650517164,4.1557572515121376e-16
canonical,1,0,raw,175,-0.011989383965935643,0.013844148120301361
canonical,1,0,recovered,175,0.004620551406388976,3.037624146634114e-16
canonical,1,0,raw,176,0.004076222483857133,8.869527643775411e-16
canonical,1,0,recovered,176,0.009245312052233091,5.609441381889165e-16
canonical,1,0,raw,177,0.002282624576653508,1.0435069164238123e-15
canonical,1,0,recovered,177,0.0166083081203253,2.7153894816921266e-16
canonical,1,0,raw,178,-0.006255706852315023,0.007223468070310839
canonical,1,0,recovered,178,0.015577083551229396,4.3108881853264297e-16
canonical,1,0,raw,179,-0.004596866427712338,0.005308004138937071
canonical,1,0,recovered,179,0.01866769363490654,3.2873042052526904e-16
canonical,1,0,raw,180,-0.006365943129328263,0.007350757958727114
canonical,1,0,recovered,180,0.00573724143623702,1.1365500605521996e-16
canonical,1,0,raw,181,0.0028308119127095225,3.1184655118396865e-16
canonical,1,0,recovered,181,0.01773464847486118,4.496833563706961e-16
canonical,1,0,raw,182,-0.003454703269071503,0.003989147724737233
canonical,1,0,recovered,182,0.014562430966969611,6.945981643852202e-16
canonical,1,0,raw,183,-0.005136806529647049,0.005931473265333391
canonical,1,0,recovered,183,0.010450972918722235,5.101532417450817e-16
canonical,1,0,raw,184,-0.005680623960307373,0.00655941954529705
canonical,1,0,recovered,184,0.02101711581020812,9.65122625602197e-16
canonical,1,0,raw,185,-0.006383486364778784,0.007371015142146847
canonical,1,0,recovered,185,0.009011458147237483,4.567931225996007e-16
canonical,1,0,raw,186,-0.00632581554740602,0.007304422618277469
canonical,1,0,recovered,186,0.016602740908044252,2.590131533149033e-16
canonical,1,0,raw,187,0.009054186822154421,8.071247807042216e-16
canonical,1,0,recovered,187,0.008257209091411564,3.057952970321962e-16
canonical,1,0,raw,188,-0.0023141700489136803,0.002672173401381392
canonical,1,0,recovered,188,0.021912677279567493,5.022659448822356e-16
canonical,1,0,raw,189,-0.0034042343866894334,0.003930871279079413
canonical,1,0,recovered,189,0.009223486246440942,2.8455876942649847e-16
canonical,1,0,raw,190,-0.002496170904866034,0.0028823298877354788
canonical,1,0,recovered,190,0.0079207919674701,6.972447440494637e-16
canonical,1,0,raw,191,-0.0007939101507511687,0.0009167284784970557
canonical,1,0,recovered,191,0.015713951088972285,1.632542078980499e-16
canonical,1,0,raw,192,0.0023048954729180567,6.024115340017629e-16
canonical,1,0,recovered,192,0.007551909172729147,2.257532834648368e-16
canonical,1,0,raw,193,-0.005018570317433644,0.005794945847434339
canonical,1,0,recovered,193,0.011854547147030539,2.048167813377825e-16
canonical,1,0,raw,194,-0.006992508274293449,0.008074253068947847
canonical,1,0,recovered,194,0.011396626484877043,2.1423308183940514e-16
canonical,1,0,raw,195,-0.002742752327357018,0.0031670575890400798
canonical,1,0,recovered,195,0.013652107450633688,2.0913043024926356e-16
canonical,1,0,raw,196,0.003640892852907728,7.298579741233987e-16
canonical,1,0,recovered,196,0.01650571843099435,2.682259203112619e-16
canonical,1,0,raw,197,0.003659693319553061,4.446928399771783e-16
canonical,1,0,recovered,197,0.01800996827556019,5.056824004147057e-16
canonical,1,0,raw,198,-0.010815400353516889,0.01248854861099321
canonical,1,0,recovered,198,0.014599098283896727,3.6169556470739645e-16
canonical,1,0,raw,199,-0.0048025933327035435,0.005545557106889412
canonical,1,0,recovered,199,0.014546358171116719,3.426781465811907e-16
canonical,1,0,raw,200,0.005267897973584479,4.130693602847315e-16
canonical,1,0,recovered,200,0.016695011266507756,4.415446325972093e-16
canonical,1,0,raw,201,0.0017969566379264868,4.664390469361333e-16
canonical,1,0,recovered,201,0.015325309222060352,4.348460137891365e-16
canonical,1,0,raw,202,-0.005597449528548084,0.0064633779841652625
canonical,1,0,recovered,202,0.0026411101309184045,3.8462215330042894e-16
canonical,1,0,raw,203,-0.00422661097143114,0.004880469964231165
canonical,1,0,recovered,203,0.010622305842485651,2.477986225639314e-16
canonical,1,0,raw,204,0.0012246008411257862,4.330698158459667e-16
canonical,1,0,recovered,204,0.010308821291603206,5.41083930975993e-16
canonical,1,0,raw,205,0.0011090552575697377,6.614169288430821e-16
canonical,1,0,recovered,205,0.014282340968853089,2.627764323399098e-16
canonical,1,0,raw,206,-0.0005006407637983971,0.0005780901594925343
canonical,1,0,recovered,206,0.017235883217237135,3.4661711148769807e-16
canonical,1,0,raw,207,-0.001268771938465661,0.0014650516404268457
canonical,1,0,recovered,207,0.015370068586246965,4.3810794699906303e-16
canonical,1,0,raw,208,-0.007630029456786374,0.008810399121600827
canonical,1,0,recovered,208,0.020412673561038944,6.116508658979566e-16
canonical,1,0,raw,209,-0.0014394913709679478,0.0016621814610488748
canonical,1,0,recovered,209,0.018853880126721286,3.043335220003758e-16
canonical,1,0,raw,210,0.003775823995414843,4.3953507933317675e-16
canonical,1,0,recovered,210,0.007789688486230113,6.262676850322883e-16
canonical,1,0,raw,211,0.0014021420251806762,1.27184358915025e-15
canonical,1,0,recovered,211,0.014309699956767587,1.5055660950544926e-16
canonical,1,0,raw,212,0.0053573981483007755,8.269067175462038e-16
canonical,1,0,recovered,212,0.008938030838531123,7.704819405020728e-16
canonical,1,0,raw,213,0.002101483363483671,4.919711408080579e-16
canonical,1,0,recovered,213,0.012809659385414965,3.8154157404169813e-16
canonical,1,0,raw,214,-0.006369903990306536,0.007355331567030879
canonical,1,0,recovered,214,0.009874693732755896,1.8061962157693974e-16
canonical,1,0,raw,215,-0.010635934034085701,0.012281318755325014
canonical,1,0,recovered,215,0.013295317484052695,3.009870208302481e-16
canonical,1,0,raw,216,-0.005068144005806087,0.00585218861208778
canonical,1,0,recovered,216,0.012225500809978774,6.201437968953113e-16
canonical,1,0,raw,217,-0.00485563017188978,0.005606798773651728
canonical,1,0,recovered,217,0.015962796778925897,1.1172018178033478e-16
canonical,1,0,raw,218,-0.004249316559106384,0.004906688118543996
canonical,1,0,recovered,218,0.01267187061704106,7.474215183009155e-16
canonical,1,0,raw,219,-0.0010865754700890018,0.0012546692803014053
canonical,1,0,recovered,219,0.013801530871557985,2.8275298394673305e-16
canonical,1,0,raw,220,0.009733902470217631,9.654768662091883e-16
canonical,1,0,recovered,220,0.020278864737046775,2.738570211936125e-16
canonical,1,0,raw,221,-0.006525443132541649,0.007534932698308927
canonical,1,0,recovered,221,0.01581394378671776,3.6728168336658546e-16
canonical,1,0,raw,222,0.003612853034416543,5.879868188504005e-16
canonical,1,0,recovered,222,0.017254019219024763,5.070680844472116e-16
canonical,1,0,raw,223,0.008711722177222382,1.060692977648589e-15
canonical,1,0,recovered,223,0.014846981921364303,6.443604607318073e-16
canonical,1,0,raw,224,-0.0012120501012390095,0.0013995549044430948
canonical,1,0,recovered,224,0.02415811365853181,2.6936993702188377e-16
canonical,1,0,raw,225,0.0015507983271955935,8.595944056634259e-16
canonical,1,0,recovered,225,0.01434086333204198,3.409098528841348e-16
canonical,1,0,raw,226,-0.0037984877338252884,0.004386115831275009
canonical,1,0,recovered,226,0.01565840405664909,4.570219658827189e-16
canonical,1,0,raw,227,-0.011825629102422065,0.013655060291240322
canonical,1,0,recovered,227,0.008400094467694894,4.0979193531181995e-16
canonical,1,0,raw,228,0.003723756751088546,5.090534143388802e-16
canonical,1,0,recovered,228,0.011555728752164398,3.099829384571366e-16
canonical,1,0,raw,229,-0.005947700158661574,0.006867812575324823
canonical,1,0,recovered,229,0.014420646247061108,4.252319981920759e-16
canonical,1,0,raw,230,-0.0002586467399134762,0.0002986595298282874
canonical,1,0,recovered,230,0.014971583414185287,4.40131601504174e-16
canonical,1,0,raw,231,0.0022533046456437032,1.399473851492901e-15
canonical,1,0,recovered,231,0.016890772275528293,8.531065996642552e-17
canonical,1,0,raw,232,-0.001859564688303935,0.0021472403467355464
canonical,1,0,recovered,232,0.005768340853966196,6.276546854979393e-16
canonical,1,0,raw,233,-0.003533110313320429,0.0040796843809443525
canonical,1,0,recovered,233,0.02033501783396773,5.571130004619987e-16
canonical,1,0,raw,234,-0.0061190363174053125,0.0070656545300701165
canonical,1,0,recovered,234,0.018098637955174975,3.144637894061417e-16
canonical,1,0,raw,235,0.00843674020773606,6.631152085044863e-16
canonical,1,0,recovered,235,0.01130476255337179,3.4970278461899944e-16
canonical,1,0,raw,236,0.00011588883500923214,1.5645474855617053e-15
canonical,1,0,recovered,236,0.012793375085146188,4.1262467262632566e-16
canonical,1,0,raw,237,-0.00286102440347456,0.0033036264190085462
canonical,1,0,recovered,237,0.014547758824577279,2.5677318242464574e-16
canonical,1,0,raw,238,0.010314057784632125,3.1651469644963326e-16
canonical,1,0,recovered,238,0.01374231788419385,4.65410600945391e-16
canonical,1,0,raw,239,-0.0027947274877940563,0.0032270733347790404
canonical,1,0,recovered,239,0.011650155975508282,1.7852347771739585e-16
canonical,1,0,raw,240,-0.0031726830220510406,0.003663498793668789
canonical,1,0,recovered,240,0.014939460510144503,4.143711203614253e-16
canonical,1,0,raw,241,-0.0004888809102571445,0.0005645110502771033
canonical,1,0,recovered,241,0.011913550534296479,1.1140787993635954e-16
canonical,1,0,raw,242,0.011308788460408774,9.325959965149848e-16
canonical,1,0,recovered,242,0.003606876070364666,3.328980226694327e-16
canonical,1,0,raw,243,-0.0023605120845306866,0.002725684574858187
canonical,1,0,recovered,243,0.008742619150655332,2.4613519417818124e-16
canonical,1,0,raw,244,-0.00882448294022461,0.010189635201995706
canonical,1,0,recovered,244,0.022239539322631955,9.742300711378684e-16
canonical,1,0,raw,245,-0.004684367766133179,0.005409041981520349
canonical,1,0,recovered,245,0.01972475836838813,2.8706725394309634e-16
canonical,1,0,raw,246,-0.002838469428895851,0.0032775821777190806
canonical,1,0,recovered,246,0.014827452959534287,4.2352706137954086e-16
canonical,1,0,raw,247,-0.0032489817332108065,0.003751600956522612
canonical,1,0,recovered,247,0.01980182898993808,2.411839352003905e-16
canonical,1,0,raw,248,-0.010263352846843928,0.011851099057826775
canonical,1,0,recovered,248,0.01793426233537205,3.787416309075865e-16
canonical,1,0,raw,249,-0.006097822323513626,0.007041158719902214
canonical,1,0,recovered,249,0.01309005920523581,5.771030448385967e-16
canonical,1,0,raw,250,-0.006753616335730482,0.007798404418874808
canonical,1,0,recovered,250,0.014610037596873229,1.9888890240129278e-16
canonical,1,0,raw,251,-0.0036081890423110006,0.0041663778297306815
canonical,1,0,recovered,251,0.00872922178282126,3.08524125767689e-16
canonical,1,0,raw,252,-0.011211670130275376,0.01294612153555933
canonical,1,0,recovered,252,0.013165200487654254,3.133002867503369e-16
canonical,1,0,raw,253,0.0061230110381751334,5.56021290151162e-16
canonical,1,0,recovered,253,0.020080870378950115,3.9588626478856486e-16
canonical,1,0,raw,254,-0.000993179137172921,0.0011468244844008825
canonical,1,0,recovered,254,0.011974470909151328,2.895117839274252e-16
canonical,1,0,raw,255,0.009366799419995376,3.966736455692591e-16
canonical,1,0,recovered,255,0.010514472119680877,1.546776374857594e-16
canonical,1,0,raw,256,0.0032608063227419952,4.965841007853432e-16
canonical,1,0,recovered,256,0.009911468253228337,1.3123558584073058e-16
canonical,1,0,raw,257,0.001816421977391379,4.752497298825495e-16
canonical,1,0,recovered,257,0.008100039632903684,3.87793670702053e-16
canonical,1,0,raw,258,-0.006073677919624525,0.007013279163732607
canonical,1,0,recovered,258,0.011139208169736473,2.931182230684779e-16
canonical,1,0,raw,259,-0.0010897400740590062,0.0012583234502091191
canonical,1,0,recovered,259,0.014084514633466275,1.8281744889333642e-16
canonical,1,0,raw,260,0.0011838584343963608,7.156248330338061e-16
canonical,1,0,recovered,260,0.01059217946274287,6.184484208317709e-16
canonical,1,0,raw,261,-0.0026381422443256656,0.003046264269843852
canonical,1,0,recovered,261,0.014312972707608061,3.442626168835652e-16
canonical,1,0,raw,262,-0.007627996812673505,0.00880805202634945
canonical,1,0,recovered,262,0.023202729870310294,6.503029909858759e-16
canonical,1,0,raw,263,-0.011820628755368094,0.013649286387804884
canonical,1,0,recovered,263,0.008044338675892862,2.4315307151122375e-16
canonical,1,0,raw,264,-0.006200084275196323,0.007159240650566002
canonical,1,0,recovered,264,0.017018439683223894,5.774497425470802e-16
canonical,1,0,raw,265,-0.0029925029210236456,0.003455444734007382
canonical,1,0,recovered,265,0.014407665512949074,4.467700243614511e-16
canonical,1,0,raw,266,0.003621546771568575,8.501624065145153e-16
canonical,1,0,recovered,266,0.01214084556389986,4.378545070690006e-16
canonical,1,0,raw,267,0.0023497784163664633,6.140192900577005e-16
canonical,1,0,recovered,267,0.013694538345223,3.1868093720193247e-16
canonical,1,0,raw,268,-0.0024689839681885446,0.0028509371173171564
canonical,1,0,recovered,268,0.014521634762905399,3.302769542229221e-16
canonical,1,0,raw,269,-0.0018874341372545295,0.002179421214443005
canonical,1,0,recovered,269,0.017831721150212903,5.844852158713099e-16
canonical,1,0,raw,270,-0.0007108483362271058,0.0008208169565475989
canonical,1,0,recovered,270,0.011938365592907434,3.0272788556301084e-16
canonical,1,0,raw,271,-0.0017122595714391513,0.001977147048985794
canonical,1,0,recovered,271,0.015195843104295144,2.972565224743959e-16
canonical,1,0,raw,272,0.003706319570478125,3.5613095580889936e-16
canonical,1,0,recovered,272,0.016880692659677628,1.7942022766087117e-16
canonical,1,0,raw,273,-0.0051164959055809926,0.0059080205767895085
canonical,1,0,recovered,273,0.02100610257909714,5.643229710249858e-16
canonical,1,0,raw,274,1.4158781479665741e-05,1.2627982663605648e-15
canonical,1,0,recovered,274,0.015219389031237146,3.406659498429351e-16
canonical,1,0,raw,275,-0.004365671177751968,0.005041042859336993
canonical,1,0,recovered,275,0.011062400876195762,6.056598275617447e-16
canonical,1,0,raw,276,-0.0032423456375409655,0.003743938253280225
canonical,1,0,recovered,276,0.015553075317307749,6.141303932775238e-16
canonical,1,0,raw,277,0.0004813997105679923,7.643184548218486e-16
canonical,1,0,recovered,277,0.018191395850742496,5.815755855752891e-16
canonical,1,0,raw,278,-0.0006388901769984209,0.0007377268313451487
canonical,1,0,recovered,278,0.007866193250173514,2.571987163486521e-16
canonical,1,0,raw,279,-0.00812734178176221,0.009384645930992934
canonical,1,0,recovered,279,0.014527699087285842,4.4125105051539e-16
canonical,1,0,raw,280,0.005695581943009609,1.2060863793967229e-15
canonical,1,0,recovered,280,0.009178306865491837,5.996014041794019e-16
canonical,1,0,raw,281,0.0013828862365633581,1.092576001266055e-15
canonical,1,0,recovered,281,0.01722929049347855,3.387078127613291e-16
canonical,1,0,raw,282,-0.006914712495996317,0.00798442224186453
canonical,1,0,recovered,282,0.012731667763158403,2.935465318603743e-16
canonical,1,0,raw,283,0.00023355573428689502,3.435836855670329e-16
canonical,1,0,recovered,283,0.00820906110943998,4.611005661493863e-16
canonical,1,0,raw,284,0.007483593173074811,1.5527789473375528e-15
canonical,1,0,recovered,284,0.010742394397837805,5.068422397210243e-16
canonical,1,0,raw,285,-0.001491044339667214,0.0017217097017609932
canonical,1,0,recovered,285,0.015229406494541443,8.461886164243173e-16
canonical,1,0,raw,286,-0.004738336054133568,0.005471359192729734
canonical,1,0,recovered,286,0.020972881773404256,3.4334657780524886e-16
canonical,1,0,raw,287,4.901917383374385e-05,7.417412410475291e-16
canonical,1,0,recovered,287,0.017741686204800537,2.031609148289883e-16
canonical,1,0,raw,288,-0.0020339242664862618,0.0023485734455342467
canonical,1,0,recovered,288,0.007679729686714502,5.347561269161174e-16
canonical,1,0,raw,289,-0.010269656971894815,0.011858378434417283
canonical,1,0,recovered,289,0.008733253883232199,3.526260185857738e-16
canonical,1,0,raw,290,-0.0022046432557737555,0.0025457027543761284
canonical,1,0,recovered,290,0.013345642600025864,6.767959225463133e-16
canonical,1,0,raw,291,-0.0035608214818955986,0.004111682482217193
canonical,1,0,recovered,291,0.008470317161017355,2.1740002811658854e-16
canonical,1,0,raw,292,0.0024577856191437034,6.552474476091398e-16
canonical,1,0,recovered,292,0.018047132820963617,2.7147885488498643e-16
canonical,1,0,raw,293,0.00847303485735342,5.455071838413563e-16
canonical,1,0,recovered,293,0.01953311295257541,1.9772334356364347e-16
canonical,1,0,raw,294,0.008181948729319275,6.610252521117998e-16
canonical,1,0,recovered,294,0.017709335893390913,3.889960563141504e-16
canonical,1,0,raw,295,-0.00043747712086626635,0.000505155066992897
canonical,1,0,recovered,295,0.01078593932673505,2.733201209367529e-16
canonical,1,0,raw,296,-0.0007564026581526913,0.0008734185566002689
canonical,1,0,recovered,296,0.010201884433022293,2.958866986842813e-16
canonical,1,0,raw,297,0.0007867672403014762,5.339641874360705e-16
canonical,1,0,recovered,297,0.01573623431142384,8.32175618336082e-16
canonical,1,0,raw,298,0.0010527502717363748,4.581086612585499e-16
canonical,1,0,recovered,298,0.015897603448388243,2.3059733877809023e-16
canonical,1,0,raw,299,-0.004801689136803169,0.005544513031396598
canonical,1,0,recovered,299,0.015347089894567437,5.415984773272307e-16
canonical,1,0,raw,300,0.007265588756476782,1.2557486989236454e-15
canonical,1,0,recovered,300,0.013410036059252953,5.008727958919702e-16
canonical,1,0,raw,301,0.0032845091065569466,6.44346741994922e-16
canonical,1,0,recovered,301,0.01756166683534425,2.500766808266698e-16
canonical,1,0,raw,302,-0.007492187473910711,0.008651232909762973
canonical,1,0,recovered,302,0.011011772361364497,4.923405160970314e-16
canonical,1,0,raw,303,-0.006050904521090727,0.006986982708185009
canonical,1,0,recovered,303,0.018962247788844307,4.0028156878735447e-16
canonical,1,0,raw,304,-0.013059000781994779,0.015079235233664601
canonical,1,0,recovered,304,0.008915880371472668,5.075564369050235e-16
canonical,1,0,raw,305,0.0033710701409666415,3.611918609255913e-16
canonical,1,0,recovered,305,0.01746042764272607,4.513541847837457e-16
canonical,1,0,raw,306,0.0057628124762298255,8.597276683515827e-16
canonical,1,0,recovered,306,0.013161182825595398,4.1129594891246703e-16
canonical,1,0,raw,307,-0.008730503449739748,0.01008111703373625
canonical,1,0,recovered,307,0.006927283850371392,3.8418461883061815e-16
canonical,1,0,raw,308,-0.0031126618645301992,0.003594192330765562
canonical,1,0,recovered,308,0.006410112327225414,2.6676696961557556e-16
canonical,1,0,raw,309,-0.002044129403191716,0.002360357322382447
canonical,1,0,recovered,309,0.01185716823479995,2.194019253339745e-16
canonical,1,0,raw,310,0.0020230852939477966,1.1517251006649926e-15
canonical,1,0,recovered,310,0.013153628818924394,2.876138042183822e-16
canonical,1,0,raw,311,-0.004751848983282258,0.0054869625792929
canonical,1,0,recovered,311,0.009659326349000274,1.9156720292678273e-16
canonical,1,0,raw,312,-0.011813986457866622,0.013641616523303757
canonical,1,0,recovered,312,0.010904958431510672,1.812121901754595e-16
canonical,1,0,raw,313,0.003831001364108499,1.0043221696141357e-15
canonical,1,0,recovered,313,0.005612189220157968,2.949495441584396e-16
canonical,1,0,raw,314,0.0009328115937902321,9.441347685768217e-16
canonical,1,0,recovered,314,0.004635687577756293,2.505411295705932e-16
canonical,1,0,raw,315,0.002581688266873151,7.542685500771919e-16
canonical,1,0,recovered,315,0.022901581469488654,6.2113315101186165e-16
canonical,1,0,raw,316,0.0036403859176496523,6.952388342522947e-16
canonical,1,0,recovered,316,0.02248453648657301,4.3981997148886863e-16
canonical,1,0,raw,317,0.008633774499448887,6.733073919466417e-16
canonical,1,0,recovered,317,0.0122627867598663,3.875607714854523e-16
canonical,1,0,raw,318,0.00228277315503578,5.4255262018711e-16
canonical,1,0,recovered,318,0.01540205463757152,2.9060935494298574e-16
canonical,1,0,raw,319,0.009462930287913871,6.93141582500668e-16
canonical,1,0,recovered,319,0.013373013049317635,6.658958265902328e-16
canonical,1,0,raw,320,0.0011309658700630761,4.2162346131646893e-16
canonical,1,0,recovered,320,0.018690015377879027,1.9474250974597515e-16
canonical,1,0,raw,321,-0.009988540306878855,0.011533772869975648
canonical,1,0,recovered,321,0.01935063199409211,4.512950095652491e-16
canonical,1,0,raw,322,-0.006966782405261687,0.00804454739412675
canonical,1,0,recovered,322,0.004812261460423395,4.3691663373397057e-16
canonical,1,0,raw,323,0.0011854035021949254,4.347525796804121e-16
canonical,1,0,recovered,323,0.011426637739264417,3.76404515480488e-16
canonical,1,0,raw,324,-0.00808081061040332,0.009330916362373346
canonical,1,0,recovered,324,0.019503798468887164,9.35040707329555e-16
canonical,1,0,raw,325,-0.005086635449695904,0.005873540692302864
canonical,1,0,recovered,325,0.010865893636756866,7.914009863652024e-16
canonical,1,0,raw,326,-0.006667798417674873,0.00769931042269355
canonical,1,0,recovered,326,0.006103316091378322,5.874158943430253e-16
canonical,1,0,raw,327,-0.006652781474163873,0.007681970349936464
canonical,1,0,recovered,327,0.012316837339013224,1.8472706803370316e-16
canonical,1,0,raw,328,-0.0115634413555509,0.013352311958771217
canonical,1,0,recovered,328,0.014883773239323588,1.5916974136219003e-16
canonical,1,0,raw,329,0.006667206933435712,4.1624914824284987e-16
canonical,1,0,recovered,329,0.009749237163000883,8.110366225736109e-16
canonical,1,0,raw,330,0.007433749900411713,4.825416405961105e-16
canonical,1,0,recovered,330,0.016119966849966902,3.3866449782427305e-16
canonical,1,0,raw,331,0.009630753621877285,6.508937693848362e-16
canonical,1,0,recovered,331,0.019563476452759278,6.702518538424022e-16
canonical,1,0,raw,332,0.0022041131338123676,5.257757698172718e-16
canonical,1,0,recovered,332,0.000278497556129305,3.478590989336554e-16
canonical,1,0,raw,333,-0.0010525830799036433,0.0012154182490540216
canonical,1,0,recovered,333,0.01028074557609308,6.812929070413837e-16
canonical,1,0,raw,334,0.004954782285295238,8.938179708150696e-16
canonical,1,0,recovered,334,0.004311067965433208,3.3783169057106666e-16
canonical,1,0,raw,335,-0.003786992471808313,0.004372842246035237
canonical,1,0,recovered,335,0.012253357155417336,2.282364838642926e-16
canonical,1,0,raw,336,0.005919854904400459,9.411762661961063e-16
canonical,1,0,recovered,336,0.0259108459929638,7.722988135747953e-16
canonical,1,0,raw,337,0.0003590166073344721,4.067917593195369e-16
canonical,1,0,recovered,337,0.01990510939370047,3.406149809965291e-16
canonical,1,0,raw,338,-0.009552765821621406,0.011030583837237259
canonical,1,0,recovered,338,0.009184274686786042,2.4368157170547444e-16
canonical,1,0,raw,339,0.0013180502892600426,4.811903731867159e-16
canonical,1,0,recovered,339,0.012372755178647398,4.32169459564975e-16
canonical,1,0,raw,340,0.005945478796986039,5.8081510826202e-16
canonical,1,0,recovered,340,0.017946280410453593,6.419519954661936e-16
canonical,1,0,raw,341,0.00232625638103022,5.806039410074947e-16
canonical,1,0,recovered,341,0.011992809495842372,2.930470314563309e-16
canonical,1,0,raw,342,-0.0008307383224705955,0.0009592539882091654
canonical,1,0,recovered,342,0.009913567725969389,1.597185467134512e-16
canonical,1,0,raw,343,0.008359193919007793,8.080125928261464e-16
canonical,1,0,recovered,343,0.022417709566583646,4.107321885352285e-16
canonical,1,0,raw,344,0.001985620478891599,5.191659055062815e-16
canonical,1,0,recovered,344,0.007181489316234908,2.8173723093751274e-16
canonical,1,0,raw,345,-0.0005833374885290962,0.0006735801120612463
canonical,1,0,recovered,345,0.011983221009982793,3.142200555050056e-16
canonical,1,0,raw,346,0.0028097196025333206,5.4170440500489025e-16
canonical,1,0,recovered,346,0.015187331428659426,4.66154208704898e-16
canonical,1,0,raw,347,-0.0015838871280355743,0.0018289153194743927
canonical,1,0,recovered,347,0.007318690488056091,1.9746342925618338e-16
canonical,1,0,raw,348,-0.0011028352562068838,0.0012734444640855247
canonical,1,0,recovered,348,0.02030317901568308,4.680363022390341e-16
canonical,1,0,raw,349,-0.0036628103538057432,0.004229449087520627
canonical,1,0,recovered,349,0.014422749680896583,1.8890672709517539e-16
canonical,1,0,raw,350,0.007070608917214139,2.568271507634518e-16
canonical,1,0,recovered,350,0.012778271576669132,5.337011817241353e-16
canonical,1,0,raw,351,0.006933735368574587,5.99196393269558e-16
canonical,1,0,recovered,351,0.014409497220943401,6.260883428714017e-16
canonical,1,0,raw,352,-0.0008128066248558344,0.000938548247319009
canonical,1,0,recovered,352,0.004282140621419502,5.67166043136136e-16
canonical,1,0,raw,353,0.0016067680064793847,2.7864932365318766e-16
canonical,1,0,recovered,353,0.02246819745596023,3.4504825695972477e-16
canonical,1,0,raw,354,-0.01192866733714456,0.01377403859634758
canonical,1,0,recovered,354,0.01771072754969654,2.7104811449762944e-16
canonical,1,0,raw,355,0.00522542277722816,6.966302612583084e-16
canonical,1,0,recovered,355,0.010106401156004922,3.3376187872429796e-16
canonical,1,0,raw,356,-0.004931638866996666,0.005694566054813242
canonical,1,0,recovered,356,0.01696272914017027,3.6501865311697665e-16
canonical,1,0,raw,357,-0.003027771308695453,0.003496169160239906
canonical,1,0,recovered,357,0.01713810811483151,1.8480943993893533e-16
canonical,1,0,raw,358,-0.0013521001809120243,0.001561270806841955
canonical,1,0,recovered,358,0.013406757156247891,3.032854378199714e-16
canonical,1,0,raw,359,0.002181314796108845,3.7859520182575206e-16
canonical,1,0,recovered,359,0.007380719905797469,3.823309486615155e-16
canonical,1,0,raw,360,0.00896883617584652,1.5199110981901504e-15
canonical,1,0,recovered,360,0.009430987086700114,3.346788631865863e-16
canonical,1,0,raw,361,0.004186658915081026,1.1006926397092056e-15
canonical,1,0,recovered,361,0.01498914930543899,4.969278828878118e-16
canonical,1,0,raw,362,-0.0046652548149309185,0.005386972246477024
canonical,1,0,recovered,362,0.01883460038674064,6.835743554542199e-16
canonical,1,0,raw,363,-0.004170572405668026,0.00481576220217466
canonical,1,0,recovered,363,0.004543193035399881,6.817842755271722e-16
canonical,1,0,raw,364,-0.004241574667096999,0.004897748551672348
canonical,1,0,recovered,364,0.013935398712959216,4.647594202845794e-16
canonical,1,0,raw,365,-0.0067031082450819185,0.007740082699410329
canonical,1,0,recovered,365,0.009696801122608598,9.299260623372478e-16
canonical,1,0,raw,366,0.005386322407761807,7.429089363706169e-16
canonical,1,0,recovered,366,0.009695626015576173,5.233467133878936e-16
canonical,1,0,raw,367,-0.004611697439909816,0.0053251295167063275
canonical,1,0,recovered,367,0.016930831756054126,1.6749235773577327e-16
canonical,1,0,raw,368,-0.00836337587212302,0.009657194622208478
canonical,1,0,recovered,368,0.011165301851314771,1.4350268712392489e-16
canonical,1,0,raw,369,-0.0014815244054567178,0.0017107170286027426
canonical,1,0,recovered,369,0.012583548801274937,6.810159605457567e-16
canonical,1,0,raw,370,-0.001186078259872495,0.0013695652052350441
canonical,1,0,recovered,370,0.014230150805249489,9.719511532499304e-16
canonical,1,0,raw,371,0.00646649162485569,3.204030859154788e-16
canonical,1,0,recovered,371,0.0029673506353841317,2.2000596716270865e-16
canonical,1,0,raw,372,-0.0007123790170649044,0.0008225844345347242
canonical,1,0,recovered,372,0.02011121032035717,3.0896345539076226e-16
canonical,1,0,raw,373,-0.0158246926620661,0.018272781136574042
canonical,1,0,recovered,373,0.022562185879820913,1.766758588782837e-16
canonical,1,0,raw,374,-0.004381790447692311,0.00505965578901551
canonical,1,0,recovered,374,0.01290810263538869,3.3572389860859747e-16
canonical,1,0,raw,375,-0.004121372079591776,0.0047589505591656475
canonical,1,0,recovered,375,0.014931145098997001,4.689926258131436e-16
canonical,1,0,raw,376,0.00820183511600876,2.259764487522571e-16
canonical,1,0,recovered,376,0.013570150559713452,2.714400556124626e-16
canonical,1,0,raw,377,0.003981685840235326,8.803392635154709e-16
canonical,1,0,recovered,377,0.010194204780307593,4.3868767989415474e-16
canonical,1,0,raw,378,0.0025161370834293076,1.2707909197210772e-15
canonical,1,0,recovered,378,0.010543583452885261,6.783625561692275e-16
canonical,1,0,raw,379,-0.00012548945157062625,0.00014490273728921054
canonical,1,0,recovered,379,0.010376891915123585,3.2104806272333324e-16
canonical,1,0,raw,380,0.0030817990643175154,7.503221115102771e-16
canonical,1,0,recovered,380,0.01397966174542856,4.4162342764053314e-16
canonical,1,0,raw,381,-0.0056747506115450794,0.006552637586318935
canonical,1,0,recovered,381,0.010237841594539734,2.7232486781175227e-16
canonical,1,0,raw,382,-0.010231062904805044,0.011813813844370484
canonical,1,0,recovered,382,0.014220549439884038,2.071533314517784e-16
canonical,1,0,raw,383,-0.0023809288426856574,0.0027492598164919452
canonical,1,0,recovered,383,0.00828720280077195,2.8207536044495935e-16
canonical,1,0,raw,384,0.005810359155632349,8.97789790634059e-16
canonical,1,0,recovered,384,0.006167372465664474,7.458769456310045e-16
canonical,1,0,raw,385,-0.0033253886377062184,0.0038398280502795535
canonical,1,0,recovered,385,0.01547430666095153,2.5880139774948064e-16
canonical,1,0,raw,386,-0.005201122078189746,0.006005738463861847
canonical,1,0,recovered,386,0.015752997092409314,2.55250758840549e-16
canonical,1,0,raw,387,0.009807937311843536,5.543608091324351e-16
canonical,1,0,recovered,387,0.015098426978623966,2.385836089177512e-16
canonical,1,0,raw,388,0.0038308760877393227,9.487878919527837e-16
canonical,1,0,recovered,388,-0.0017784686928936347,0.00205359875717473
canonical,1,0,raw,389,-0.0012958895854130455,0.0014963644019566295
canonical,1,0,recovered,389,0.006173369701802023,1.9760727508875335e-16
canonical,1,0,raw,390,0.005102018841812735,5.373780229667356e-16
canonical,1,0,recovered,390,0.012713395352871217,4.735132806066498e-16
canonical,1,0,raw,391,0.0022816656028588614,2.7252279442357256e-16
canonical,1,0,recovered,391,0.005522727736300354,2.1258614191103223e-16
canonical,1,0,raw,392,0.00257001309800208,4.092372480480009e-16
canonical,1,0,recovered,392,0.002722232121875861,5.062098028727339e-16
canonical,1,0,raw,393,-0.006959777338706514,0.00803645864000427
canonical,1,0,recovered,393,0.0007261419617188301,6.186338648237887e-16
canonical,1,0,raw,394,-0.0023589323055336515,0.0027238604031997885
canonical,1,0,recovered,394,0.015305780518252115,5.062110103885305e-16
canonical,1,0,raw,395,0.0017164151717029932,3.0036525342515675e-16
canonical,1,0,recovered,395,0.011818994893272651,5.686869323139663e-16
canonical,1,0,raw,396,-0.0005711135021704296,0.0006594650684318674
canonical,1,0,recovered,396,0.01515500019043189,4.3799773757150534e-16
canonical,1,0,raw,397,0.0033200182944924457,9.371921853732483e-16
canonical,1,0,recovered,397,0.015066776817297955,5.372048355162258e-16
canonical,1,0,raw,398,0.004422080040440421,1.410072014201788e-15
canonical,1,0,recovered,398,0.012465437157616591,4.591683115034276e-16
canonical,1,0,raw,399,-0.005741401103363549,0.006629598945105148
canonical,1,0,recovered,399,0.013893289141005119,2.899713658845687e-16
canonical,1,0,raw,400,0.0037622745274158544,1.3715239589654848e-15
canonical,1,0,recovered,400,0.010822348286815745,4.3979645134982016e-16
canonical,1,0,raw,401,-0.013215855897075402,0.015260355919495578
canonical,1,0,recovered,401,0.011047970878614062,7.804423275751673e-16
canonical,1,0,raw,402,-0.005945154205759517,0.006864872762138155
canonical,1,0,recovered,402,0.010731037976355856,4.250045964170298e-16
canonical,1,0,raw,403,-0.005533502314582899,0.00638953810177165
canonical,1,0,recovered,403,0.01812790871824611,3.3249046144285615e-16
canonical,1,0,raw,404,-0.0006427735139206832,0.0007422109225800929
canonical,1,0,recovered,404,0.016065689268396074,1.6161145368180553e-16
canonical,1,0,raw,405,0.009608990499554725,7.033329385668177e-16
canonical,1,0,recovered,405,0.017288809546316175,2.5297803388767e-16
canonical,1,0,raw,406,0.0053417891283321015,5.419945637555298e-16
canonical,1,0,recovered,406,0.015304498931590528,2.391059488021905e-16
canonical,1,0,raw,407,-0.0006835064626892817,0.000789245280452937
canonical,1,0,recovered,407,0.012828932524420043,6.289949164108981e-16
canonical,1,0,raw,408,-0.0030040836891475167,0.003468817053194877
canonical,1,0,recovered,408,0.02061165049534042,3.767058224975872e-16
canonical,1,0,raw,409,-0.0028359138431592215,0.0032746312414930062
canonical,1,0,recovered,409,0.003264586997629875,4.681211094386185e-16
canonical,1,0,raw,410,8.434760079377287e-05,5.478167919726354e-16
canonical,1,0,recovered,410,0.011498586484910582,4.212552820130127e-16
canonical,1,0,raw,411,-0.009075678658645255,0.010479691033294552
canonical,1,0,recovered,411,0.011025171887264101,6.485659334436789e-16
canonical,1,0,raw,412,0.0013794345180127715,3.5737566673920804e-16
canonical,1,0,recovered,412,0.013592440309426636,8.93575673038253e-16
canonical,1,0,raw,413,0.005944445468088761,1.2973940319052318e-15
canonical,1,0,recovered,413,0.008313460252215342,6.641412247748884e-16
canonical,1,0,raw,414,-0.0005501529794217268,0.0006352619415295
canonical,1,0,recovered,414,0.017692778115286766,1.7993314205028425e-16
canonical,1,0,raw,415,0.00675129943564538,1.0741568641396995e-15
canonical,1,0,recovered,415,0.015876403536707117,4.1356740871044144e-16
canonical,1,0,raw,416,-0.0008354558014661349,0.0009647012637452593
canonical,1,0,recovered,416,0.015094344797237045,3.9231537630396265e-16
canonical,1,0,raw,417,-0.0017872185263367814,0.0020637021945623256
canonical,1,0,recovered,417,0.016480420461519762,4.495151892912238e-16
canonical,1,0,raw,418,0.004622405705250652,1.2202605237278347e-15
canonical,1,0,recovered,418,0.017020854599788693,2.314962317951286e-16
canonical,1,0,raw,419,0.0013546501350311473,4.856017471462086e-16
canonical,1,0,recovered,419,0.016598640064046887,4.12803829993642e-16
canonical,1,0,raw,420,0.0008220630485406377,3.3854910311818046e-16
canonical,1,0,recovered,420,0.01772279993639643,3.368653662331064e-16
canonical,1,0,raw,421,-0.01007630807070092,0.01163511835411349
canonical,1,0,recovered,421,0.012180780012341044,7.2278664519842235e-16
canonical,1,0,raw,422,0.0038078049419490484,6.563229470461011e-16
canonical,1,0,recovered,422,0.010374286110104108,1.0045993790046432e-15
canonical,1,0,raw,423,-0.0030642581888283187,0.0035383005803729024
canonical,1,0,recovered,423,0.012957210998258344,8.606279655495122e-16
canonical,1,0,raw,424,-0.010064485541740576,0.011621466873557812
canonical,1,0,recovered,424,0.012469260940568288,3.148851637870793e-16
canonical,1,0,raw,425,0.009441334395667326,9.49091780843399e-16
canonical,1,0,recovered,425,0.015269318155637618,9.735439083329447e-16
canonical,1,0,raw,426,0.0017621278220888168,7.131274988472005e-16
canonical,1,0,recovered,426,0.0016182336577507913,6.072416500716667e-16
canonical,1,0,raw,427,-0.003104965159243189,0.0035853049410268065
canonical,1,0,recovered,427,0.00672103055475733,5.328556203211032e-16
canonical,1,0,raw,428,0.006272777657916775,3.722134116235391e-16
canonical,1,0,recovered,428,0.013253428692206238,2.61635933823305e-16
canonical,1,0,raw,429,-0.003495301484789646,0.004036026506284407
canonical,1,0,recovered,429,0.011936770977252776,4.434281379940503e-16
canonical,1,0,raw,430,0.002024724163248213,7.50290280363737e-16
canonical,1,0,recovered,430,0.011075802704542902,2.981867813997889e-16
canonical,1,0,raw,431,0.0032064898211231125,9.973182652003487e-16
canonical,1,0,recovered,431,0.022619218049860893,8.385493521894615e-16
canonical,1,0,raw,432,-0.012373722240111068,0.014287943732411743
canonical,1,0,recovered,432,0.017436474762005588,1.7201672996508731e-16
canonical,1,0,raw,433,0.0005738046568101433,6.218071019779423e-16
canonical,1,0,recovered,433,0.011967223693714078,2.88950598741233e-16
canonical,1,0,raw,434,0.0015210458834451304,4.909072046868842e-16
canonical,1,0,recovered,434,0.01773030693938399,5.641979761611773e-16
canonical,1,0,raw,435,-0.0007801179712028894,0.00090080264134737
canonical,1,0,recovered,435,0.014640427246541413,2.8827116276467875e-16
canonical,1,0,raw,436,-0.00022196814727800835,0.00025630673916489426
canonical,1,0,recovered,436,0.01977851187193863,8.175371740795091e-16
canonical,1,0,raw,437,0.004778768662746374,4.281508750844638e-16
canonical,1,0,recovered,437,0.01538491294683412,1.544025709282484e-16
canonical,1,0,raw,438,0.0006901397938534808,4.124562710862174e-16
canonical,1,0,recovered,438,0.010219013764997602,3.757159611766616e-16
canonical,1,0,raw,439,0.007988765763819662,4.4198910815553727e-16
canonical,1,0,recovered,439,0.011285943219815634,4.51471678770682e-16
canonical,1,0,raw,440,-0.0016198829992325862,0.0018704797713252012
canonical,1,0,recovered,440,0.014404282105410032,3.835651702665033e-16
canonical,1,0,raw,441,0.000538372813232976,5.0334676414486085e-16
canonical,1,0,recovered,441,0.011634481549227992,4.678450843533779e-16
canonical,1,0,raw,442,0.008908312300093526,1.4128204854505426e-15
canonical,1,0,recovered,442,0.015712243690291283,2.7356567215847674e-16
canonical,1,0,raw,443,0.000934630492256991,5.700671925229877e-16
canonical,1,0,recovered,443,0.005071064522523311,2.1395899606799235e-16
canonical,1,0,raw,444,0.004200029049795846,4.534328958987374e-16
canonical,1,0,recovered,444,0.010297902144603103,2.689864101731157e-16
canonical,1,0,raw,445,-0.004875107443164727,0.005629289189279095
canonical,1,0,recovered,445,0.014018345432380036,3.9570343413188675e-16
canonical,1,0,raw,446,0.009478667924910084,8.926960158066886e-16
canonical,1,0,recovered,446,0.010619856335414513,3.516235971835859e-16
canonical,1,0,raw,447,-0.006702662904375108,0.007739568464256572
canonical,1,0,recovered,447,0.01194113608709105,2.742708359395388e-16
canonical,1,0,raw,448,0.004861623043140504,4.8823991775008265e-16
canonical,1,0,recovered,448,0.01679587461912735,6.45630149670203e-16
canonical,1,0,raw,449,-0.0018289028069670104,0.0021118350558481866
canonical,1,0,recovered,449,0.013740323781189952,4.0574594339817447e-16
canonical,1,0,raw,450,0.0019668429372168743,7.395414784379908e-16
canonical,1,0,recovered,450,0.018879453450628848,6.732314780677156e-16
canonical,1,0,raw,451,-0.008756101661385327,0.010110675302505208
canonical,1,0,recovered,451,0.017389716874564868,4.3946061762001856e-16
canonical,1,0,raw,452,-0.003767692741219184,0.004350556836733496
canonical,1,0,recovered,452,0.011112995245051629,4.030196338896856e-16
canonical,1,0,raw,453,0.004143945943050882,6.977101074102138e-16
canonical,1,0,recovered,453,0.016608453866314456,2.292674253533704e-16
canonical,1,0,raw,454,-3.3775994624364235e-05,3.900115917700218e-05
canonical,1,0,recovered,454,0.017275408107467773,4.059757936717867e-16
canonical,1,0,raw,455,0.0041856786531656075,3.8707663566367917e-16
canonical,1,0,recovered,455,0.016459588579374986,2.7726286703493447e-16
canonical,1,0,raw,456,-0.01372729107286083,0.015850910392321154
canonical,1,0,recovered,456,0.018254132153262177,1.4220765356495586e-16
canonical,1,0,raw,457,-0.010060549084587657,0.011616921444364062
canonical,1,0,recovered,457,0.012346698554217123,4.630871043337019e-16
canonical,1,0,raw,458,0.0008327994810596539,4.0417949081777654e-16
canonical,1,0,recovered,458,0.020886913286443223,2.4526239610729154e-16
canonical,1,0,raw,459,-0.012804917890481264,0.014785845582040854
canonical,1,0,recovered,459,0.010555064303363358,4.849698489688326e-16
canonical,1,0,raw,460,-0.008357862042869126,0.009650827800600382
canonical,1,0,recovered,460,0.016915584513153517,6.818787348400551e-16
canonical,1,0,raw,461,-0.005250637260805246,0.006062913671885804
canonical,1,0,recovered,461,0.010311949740538342,6.24462201936993e-16
canonical,1,0,raw,462,0.0076124643647654654,7.265302262898169e-16
canonical,1,0,recovered,462,0.01614142937228454,2.545497978903659e-16
canonical,1,0,raw,463,0.0057415095648457,2.8867708962120035e-16
canonical,1,0,recovered,463,0.013275617049229978,3.0988690695251274e-16
canonical,1,0,raw,464,-0.011756461179326107,0.01357519205320252
canonical,1,0,recovered,464,0.01172192204009253,3.443748341301139e-16
canonical,1,0,raw,465,-0.0027033610899232,0.003121572505967673
canonical,1,0,recovered,465,0.01832115291539558,2.796000800816448e-16
canonical,1,0,raw,466,0.0006846953394669206,1.8825646443204948e-16
canonical,1,0,recovered,466,0.009925765094830813,6.362324496725971e-16
canonical,1,0,raw,467,-0.013420263891292944,0.015496385940467407
canonical,1,0,recovered,467,0.009975195960483659,1.699254399861967e-16
canonical,1,0,raw,468,0.005197292289757236,5.024347984894713e-16
canonical,1,0,recovered,468,0.015325648435304425,3.0594640799126533e-16
canonical,1,0,raw,469,0.003915752441965693,1.5883584769058082e-15
canonical,1,0,recovered,469,0.008009059637086766,6.892511894565793e-16
canonical,1,0,raw,470,-0.0017494883392885807,0.0020201351272649227
canonical,1,0,recovered,470,0.02154440341088072,1.936889477974052e-16
canonical,1,0,raw,471,0.0007540979249012445,5.043497814391449e-16
canonical,1,0,recovered,471,0.015216933087255767,8.727417771685441e-16
canonical,1,0,raw,472,-0.0027515485145634326,0.003177214551143143
canonical,1,0,recovered,472,0.010134493527121135,2.413698009646482e-16
canonical,1,0,raw,473,-0.008544930520804853,0.009866835872786644
canonical,1,0,recovered,473,0.017438150340471727,1.5341640801458113e-16
canonical,1,0,raw,474,0.001684690058474753,7.919288166770268e-16
canonical,1,0,recovered,474,0.012314129769876779,3.166143610219783e-16
canonical,1,0,raw,475,-0.0023539442066250185,0.0027181006427043643
canonical,1,0,recovered,475,0.012879648979653848,2.3942424570854045e-16
canonical,1,0,raw,476,0.007676384183670712,9.3465803798597e-16
canonical,1,0,recovered,476,0.011127848334405522,6.510638288696811e-16
canonical,1,0,raw,477,-0.008352935682408951,0.009645139329524963
canonical,1,0,recovered,477,0.01495652636258948,4.095371319549679e-16
canonical,1,0,raw,478,0.0036964580181674664,4.166483856381285e-16
canonical,1,0,recovered,478,0.008978545581112992,1.9285978898974963e-16
canonical,1,0,raw,479,0.0002950885878683296,1.0557934257364308e-15
canonical,1,0,recovered,479,0.0213018268759185,3.085644716280006e-16
canonical,1,0,raw,480,0.007065485311665196,1.665664056622056e-15
canonical,1,0,recovered,480,0.015283466709732293,3.185126915071157e-16
canonical,1,0,raw,481,-7.645810431737535e-05,8.8286214218724e-05
canonical,1,0,recovered,481,0.010273819904989942,2.82640173378283e-16
canonical,1,0,raw,482,0.007839161073508067,5.307038398825269e-16
canonical,1,0,recovered,482,0.01091691874862861,4.617569320998476e-16
canonical,1,0,raw,483,5.098599254730118e-05,8.688609780722834e-16
canonical,1,0,recovered,483,0.01644593601016835,6.949340459672183e-16
canonical,1,0,raw,484,-0.0019429117241614477,0.0022434812139122753
canonical,1,0,recovered,484,0.00719660274796141,7.243909696285468e-16
canonical,1,0,raw,485,-0.003939728236642064,0.004549206315918436
canonical,1,0,recovered,485,0.021514994316733888,1.9373087991023612e-16
canonical,1,0,raw,486,-0.000921992057651501,0.001064624725351389
canonical,1,0,recovered,486,0.008620855859923707,3.1411834956141347e-16
canonical,1,0,raw,487,-0.011689939929401908,0.013498379930101652
canonical,1,0,recovered,487,0.011525941490756886,3.038992193518049e-16
canonical,1,0,raw,488,-0.007839730488324356,0.009052541015616264
canonical,1,0,recovered,488,0.010522001619546077,7.71379726715298e-16
canonical,1,0,raw,489,-0.005707411582968812,0.0065903512276060975
canonical,1,0,recovered,489,0.019954548149052717,3.524388904444545e-16
canonical,1,0,raw,490,0.0018976474867313494,3.637258980754721e-16
canonical,1,0,recovered,490,0.016393922095917033,2.0674254334477805e-16
canonical,1,0,raw,491,0.006081228375312789,1.1953683315790355e-15
canonical,1,0,recovered,491,0.020277551403753428,9.01019782027256e-16
canonical,1,0,raw,492,-0.0016627145034933703,0.0019199373323544279
canonical,1,0,recovered,492,0.016377772394883566,3.290291909911501e-16
canonical,1,0,raw,493,-0.00190852161164978,0.0022037709324802843
canonical,1,0,recovered,493,0.008443865415805362,5.879571501984488e-16
canonical,1,0,raw,494,-0.0006966162786383242,0.0008043831919874687
canonical,1,0,recovered,494,0.01323781570099289,4.173105288404558e-16
canonical,1,0,raw,495,-0.0006760932713234905,0.0007806852643916563
canonical,1,0,recovered,495,0.008841749399872987,3.7806227696422693e-16
canonical,1,0,raw,496,0.00013609716148902122,1.5307062239047771e-15
canonical,1,0,recovered,496,0.009485988030151701,6.415701289481213e-16
canonical,1,0,raw,497,0.002653684207180685,3.4314928534309094e-16
canonical,1,0,recovered,497,0.01610785681242276,1.7265945978497018e-16
canonical,1,0,raw,498,-0.0002516848218192344,0.00029062059925647404
canonical,1,0,recovered,498,0.020738857557032513,3.5211748645299595e-16
canonical,1,0,raw,499,0.007302543644438842,8.292697205103675e-16
canonical,1,0,recovered,499,0.008642104462667393,7.778859774192122e-16
canonical,0,1,raw,0,0.012477796974214897,1.2458618066987778e-15
canonical,0,1,recovered,0,0.013884875613728498,1.7054744857882418e-16
canonical,0,1,raw,1,0.013418988660911159,6.068154711181172e-16
canonical,0,1,recovered,1,0.020543716146498744,2.8050805809744923e-16
canonical,0,1,raw,2,0.021875048200389685,9.528482896709174e-16
canonical,0,1,recovered,2,0.022304256835205375,3.1042720893939333e-16
canonical,0,1,raw,3,0.01911613576569285,8.355994465957614e-16
canonical,0,1,recovered,3,0.015426480547661964,5.895434827158315e-16
canonical,0,1,raw,4,0.011340938707754593,5.199140913497316e-16
canonical,0,1,recovered,4,0.009977428759332625,4.661228126620216e-16
canonical,0,1,raw,5,0.01930675796990216,5.474255194514172e-16
canonical,0,1,recovered,5,0.017366103596532765,4.0869400329010234e-16
canonical,0,1,raw,6,0.017710569360167162,4.409937992865095e-16
canonical,0,1,recovered,6,0.020525892437890485,3.3755641745873963e-16
canonical,0,1,raw,7,0.021017977240529468,1.3741505284641947e-15
canonical,0,1,recovered,7,0.01633631652201131,3.211370963056578e-16
canonical,0,1,raw,8,0.01932346289613435,5.606998889380162e-16
canonical,0,1,recovered,8,0.006236395437356205,2.3103836969884407e-16
canonical,0,1,raw,9,0.017627910595680918,3.06587530267427e-16
canonical,0,1,recovered,9,0.02204977001449332,6.565719246878866e-16
canonical,0,1,raw,10,0.02178014990942964,5.508040702056743e-16
canonical,0,1,recovered,10,0.021178378813962305,3.618849956101801e-16
canonical,0,1,raw,11,0.02212824814267465,4.267743952499774e-16
canonical,0,1,recovered,11,0.021626248836555124,1.7367172622055375e-16
canonical,0,1,raw,12,0.025088569399263124,3.465867238041708e-16
canonical,0,1,recovered,12,0.01665869655651101,4.1518278932746454e-16
canonical,0,1,raw,13,0.02131842551177455,3.427566232267637e-16
canonical,0,1,recovered,13,0.019201541967451437,2.1186564403486376e-16
canonical,0,1,raw,14,0.017716533952436983,6.698537610725192e-16
canonical,0,1,recovered,14,0.01850647144280536,3.4862547409183407e-16
canonical,0,1,raw,15,0.02034617894771426,2.0248113455168002e-16
canonical,0,1,recovered,15,0.020470407798184806,3.0994820063683845e-16
canonical,0,1,raw,16,0.019289365690862852,5.835962096026801e-16
canonical,0,1,recovered,16,0.02020854372094795,2.916503037887626e-16
canonical,0,1,raw,17,0.02295402044386507,1.0101391024726633e-15
canonical,0,1,recovered,17,0.0161603694975837,2.5052569300109794e-16
canonical,0,1,raw,18,0.013725956291668564,9.975761569723957e-16
canonical,0,1,recovered,18,0.01995532216440605,1.8343009017484736e-16
canonical,0,1,raw,19,0.010573045490004507,3.7779752395309825e-16
canonical,0,1,recovered,19,0.004834552507562677,4.107277238713792e-16
canonical,0,1,raw,20,0.017990542150402807,6.361388995010678e-16
canonical,0,1,recovered,20,0.025039988243821205,2.566716692449031e-16
canonical,0,1,raw,21,0.011129203062465053,4.462472883405938e-16
canonical,0,1,recovered,21,0.018793682174467766,4.2904344488484533e-16
canonical,0,1,raw,22,0.016563534831613196,5.92162304584096e-16
canonical,0,1,recovered,22,0.02084129449529406,2.6995162326520857e-16
canonical,0,1,raw,23,0.01537863389037131,2.8337983639506665e-16
canonical,0,1,recovered,23,0.019090727181302617,3.055896477488155e-16
canonical,0,1,raw,24,0.01492698781804492,5.720581913606516e-16
canonical,0,1,recovered,24,0.01974837706207643,4.744258600809287e-16
canonical,0,1,raw,25,0.015050907232392951,2.6654196970560843e-16
canonical,0,1,recovered,25,0.018897999973491553,3.7428241921023565e-16
canonical,0,1,raw,26,0.014821298265634417,1.7763983435297993e-16
canonical,0,1,recovered,26,0.019423256442512006,8.614690314835476e-16
canonical,0,1,raw,27,0.011441022130076188,1.7518942506305668e-16
canonical,0,1,recovered,27,0.01817238080776303,4.693380843158694e-16
canonical,0,1,raw,28,0.017015231632891762,8.856392499581312e-16
canonical,0,1,recovered,28,0.01689927230636835,5.309840927901126e-16
canonical,0,1,raw,29,0.027084707009373602,5.599846179560568e-16
canonical,0,1,recovered,29,0.028745439571354715,1.801285018814096e-16
canonical,0,1,raw,30,0.017478511459604384,6.42281806224897e-16
canonical,0,1,recovered,30,0.013989660199295968,3.1500314462886675e-16
canonical,0,1,raw,31,0.02442143934181432,8.323377074339724e-16
canonical,0,1,recovered,31,0.012492184138382599,3.709940402378934e-16
canonical,0,1,raw,32,0.022819362420172337,1.1203158366897894e-15
canonical,0,1,recovered,32,0.020735458441502066,2.800396619041708e-16
canonical,0,1,raw,33,0.02388283827928331,5.116860881200499e-16
canonical,0,1,recovered,33,0.017367689679956524,3.617085967926336e-16
canonical,0,1,raw,34,0.017205860674680228,3.3140937465581497e-16
canonical,0,1,recovered,34,0.018930411644063963,1.6406784083586273e-16
canonical,0,1,raw,35,0.017554326736284515,4.737371487352033e-16
canonical,0,1,recovered,35,0.012480766362195646,6.61177189499172e-16
canonical,0,1,raw,36,0.022367410180648837,5.415381580896735e-16
canonical,0,1,recovered,36,0.014992535269495521,2.9138191071529486e-16
canonical,0,1,raw,37,0.016477814417235066,2.331541921413784e-16
canonical,0,1,recovered,37,0.01811150170909931,3.2222576119488533e-16
canonical,0,1,raw,38,0.028601160761261096,6.389910495698971e-16
canonical,0,1,recovered,38,0.023192544925184626,5.401888237752982e-16
canonical,0,1,raw,39,0.014423300473012613,4.607483190895149e-16
canonical,0,1,recovered,39,0.012237574157216009,1.8609533623507488e-16
canonical,0,1,raw,40,0.020589140092835814,5.310025113143408e-16
canonical,0,1,recovered,40,0.0239520952803444,4.23299632324847e-16
canonical,0,1,raw,41,0.01990722021084565,6.58047324648539e-16
canonical,0,1,recovered,41,0.01803512258261134,3.276199923254431e-16
canonical,0,1,raw,42,0.023524834800595817,4.1163237241659257e-16
canonical,0,1,recovered,42,0.007501304761670433,3.417428637742656e-16
canonical,0,1,raw,43,0.023498450059617797,3.0619097884045915e-16
canonical,0,1,recovered,43,0.01720242313754697,7.630979362967786e-16
canonical,0,1,raw,44,0.023301559144878945,4.893942090599325e-16
canonical,0,1,recovered,44,0.01894093149612614,3.1035798036531246e-16
canonical,0,1,raw,45,0.021282444723861794,4.936515247707805e-16
canonical,0,1,recovered,45,0.02187730827211637,4.0164435936388437e-16
canonical,0,1,raw,46,0.023119550590642735,4.727738133967599e-16
canonical,0,1,recovered,46,0.020447046119555796,3.8625605886039473e-16
canonical,0,1,raw,47,0.015928570341265463,6.04182359054357e-16
canonical,0,1,recovered,47,0.01949369880639682,3.695531056774138e-16
canonical,0,1,raw,48,0.01827541325011457,4.715660791392576e-16
canonical,0,1,recovered,48,0.01889405663290654,4.08861940103828e-16
canonical,0,1,raw,49,0.022584826938004725,6.142587763062994e-16
canonical,0,1,recovered,49,0.02196750662008321,3.9232421528780206e-16
canonical,0,1,raw,50,0.02532370934714046,4.852891104075806e-16
canonical,0,1,recovered,50,0.020582118264382786,3.3448689576903886e-16
canonical,0,1,raw,51,0.01607155016300577,9.624327784884374e-16
canonical,0,1,recovered,51,0.02011989159053525,5.052678060429436e-16
canonical,0,1,raw,52,0.021905298761405307,7.310295357687739e-16
canonical,0,1,recovered,52,0.018816542409422793,4.867685733270627e-16
canonical,0,1,raw,53,0.02408465710208642,3.3676206095965767e-16
canonical,0,1,recovered,53,0.020399713733787548,5.054096082334623e-16
canonical,0,1,raw,54,0.023311920323931062,8.546673781893657e-16
canonical,0,1,recovered,54,0.017978590365092605,3.9183711509609894e-16
canonical,0,1,raw,55,0.015057384519149912,1.9550965674590196e-16
canonical,0,1,recovered,55,0.012727375589319644,7.183695493195137e-16
canonical,0,1,raw,56,0.016226825317029805,2.736674476547423e-16
canonical,0,1,recovered,56,0.01842360345091766,5.121475446246735e-16
canonical,0,1,raw,57,0.019173068835165372,2.00991140422751e-16
canonical,0,1,recovered,57,0.023442796542277072,3.9457216996411957e-16
canonical,0,1,raw,58,0.01746512229387726,9.642543279875847e-16
canonical,0,1,recovered,58,0.01844522930157719,2.5499623776204474e-16
canonical,0,1,raw,59,0.01863550300254809,5.723835872150427e-16
canonical,0,1,recovered,59,0.022973675138653546,9.669624700620327e-16
canonical,0,1,raw,60,0.01252762849569835,3.1289079139558413e-16
canonical,0,1,recovered,60,0.018973951684086766,4.782799084926707e-16
canonical,0,1,raw,61,0.01628219989533862,7.633308128669318e-16
canonical,0,1,recovered,61,0.018622541765231475,5.794317241738109e-16
canonical,0,1,raw,62,0.01143847231666775,7.406527783685253e-16
canonical,0,1,recovered,62,0.015118399071288056,2.0229434508332322e-16
canonical,0,1,raw,63,0.022351801237451285,6.027284173038305e-16
canonical,0,1,recovered,63,0.015306424767030175,2.2206154493779084e-16
canonical,0,1,raw,64,0.010320172213762064,2.669783952599093e-16
canonical,0,1,recovered,64,0.020051893757417946,3.3786161317459414e-16
canonical,0,1,raw,65,0.00773530368821127,2.2196751154350784e-16
canonical,0,1,recovered,65,0.011919388919119818,4.1194665139042925e-16
canonical,0,1,raw,66,0.011795782988526685,2.5700046852348554e-16
canonical,0,1,recovered,66,0.016743764173091813,2.9811514409176973e-16
canonical,0,1,raw,67,0.014573794694845436,1.3004671297571834e-15
canonical,0,1,recovered,67,0.012111391575548061,6.438149888371344e-16
canonical,0,1,raw,68,0.018057788428259277,7.77121509120899e-16
canonical,0,1,recovered,68,0.023665976299562342,3.004460182328276e-16
canonical,0,1,raw,69,0.011554965838216713,4.518321985947544e-16
canonical,0,1,recovered,69,0.018094126384654387,4.596067925007447e-16
canonical,0,1,raw,70,0.019487085813791206,5.983110723964919e-16
canonical,0,1,recovered,70,0.023499182776631145,5.032481090002671e-16
canonical,0,1,raw,71,0.019018062799773534,5.780707331026518e-16
canonical,0,1,recovered,71,0.01722932302827823,2.0911963790599614e-16
canonical,0,1,raw,72,0.02157210458986418,6.766022010866561e-16
canonical,0,1,recovered,72,0.014721575010334748,5.088804738011594e-16
canonical,0,1,raw,73,0.015455335587535994,5.790281153329708e-16
canonical,0,1,recovered,73,0.018942038643926174,1.387900748166191e-16
canonical,0,1,raw,74,0.020699713059771425,1.0208062799912042e-15
canonical,0,1,recovered,74,0.018125728301283905,3.538628610977447e-16
canonical,0,1,raw,75,0.021234377778952113,7.460808508210281e-16
canonical,0,1,recovered,75,0.0266390769053217,3.0703686695641185e-16
canonical,0,1,raw,76,0.013396495606997516,2.877707044560183e-16
canonical,0,1,recovered,76,0.023570134907604144,4.90836321341363e-16
canonical,0,1,raw,77,0.01854319161239057,6.292567437543778e-16
canonical,0,1,recovered,77,0.008581952399778164,4.464537600530898e-16
canonical,0,1,raw,78,0.023648678126317813,7.689045620031351e-16
canonical,0,1,recovered,78,0.011486469377230813,2.451524070899526e-16
canonical,0,1,raw,79,0.022586616116743435,3.010963539997026e-16
canonical,0,1,recovered,79,0.019060236243995023,4.254549683043722e-16
canonical,0,1,raw,80,0.0076786351528542185,4.0661415026357357e-16
canonical,0,1,recovered,80,0.029285898415101347,2.602461043577049e-16
canonical,0,1,raw,81,0.0265691949505955,3.850500016840644e-16
canonical,0,1,recovered,81,0.021129543421316524,3.1731596166188127e-16
canonical,0,1,raw,82,0.015946460176062497,7.313891244194795e-16
canonical,0,1,recovered,82,0.012546513228179299,4.627945897498624e-16
canonical,0,1,raw,83,0.023871420581434967,2.523892717600948e-16
canonical,0,1,recovered,83,0.021506156687485924,2.7457993151664246e-16
canonical,0,1,raw,84,0.016645807965906635,4.2769641600648473e-16
canonical,0,1,recovered,84,0.021101063988661958,5.339009801251902e-16
canonical,0,1,raw,85,0.01838584900696569,4.0764386884279583e-16
canonical,0,1,recovered,85,0.01526601443665929,4.1014013984799697e-16
canonical,0,1,raw,86,0.02469443368970962,3.259087925566371e-16
canonical,0,1,recovered,86,0.015878681062476002,1.1814122787546908e-16
canonical,0,1,raw,87,0.01569387656591403,5.589459165007344e-16
canonical,0,1,recovered,87,0.010990660180716509,3.164173781014886e-16
canonical,0,1,raw,88,0.020942560434336486,5.970279933578896e-16
canonical,0,1,recovered,88,0.023199627745912367,2.9051827919639154e-16
canonical,0,1,raw,89,0.02189436609753056,1.625837245235057e-15
canonical,0,1,recovered,89,0.016553725959860748,4.2940626052940726e-16
canonical,0,1,raw,90,0.01681884854988679,9.86939369811836e-16
canonical,0,1,recovered,90,0.018900916632148466,2.871687880084306e-16
canonical,0,1,raw,91,0.014171733356661291,5.832983504973799e-16
canonical,0,1,recovered,91,0.018832977292629404,2.388884921142588e-16
canonical,0,1,raw,92,0.021277869037925293,5.919081389089444e-16
canonical,0,1,recovered,92,0.017403971978251363,4.036993558396493e-16
canonical,0,1,raw,93,0.016865085301517237,5.02383291109743e-16
canonical,0,1,recovered,93,0.02032660841227611,3.390707741509192e-16
canonical,0,1,raw,94,0.015640496179267563,6.539070573341329e-16
canonical,0,1,recovered,94,0.01607364475845307,3.6478104144362876e-16
canonical,0,1,raw,95,0.01101177796473906,7.0677502242211865e-16
canonical,0,1,recovered,95,0.014861992612410961,2.481321682282034e-16
canonical,0,1,raw,96,0.018395852661707037,3.1956027249762855e-16
canonical,0,1,recovered,96,0.01680146008652185,4.478510437413763e-16
canonical,0,1,raw,97,0.010888075839314655,2.890809128789338e-16
canonical,0,1,recovered,97,0.020337695434498648,5.431987488023783e-16
canonical,0,1,raw,98,0.025718914991904783,6.411510284554922e-16
canonical,0,1,recovered,98,0.015332289903204746,3.108504248449625e-16
canonical,0,1,raw,99,0.01952259743738249,1.1816771554127113e-15
canonical,0,1,recovered,99,0.0212921649569967,1.6212589552804597e-16
canonical,0,1,raw,100,0.020038669644468307,9.207271083161188e-16
canonical,0,1,recovered,100,0.0171820916530482,4.3145514522991962e-16
canonical,0,1,raw,101,0.019302121208308192,6.202483259587476e-16
canonical,0,1,recovered,101,0.021941147935077215,3.6584638772784224e-16
canonical,0,1,raw,102,0.01170251236593165,7.340658205828772e-16
canonical,0,1,recovered,102,0.019389563306062993,3.5158013488137135e-16
canonical,0,1,raw,103,0.022934861333244756,5.431457709464863e-16
canonical,0,1,recovered,103,0.021788176760694583,1.7940974475193984e-16
canonical,0,1,raw,104,0.01607329189546651,3.5770496530751456e-16
canonical,0,1,recovered,104,0.003056562500560358,1.511202043694994e-16
canonical,0,1,raw,105,0.02427866588382412,3.9248717646129423e-16
canonical,0,1,recovered,105,0.015139883195051763,3.6593826229694257e-16
canonical,0,1,raw,106,0.017212162352853937,3.1781736670210066e-16
canonical,0,1,recovered,106,0.012843446847413197,6.053239335549484e-16
canonical,0,1,raw,107,0.005142754807973599,5.567421967020877e-16
canonical,0,1,recovered,107,0.018535524678432697,2.6349815773156536e-16
canonical,0,1,raw,108,0.019808985347320583,4.823393087935103e-16
canonical,0,1,recovered,108,0.016857348238520833,3.1929048964389943e-16
canonical,0,1,raw,109,0.018485807521892963,4.2929674705707175e-16
canonical,0,1,recovered,109,0.02005511357934366,4.457454588692294e-16
canonical,0,1,raw,110,0.02826016109351273,6.536754793371196e-16
canonical,0,1,recovered,110,0.01906133721104335,4.2874876010719204e-16
canonical,0,1,raw,111,0.014541082184615594,5.604309932310059e-16
canonical,0,1,recovered,111,0.016186178793896187,3.654470829733343e-16
canonical,0,1,raw,112,0.01662188052254785,5.058718000006994e-16
canonical,0,1,recovered,112,0.012374717254354708,3.872233485351524e-16
canonical,0,1,raw,113,0.01683501976422862,5.998109847971793e-16
canonical,0,1,recovered,113,0.02074088896025867,3.0751612890212992e-16
canonical,0,1,raw,114,0.01712392809120522,4.555479509379579e-16
canonical,0,1,recovered,114,0.01480906411173918,4.645011623414891e-16
canonical,0,1,raw,115,0.022980310494259654,2.900465951933671e-16
canonical,0,1,recovered,115,0.019403884338951516,2.2011942346649413e-16
canonical,0,1,raw,116,0.018192726773840203,8.827754687020433e-16
canonical,0,1,recovered,116,0.020927289314410274,4.1804496348201836e-16
canonical,0,1,raw,117,0.01456947261927184,4.635661040963234e-16
canonical,0,1,recovered,117,0.023709487781981196,4.135360282154424e-16
canonical,0,1,raw,118,0.021252692474057838,5.646231789058045e-16
canonical,0,1,recovered,118,0.010448705543737783,3.452279504832177e-16
canonical,0,1,raw,119,0.016959966667537168,1.4653568946402337e-16
canonical,0,1,recovered,119,0.018834452043837158,3.402426114667011e-16
canonical,0,1,raw,120,0.018112171206448147,6.048065726872649e-16
canonical,0,1,recovered,120,0.01657617863310439,8.973946031797491e-17
canonical,0,1,raw,121,0.016427019379601063,3.374534630753673e-16
canonical,0,1,recovered,121,0.021093632962061116,2.3606923251392926e-16
canonical,0,1,raw,122,0.013348464397250225,5.523769921856334e-16
canonical,0,1,recovered,122,0.02167525903592058,3.0983151980641237e-16
canonical,0,1,raw,123,0.018534816120728353,3.6290201593243036e-16
canonical,0,1,recovered,123,0.018321384126722493,2.0078628044264737e-16
canonical,0,1,raw,124,0.023204648169797986,7.8316040917320555e-16
canonical,0,1,recovered,124,0.012722987702728436,5.441255447941607e-16
canonical,0,1,raw,125,0.023352454018015292,3.6420311780840607e-16
canonical,0,1,recovered,125,0.013635132412406829,3.1246759278685336e-16
canonical,0,1,raw,126,0.02108339462975323,4.792925126140234e-16
canonical,0,1,recovered,126,0.0227566054417801,1.2877912245584282e-16
canonical,0,1,raw,127,0.02293880468918463,7.297282142974241e-16
canonical,0,1,recovered,127,0.01830445883270791,2.4706567306627604e-16
canonical,0,1,raw,128,0.023615053324569275,4.668711022207248e-16
canonical,0,1,recovered,128,0.021643155323614608,3.1766524191677927e-16
canonical,0,1,raw,129,0.025103518251661256,5.366672619289595e-16
canonical,0,1,recovered,129,0.018530687180610864,3.337641327679504e-16
canonical,0,1,raw,130,0.020637041556335858,3.838288849852356e-16
canonical,0,1,recovered,130,0.02211298279466057,5.764295825644342e-16
canonical,0,1,raw,131,0.015504271073963722,3.51479549196049e-16
canonical,0,1,recovered,131,0.015773416709888893,7.806248413877802e-16
canonical,0,1,raw,132,0.015570630664471122,4.2834323751379963e-16
canonical,0,1,recovered,132,0.013875184257642975,1.9183014265937894e-16
canonical,0,1,raw,133,0.015636183837212343,6.178599455100648e-16
canonical,0,1,recovered,133,0.02179750826169097,2.741962513302558e-16
canonical,0,1,raw,134,0.01869885755477716,2.5820296931667625e-16
canonical,0,1,recovered,134,0.021314613598163296,3.072101730718236e-16
canonical,0,1,raw,135,0.021101503866316776,2.9689664486342117e-16
canonical,0,1,recovered,135,0.010314567632142491,2.600610280994484e-16
canonical,0,1,raw,136,0.023765665688262393,7.767971343669536e-16
canonical,0,1,recovered,136,0.01543170397267004,3.3982210109410554e-16
canonical,0,1,raw,137,0.018026909329795053,6.231795087524151e-16
canonical,0,1,recovered,137,0.019252734566464248,1.6878600904470892e-16
canonical,0,1,raw,138,0.023937649211218156,7.680732452895773e-16
canonical,0,1,recovered,138,0.019441160271209592,3.178972474454805e-16
canonical,0,1,raw,139,0.022770251290094367,1.199543135069515e-15
canonical,0,1,recovered,139,0.01500422064906367,4.735207280330786e-16
canonical,0,1,raw,140,0.014867620647550893,1.0064240036972271e-15
canonical,0,1,recovered,140,0.01997991432734154,6.132548051111465e-16
canonical,0,1,raw,141,0.01692348088274111,5.888268360656478e-16
canonical,0,1,recovered,141,0.018292098496104203,4.0019795309637677e-16
canonical,0,1,raw,142,0.015584040692898876,3.3275847988235573e-16
canonical,0,1,recovered,142,0.02015296729118769,3.41091037348742e-16
canonical,0,1,raw,143,0.02129919189569197,6.307859366375502e-16
canonical,0,1,recovered,143,0.016806422144680148,3.14087961410381e-16
canonical,0,1,raw,144,0.016106741545681372,5.436694361852127e-16
canonical,0,1,recovered,144,0.02547798810664768,2.9356463144627144e-16
canonical,0,1,raw,145,0.018840211080057474,5.858192256399118e-16
canonical,0,1,recovered,145,0.02278151859210924,1.6560931771579e-16
canonical,0,1,raw,146,0.022658454366290905,1.5822255881151503e-15
canonical,0,1,recovered,146,0.02514602587346394,3.548243720907097e-16
canonical,0,1,raw,147,0.015521387577397145,2.575874528188017e-16
canonical,0,1,recovered,147,0.025417175497696756,3.4760542935743e-16
canonical,0,1,raw,148,0.018640437849023313,5.606958636879681e-16
canonical,0,1,recovered,148,0.01963913283545816,6.209982957633072e-16
canonical,0,1,raw,149,0.01996518074790037,6.417143126398228e-16
canonical,0,1,recovered,149,0.015585778719976287,5.327141510343406e-16
canonical,0,1,raw,150,0.0170361569029145,2.4269395208230933e-16
canonical,0,1,recovered,150,0.023963675024244166,5.127303839976677e-16
canonical,0,1,raw,151,0.020824746167039908,3.8560363227862944e-16
canonical,0,1,recovered,151,0.020785490983044705,2.99241056649356e-16
canonical,0,1,raw,152,0.018180991608312703,2.831082531023409e-16
canonical,0,1,recovered,152,0.018166903164065485,2.331122413926414e-16
canonical,0,1,raw,153,0.022197946458972655,1.0808293536691642e-15
canonical,0,1,recovered,153,0.020403487661866376,3.0906360715931137e-16
canonical,0,1,raw,154,0.016740325622445904,2.6297014702023963e-16
canonical,0,1,recovered,154,0.015202546214161282,3.4393107729605624e-16
canonical,0,1,raw,155,0.018554676368588936,1.273564292532479e-15
canonical,0,1,recovered,155,0.013747212653467534,9.958009714825782e-16
canonical,0,1,raw,156,0.018725254141968198,6.936606537941207e-16
canonical,0,1,recovered,156,0.015481928582295286,3.66654028114953e-16
canonical,0,1,raw,157,0.01542540242794827,8.422211998508934e-16
canonical,0,1,recovered,157,0.018067555309867478,5.450001239265001e-16
canonical,0,1,raw,158,0.014076542922505713,6.0586319440782565e-16
canonical,0,1,recovered,158,0.020029253954868036,5.739929727850882e-16
canonical,0,1,raw,159,0.01625224888602926,2.604194938930352e-16
canonical,0,1,recovered,159,0.020417435263086574,3.538819946807173e-16
canonical,0,1,raw,160,0.026131321361689004,8.760399175932724e-16
canonical,0,1,recovered,160,0.022266612435982335,5.341455559426461e-16
canonical,0,1,raw,161,0.019582680930730775,4.2045354657434254e-16
canonical,0,1,recovered,161,0.02001032887210919,3.671328207672184e-16
canonical,0,1,raw,162,0.021397913193052752,2.9872459575464334e-16
canonical,0,1,recovered,162,0.022208240072258235,2.8273519006154586e-16
canonical,0,1,raw,163,0.01927420353216844,3.265072007276286e-16
canonical,0,1,recovered,163,0.018612751133235596,4.701388664786356e-16
canonical,0,1,raw,164,0.011850934611161748,2.217021395175043e-16
canonical,0,1,recovered,164,0.021598161897814508,5.16435074439348e-16
canonical,0,1,raw,165,0.017509502832999197,3.2591398633605075e-16
canonical,0,1,recovered,165,0.024703828364329963,2.751136895569708e-16
canonical,0,1,raw,166,0.02208356314236379,7.431392973084977e-16
canonical,0,1,recovered,166,0.01711340236432766,3.980443884970623e-16
canonical,0,1,raw,167,0.017042066361865112,4.122970971875105e-16
canonical,0,1,recovered,167,0.0221110758280216,1.6157653671055855e-16
canonical,0,1,raw,168,0.01993904313762563,1.000239397619304e-15
canonical,0,1,recovered,168,0.026254945820632456,2.1607319673926045e-16
canonical,0,1,raw,169,0.020665048381289047,6.103567913224574e-16
canonical,0,1,recovered,169,0.01681865084160269,4.982221256043049e-16
canonical,0,1,raw,170,0.020920989206519802,3.126211939721713e-16
canonical,0,1,recovered,170,0.023039878621101094,3.954998331705486e-16
canonical,0,1,raw,171,0.019948040672301756,6.034746818050167e-16
canonical,0,1,recovered,171,0.013587806506797742,1.5487204709522745e-16
canonical,0,1,raw,172,0.012835810046238804,2.713109734743285e-16
canonical,0,1,recovered,172,0.013300508753609682,2.2141011776452405e-16
canonical,0,1,raw,173,0.012853905710244098,6.41022062597472e-16
canonical,0,1,recovered,173,0.014597841775056835,3.049347088359563e-16
canonical,0,1,raw,174,0.017604490177904306,6.965354903917924e-16
canonical,0,1,recovered,174,0.02293527817675386,8.51037905038793e-16
canonical,0,1,raw,175,0.01986376899852612,5.039764495755787e-16
canonical,0,1,recovered,175,0.026256008064940533,2.1537135140113536e-16
canonical,0,1,raw,176,0.019270138516347807,3.665257655129513e-16
canonical,0,1,recovered,176,0.016962663165184633,5.533373618985131e-16
canonical,0,1,raw,177,0.023482366425594103,4.3292802318280647e-16
canonical,0,1,recovered,177,0.01838741351437768,7.521634892264687e-16
canonical,0,1,raw,178,0.014847708333204224,3.6904181145322353e-16
canonical,0,1,recovered,178,0.01756465965088812,5.612065043133528e-16
canonical,0,1,raw,179,0.014748575001486656,5.472894487403514e-16
canonical,0,1,recovered,179,0.019455658183072017,2.3636840732309905e-16
canonical,0,1,raw,180,0.020676951864083252,3.1069715892505846e-16
canonical,0,1,recovered,180,0.019217778859131333,3.9013975326227137e-16
canonical,0,1,raw,181,0.020803175831355228,7.756476606659848e-16
canonical,0,1,recovered,181,0.013423686530302771,6.77083484146754e-16
canonical,0,1,raw,182,0.016072037465275156,4.591663658604531e-16
canonical,0,1,recovered,182,0.009984226099380999,2.6275191716751794e-16
canonical,0,1,raw,183,0.008182160699957162,9.17635310819891e-16
canonical,0,1,recovered,183,0.01397335747988942,6.463017817344865e-16
canonical,0,1,raw,184,0.01722099164349857,3.526302854962866e-16
canonical,0,1,recovered,184,0.022940108272339273,1.0970655143151566e-15
canonical,0,1,raw,185,0.015275050162387236,5.558168332520425e-16
canonical,0,1,recovered,185,0.02026968589603634,5.0823253286586e-16
canonical,0,1,raw,186,0.018368605305298814,5.305610878627689e-16
canonical,0,1,recovered,186,0.01069644329678309,5.100396782014108e-16
canonical,0,1,raw,187,0.021324245667402195,8.029467483183726e-16
canonical,0,1,recovered,187,0.019637889991497952,4.889890746901198e-16
canonical,0,1,raw,188,0.021265520197645736,5.488135013229524e-16
canonical,0,1,recovered,188,0.018190634228327417,2.8550631590494278e-16
canonical,0,1,raw,189,0.01728118384005112,3.3619191594339057e-16
canonical,0,1,recovered,189,0.02750403431147467,4.667429782906806e-16
canonical,0,1,raw,190,0.018507949936400953,2.7312737727120573e-16
canonical,0,1,recovered,190,0.015351822293355178,1.9036960071240152e-16
canonical,0,1,raw,191,0.017996753905330908,1.0226551687409455e-15
canonical,0,1,recovered,191,0.00870063247321105,1.046670305624338e-15
canonical,0,1,raw,192,0.014475502190730955,1.7576010748010328e-16
canonical,0,1,recovered,192,0.018214142230960562,5.748246468402441e-16
canonical,0,1,raw,193,0.02154499971072838,5.929458565965912e-16
canonical,0,1,recovered,193,0.019865363012883,4.188221209619963e-16
canonical,0,1,raw,194,0.012391431310197966,1.9290781218016992e-16
canonical,0,1,recovered,194,0.023873049358890196,1.8240289456991016e-16
canonical,0,1,raw,195,0.022817114092627478,1.0518836277225783e-15
canonical,0,1,recovered,195,0.013669541471538692,2.900414075916176e-16
canonical,0,1,raw,196,0.02571492803300354,6.599294865405242e-16
canonical,0,1,recovered,196,0.018250448860216043,4.2621993858086237e-16
canonical,0,1,raw,197,0.010607397452309429,3.3850229525724967e-16
canonical,0,1,recovered,197,0.020064940481405228,5.541905317233154e-16
canonical,0,1,raw,198,0.01691662783368611,5.277584580833062e-16
canonical,0,1,recovered,198,0.018521610275836656,5.630109782362048e-16
canonical,0,1,raw,199,0.013024421896438917,7.014593332579258e-16
canonical,0,1,recovered,199,0.01452294977077747,1.426394772190383e-16
canonical,0,1,raw,200,0.01963168960636617,9.682688561131499e-16
canonical,0,1,recovered,200,0.018934585079820012,3.3311659628067757e-16
canonical,0,1,raw,201,0.01160703971029748,3.263546151937054e-16
canonical,0,1,recovered,201,0.023576188518969074,6.157549059369415e-16
canonical,0,1,raw,202,0.017066656418016315,7.682729271849561e-16
canonical,0,1,recovered,202,0.016866233409834903,6.912195562255672e-16
canonical,0,1,raw,203,0.01635235087813247,3.193776208183801e-16
canonical,0,1,recovered,203,0.016389959132202127,3.888267647047751e-16
canonical,0,1,raw,204,0.013701450438058307,7.26017590049484e-16
canonical,0,1,recovered,204,0.012173031567638298,3.1162392256113855e-16
canonical,0,1,raw,205,0.029264650567657792,4.954972842654535e-16
canonical,0,1,recovered,205,0.013119311882248356,2.6945789820192466e-16
canonical,0,1,raw,206,0.013471276647676493,2.851868049856329e-16
canonical,0,1,recovered,206,0.019659870492465804,2.2826696859265756e-16
canonical,0,1,raw,207,0.025218488659846335,8.5442165833346565e-16
canonical,0,1,recovered,207,0.017807890938556135,1.5152787220753012e-16
canonical,0,1,raw,208,0.0173037159884789,5.551142228113921e-16
canonical,0,1,recovered,208,0.020257517238106405,6.027221763480544e-16
canonical,0,1,raw,209,0.01605184951916638,5.460043862959481e-16
canonical,0,1,recovered,209,0.023227543555144496,1.180249557334732e-16
canonical,0,1,raw,210,0.022325544635376334,7.313937692354513e-16
canonical,0,1,recovered,210,0.024309259226303084,3.48101237546017e-16
canonical,0,1,raw,211,0.02062992857195236,1.1069003940601655e-15
canonical,0,1,recovered,211,0.014031209061531984,8.105396824331712e-16
canonical,0,1,raw,212,0.01595941106152495,3.609876817670162e-16
canonical,0,1,recovered,212,0.0244756634372273,2.3113196764015575e-16
canonical,0,1,raw,213,0.013135230931287607,3.1725185821897763e-16
canonical,0,1,recovered,213,0.025277530732333915,4.726114747774021e-16
canonical,0,1,raw,214,0.010521101024081462,9.794776756409386e-16
canonical,0,1,recovered,214,0.017978199283884454,2.725566092243108e-16
canonical,0,1,raw,215,0.013492671638412043,4.827591793223789e-16
canonical,0,1,recovered,215,0.018397811062407544,5.678034578355185e-16
canonical,0,1,raw,216,0.02446143134530265,6.456426804687774e-16
canonical,0,1,recovered,216,0.018394352557462194,6.51452491843375e-16
canonical,0,1,raw,217,0.020176095951362858,6.093288746306322e-16
canonical,0,1,recovered,217,0.017374107612810906,2.8823567262919487e-16
canonical,0,1,raw,218,0.025591179237553763,6.344159702818548e-16
canonical,0,1,recovered,218,0.01583981420583395,3.3028207931176125e-16
canonical,0,1,raw,219,0.02376579811568887,3.825630679654828e-16
canonical,0,1,recovered,219,0.012402054924794124,4.776986405446814e-16
canonical,0,1,raw,220,0.022214480526550787,3.7005406866456816e-16
canonical,0,1,recovered,220,0.01065037233858349,3.283671626332972e-16
canonical,0,1,raw,221,0.01855628478950425,3.294650470459461e-16
canonical,0,1,recovered,221,0.01879610006443161,3.1140581556135946e-16
canonical,0,1,raw,222,0.017905637284717557,2.3380024846713447e-16
canonical,0,1,recovered,222,0.02585380362058006,4.119634992456287e-16
canonical,0,1,raw,223,0.02211832894300001,5.102697287237123e-16
canonical,0,1,recovered,223,0.01007118513602003,7.036479784064622e-16
canonical,0,1,raw,224,0.007548908393033152,5.488381752613435e-16
canonical,0,1,recovered,224,0.015630210976324693,4.559357742763244e-16
canonical,0,1,raw,225,0.02094176442853762,7.4494590024671285e-16
canonical,0,1,recovered,225,0.02143875699956839,2.1770002094122267e-16
canonical,0,1,raw,226,0.014612891909523881,8.345230261117839e-16
canonical,0,1,recovered,226,0.023490780011373936,4.4087067998840264e-16
canonical,0,1,raw,227,0.025441214820591144,4.732132008261869e-16
canonical,0,1,recovered,227,0.01435366999949753,1.7609365899260414e-16
canonical,0,1,raw,228,0.021683581188519756,5.730488403017124e-16
canonical,0,1,recovered,228,0.011968368978662882,4.3051845755503357e-16
canonical,0,1,raw,229,0.019913876884650097,3.478733251822689e-16
canonical,0,1,recovered,229,0.02479980044796476,6.143285068248097e-16
canonical,0,1,raw,230,0.02024852994236588,4.386471361263635e-16
canonical,0,1,recovered,230,0.016789947148396375,5.937982783876642e-16
canonical,0,1,raw,231,0.00925902477831599,7.268338856381183e-16
canonical,0,1,recovered,231,0.02443148398202486,2.744648323836478e-16
canonical,0,1,raw,232,0.019517786949410934,4.470414708972103e-16
canonical,0,1,recovered,232,0.015888303117267036,6.05940176560142e-16
canonical,0,1,raw,233,0.01964345565512953,5.825756357266366e-16
canonical,0,1,recovered,233,0.01811563459522226,3.894135449572729e-16
canonical,0,1,raw,234,0.020462655403120082,3.8976017058985764e-16
canonical,0,1,recovered,234,0.010592971917766262,4.156283053581899e-16
canonical,0,1,raw,235,0.012166781149542618,7.140131099203068e-16
canonical,0,1,recovered,235,0.028055637865012754,4.719201155592991e-16
canonical,0,1,raw,236,0.019930851389211746,1.4780318107568313e-15
canonical,0,1,recovered,236,0.007863765122405,3.9401884955820175e-16
canonical,0,1,raw,237,0.0183903640325577,3.3062129725274713e-16
canonical,0,1,recovered,237,0.01744336547948817,4.3098889688464336e-16
canonical,0,1,raw,238,0.011541074912138592,6.136901503404825e-16
canonical,0,1,recovered,238,0.016235512063842012,2.535197615986573e-16
canonical,0,1,raw,239,0.013055529819958337,3.742447293756411e-16
canonical,0,1,recovered,239,0.02164237201204468,3.884483199145451e-16
canonical,0,1,raw,240,0.023956739910142365,3.558509432943248e-16
canonical,0,1,recovered,240,0.020788168410597753,2.34028598914527e-16
canonical,0,1,raw,241,0.019781858792640904,6.864128565243785e-16
canonical,0,1,recovered,241,0.016373343785918187,2.2985904307918693e-16
canonical,0,1,raw,242,0.02388499385882859,5.55981664891588e-16
canonical,0,1,recovered,242,0.020859486181735484,2.0459811403776522e-16
canonical,0,1,raw,243,0.017457043497514795,5.157740155828031e-16
canonical,0,1,recovered,243,0.011805700120639718,1.9203396714307708e-16
canonical,0,1,raw,244,0.02027939723232308,3.1766820223781796e-16
canonical,0,1,recovered,244,0.021719203714229092,3.071220012619316e-16
canonical,0,1,raw,245,0.015548014987005995,4.4171692527461744e-16
canonical,0,1,recovered,245,0.016927548756629787,5.843109025948834e-16
canonical,0,1,raw,246,0.006841518053056804,3.829144213510778e-16
canonical,0,1,recovered,246,0.017615778405280287,2.9632877781291814e-16
canonical,0,1,raw,247,0.0192304141906513,6.423093316133503e-16
canonical,0,1,recovered,247,0.017616496298410528,3.8551241179048863e-16
canonical,0,1,raw,248,0.016238206409972384,1.0141554562846138e-15
canonical,0,1,recovered,248,0.023952554964676884,6.405095725537799e-16
canonical,0,1,raw,249,0.007629959113852745,8.0764199976144085e-16
canonical,0,1,recovered,249,0.02751037310214522,4.237135331347583e-16
canonical,0,1,raw,250,0.014938768848004606,9.549625162405224e-16
canonical,0,1,recovered,250,0.023069831122835355,5.607139770856249e-16
canonical,0,1,raw,251,0.018459105544397364,1.1768182293910706e-15
canonical,0,1,recovered,251,0.0214731773983469,6.825977069932892e-16
canonical,0,1,raw,252,0.024137928393228633,5.09682599477055e-16
canonical,0,1,recovered,252,0.010679982829936957,3.120483783649511e-16
canonical,0,1,raw,253,0.011409019972638205,7.230283434539773e-16
canonical,0,1,recovered,253,0.019433194418028852,5.306793860239839e-16
canonical,0,1,raw,254,0.021629545986118836,1.0309768247363615e-15
canonical,0,1,recovered,254,0.015644381223993913,5.531255639717135e-16
canonical,0,1,raw,255,0.022522017729257313,5.665117267379012e-16
canonical,0,1,recovered,255,0.016785231526050475,3.9752287069794363e-16
canonical,0,1,raw,256,0.020400722802277407,5.194333968614557e-16
canonical,0,1,recovered,256,0.02602147212532975,3.424623803788682e-16
canonical,0,1,raw,257,0.02456816462780312,5.875548362342518e-16
canonical,0,1,recovered,257,0.010561431380715167,3.428961081525956e-16
canonical,0,1,raw,258,0.021031756623680526,5.248782959682074e-16
canonical,0,1,recovered,258,0.017351503161969317,2.7204272373436106e-16
canonical,0,1,raw,259,0.017136997123698882,3.8358037064679395e-16
canonical,0,1,recovered,259,0.02280589474085279,2.527701048483514e-16
canonical,0,1,raw,260,0.02148159979514773,9.187823861231116e-16
canonical,0,1,recovered,260,0.022556006199696492,1.8914055280926116e-16
canonical,0,1,raw,261,0.013678334961723767,1.2259598986127444e-16
canonical,0,1,recovered,261,0.0180026778636621,2.801497852630507e-16
canonical,0,1,raw,262,0.021866692295067384,5.701041428621394e-16
canonical,0,1,recovered,262,0.02289662565442971,3.165864402818277e-16
canonical,0,1,raw,263,0.01738488573699137,4.2549906208422197e-16
canonical,0,1,recovered,263,0.022079337018451446,6.777920036493225e-16
canonical,0,1,raw,264,0.020035294230115457,4.460537924298865e-16
canonical,0,1,recovered,264,0.02434282769382518,4.1616961634778156e-16
canonical,0,1,raw,265,0.01912255875351583,3.2542483079907807e-16
canonical,0,1,recovered,265,0.022279419493569267,5.618040643308045e-16
canonical,0,1,raw,266,0.012236050130947477,8.331597571874981e-16
canonical,0,1,recovered,266,0.013761683961944379,2.6532551615676333e-16
canonical,0,1,raw,267,0.017231646488781355,6.379765455064037e-16
canonical,0,1,recovered,267,0.016676055428193493,3.246482961707815e-16
canonical,0,1,raw,268,0.021518789471403416,1.3211540846036122e-15
canonical,0,1,recovered,268,0.017588584460825125,5.242023210045193e-16
canonical,0,1,raw,269,0.012525496291968636,1.238765505834253e-15
canonical,0,1,recovered,269,0.01740004357357743,5.750013861534435e-16
canonical,0,1,raw,270,0.017932378066518026,4.982399621831394e-16
canonical,0,1,recovered,270,0.012368834547656282,1.132031682154717e-16
canonical,0,1,raw,271,0.014316020989139493,3.496253291605121e-16
canonical,0,1,recovered,271,0.02079636251768613,4.4150160882830986e-16
canonical,0,1,raw,272,0.01721417851830559,5.256365993632429e-16
canonical,0,1,recovered,272,0.023809655661054162,6.008702043319604e-16
canonical,0,1,raw,273,0.015222277367818685,1.0652589558321e-15
canonical,0,1,recovered,273,0.023777312873871394,6.462284435156978e-16
canonical,0,1,raw,274,0.01828487350038365,3.542878081702675e-16
canonical,0,1,recovered,274,0.016719957892308023,5.03770686447039e-16
canonical,0,1,raw,275,0.017303367061635,1.1948927165421504e-15
canonical,0,1,recovered,275,0.018114306358378268,3.946600752378933e-16
canonical,0,1,raw,276,0.018765869749205372,7.616345475511503e-16
canonical,0,1,recovered,276,0.015473584702609938,7.232371951622718e-16
canonical,0,1,raw,277,0.013845112779004496,6.839511674263406e-16
canonical,0,1,recovered,277,0.021804424777926264,2.7500975643861314e-16
canonical,0,1,raw,278,0.017012248761115505,2.83474729555896e-16
canonical,0,1,recovered,278,0.017021434098847574,3.7614759598231874e-16
canonical,0,1,raw,279,0.013681539266365814,5.554285509135411e-16
canonical,0,1,recovered,279,0.0256602788670136,3.647996023731658e-16
canonical,0,1,raw,280,0.0175610826714106,8.515653920907853e-16
canonical,0,1,recovered,280,0.02085750729929373,3.1649315527217004e-16
canonical,0,1,raw,281,0.021090000987913325,4.763932528947629e-16
canonical,0,1,recovered,281,0.010916842775551864,3.4775040605913e-16
canonical,0,1,raw,282,0.01822184559284924,2.3621330620905535e-16
canonical,0,1,recovered,282,0.010791229960163755,6.44801657915902e-16
canonical,0,1,raw,283,0.022482973043924746,2.2704623775590347e-16
canonical,0,1,recovered,283,0.02093919991307572,3.4489600962573453e-16
canonical,0,1,raw,284,0.017242270193512144,7.042355445996272e-16
canonical,0,1,recovered,284,0.012353479801858733,3.197232609273456e-16
canonical,0,1,raw,285,0.020724816421857705,5.491831515294421e-16
canonical,0,1,recovered,285,0.021964590733274898,3.5176638317732826e-16
canonical,0,1,raw,286,0.01522687365358456,8.93090544643288e-16
canonical,0,1,recovered,286,0.02577975640884931,4.1353511860036586e-16
canonical,0,1,raw,287,0.021353405102598845,7.618596630976346e-16
canonical,0,1,recovered,287,0.0226194934094946,2.1458834409696122e-16
canonical,0,1,raw,288,0.019281708607515515,3.585027566138061e-16
canonical,0,1,recovered,288,0.02294579031343923,7.032758102706724e-16
canonical,0,1,raw,289,0.0216481002829362,7.3995742656776665e-16
canonical,0,1,recovered,289,0.02434758595067087,6.092699937494531e-16
canonical,0,1,raw,290,0.020213289872537066,4.583926777220017e-16
canonical,0,1,recovered,290,0.01828781715970626,6.375279884098048e-16
canonical,0,1,raw,291,0.023068924274952565,4.926416151883676e-16
canonical,0,1,recovered,291,0.021230993948960105,5.958999235778832e-16
canonical,0,1,raw,292,0.020511933368286335,4.2441074307771424e-16
canonical,0,1,recovered,292,0.021914194707653534,4.33132783721964e-16
canonical,0,1,raw,293,0.01873385793506203,8.750611786917122e-16
canonical,0,1,recovered,293,0.02071856044948384,2.890644844953511e-16
canonical,0,1,raw,294,0.017146123031962078,8.651984421498655e-16
canonical,0,1,recovered,294,0.01972805490287002,3.948754214808546e-16
canonical,0,1,raw,295,0.019163483712191103,2.4810952551847645e-16
canonical,0,1,recovered,295,0.018592824770951706,5.095674546649363e-16
canonical,0,1,raw,296,0.010205876078780906,4.882071730712948e-16
canonical,0,1,recovered,296,0.01718770419245216,8.690324024482616e-16
canonical,0,1,raw,297,0.008430121522411098,8.438515945042336e-16
canonical,0,1,recovered,297,0.013998627031523995,6.548796522675013e-16
canonical,0,1,raw,298,0.018802816420746663,5.355789295374595e-16
canonical,0,1,recovered,298,0.01364878420560754,6.103774367654225e-16
canonical,0,1,raw,299,0.021008073169340922,2.3792623375662327e-16
canonical,0,1,recovered,299,0.014997130597729669,3.320851610279146e-16
canonical,0,1,raw,300,0.016865566186755426,7.531482323696292e-16
canonical,0,1,recovered,300,0.005226489379196691,3.2444894481020117e-16
canonical,0,1,raw,301,0.01964974752557258,3.457619831350074e-16
canonical,0,1,recovered,301,0.016763001241289627,1.2345973476682335e-16
canonical,0,1,raw,302,0.01768549501354332,6.984553927805613e-16
canonical,0,1,recovered,302,0.019794477232100243,6.98736193923557e-16
canonical,0,1,raw,303,0.024830625544718755,2.9581517990402903e-16
canonical,0,1,recovered,303,0.01208042942418244,2.4878015258900115e-16
canonical,0,1,raw,304,0.010878522809071207,2.944766550659056e-16
canonical,0,1,recovered,304,0.025818196344542275,3.1559871921660657e-16
canonical,0,1,raw,305,0.020430939557747815,8.300088895012535e-16
canonical,0,1,recovered,305,0.015288216654388013,7.712168366386565e-16
canonical,0,1,raw,306,0.023747432989877526,4.251023852392416e-16
canonical,0,1,recovered,306,0.015939117524344373,5.804406525349218e-16
canonical,0,1,raw,307,0.0230474449246027,2.8807090540758357e-16
canonical,0,1,recovered,307,0.017356412942766734,5.349041708528714e-16
canonical,0,1,raw,308,0.019423775988563933,6.545372246013406e-16
canonical,0,1,recovered,308,0.008572415192609224,7.852512805570537e-16
canonical,0,1,raw,309,0.01654524747439659,4.79847843225442e-16
canonical,0,1,recovered,309,0.020961624946940705,6.999227661985596e-16
canonical,0,1,raw,310,0.021238345853316437,7.085087241579448e-16
canonical,0,1,recovered,310,0.019829674887069704,2.5638133151387747e-16
canonical,0,1,raw,311,0.018316983934517746,6.135639473512599e-16
canonical,0,1,recovered,311,0.01580533209270554,2.1178265640897616e-16
canonical,0,1,raw,312,0.020920856734424384,5.231717570873126e-16
canonical,0,1,recovered,312,0.02040262756216113,5.231036278180378e-16
canonical,0,1,raw,313,0.017849544692516418,7.168731810443754e-16
canonical,0,1,recovered,313,0.01598866607486904,2.568804213593553e-16
canonical,0,1,raw,314,0.022864779425778515,4.203315211591953e-16
canonical,0,1,recovered,314,0.01700900943915201,2.3472213322897345e-16
canonical,0,1,raw,315,0.02358875947981263,2.4418909582310895e-16
canonical,0,1,recovered,315,0.007482056903121736,3.8167067072496576e-16
canonical,0,1,raw,316,0.01835720455151592,5.312083479872935e-16
canonical,0,1,recovered,316,0.016023008777646546,4.709223118845105e-16
canonical,0,1,raw,317,0.02246421267925625,4.832851341581036e-16
canonical,0,1,recovered,317,0.025915072503877444,5.73318973698689e-16
canonical,0,1,raw,318,0.020686382320228593,8.398089217779746e-16
canonical,0,1,recovered,318,0.020403897905001453,4.664761420055442e-16
canonical,0,1,raw,319,0.01717648288083382,2.6077043490490357e-16
canonical,0,1,recovered,319,0.015166361910831743,4.2849469506650155e-16
canonical,0,1,raw,320,0.014315535862340027,1.0032237941034882e-15
canonical,0,1,recovered,320,0.01548198206745426,3.099917360645421e-16
canonical,0,1,raw,321,0.01692709294675755,3.667248098553642e-16
canonical,0,1,recovered,321,0.019344640515892977,3.7255837104774586e-16
canonical,0,1,raw,322,0.018404306981982223,4.705327508188942e-16
canonical,0,1,recovered,322,0.013994696620266296,4.070450179399783e-16
canonical,0,1,raw,323,0.01802419952488661,4.1424703543668763e-16
canonical,0,1,recovered,323,0.017871762785410045,4.285118129872646e-16
canonical,0,1,raw,324,0.016880657291029125,3.7725051015205656e-16
canonical,0,1,recovered,324,0.023255361811888607,6.36278268162755e-16
canonical,0,1,raw,325,0.01852274149235934,7.222749486938813e-16
canonical,0,1,recovered,325,0.015543055076283646,5.479557350694563e-16
canonical,0,1,raw,326,0.0090308570853289,4.9205944349274985e-16
canonical,0,1,recovered,326,0.02163590177798738,5.396704938586624e-16
canonical,0,1,raw,327,0.019008452598003756,6.219032805632616e-16
canonical,0,1,recovered,327,0.021593998116827683,1.7933793673748434e-16
canonical,0,1,raw,328,0.019131849008649008,3.3989072362724625e-16
canonical,0,1,recovered,328,0.012805715600535684,2.5623750729185836e-16
canonical,0,1,raw,329,0.016113730675718987,6.883178724006474e-16
canonical,0,1,recovered,329,0.01796488054952364,7.72988430448812e-16
canonical,0,1,raw,330,0.019439180211013162,4.897465185517802e-16
canonical,0,1,recovered,330,0.019315808976665082,3.119657942272768e-16
canonical,0,1,raw,331,0.013696520317553357,1.0098320380118284e-15
canonical,0,1,recovered,331,0.023061277729622954,1.264088604779659e-16
canonical,0,1,raw,332,0.02557143219041457,2.341926886575802e-16
canonical,0,1,recovered,332,0.01679685652173111,6.478001918448992e-16
canonical,0,1,raw,333,0.020062219129978975,2.3083965360004236e-16
canonical,0,1,recovered,333,0.02247657058205031,3.471831377368406e-16
canonical,0,1,raw,334,0.023374250135105402,3.7144063874891794e-16
canonical,0,1,recovered,334,0.021650500191409308,4.947068976431015e-16
canonical,0,1,raw,335,0.011255650329452107,6.051081422458395e-16
canonical,0,1,recovered,335,0.01411471575818093,3.2742187586505674e-16
canonical,0,1,raw,336,0.01882383835883697,7.204818995526587e-16
canonical,0,1,recovered,336,0.019321105370872418,4.1348326723327106e-16
canonical,0,1,raw,337,0.02397651056260482,3.208952715914847e-16
canonical,0,1,recovered,337,0.021917918921035062,6.198778933486235e-16
canonical,0,1,raw,338,0.0164292762185675,2.91638050834291e-16
canonical,0,1,recovered,338,0.019397079006796016,3.427516846670243e-16
canonical,0,1,raw,339,0.02069882171013228,3.9669830011635277e-16
canonical,0,1,recovered,339,0.023657747404299812,3.0722486591328207e-16
canonical,0,1,raw,340,0.016937759482435057,4.421291913150837e-16
canonical,0,1,recovered,340,0.020444306631291667,1.1119327147582666e-16
canonical,0,1,raw,341,0.028633933265198783,3.8681343334429603e-16
canonical,0,1,recovered,341,0.020178060009024033,3.6025752583166974e-16
canonical,0,1,raw,342,0.012767429965429105,8.972353055860093e-16
canonical,0,1,recovered,342,0.021691987241895295,3.2253161412475093e-16
canonical,0,1,raw,343,0.008580129117892762,5.956978912813764e-16
canonical,0,1,recovered,343,0.016824218300175296,2.47263519221256e-16
canonical,0,1,raw,344,0.018896643032569715,3.684669656944962e-16
canonical,0,1,recovered,344,0.01888220485132485,2.5047538852110547e-16
canonical,0,1,raw,345,0.025410463040045735,5.399722168187475e-16
canonical,0,1,recovered,345,0.02011238370966174,4.50681025515762e-16
canonical,0,1,raw,346,0.014731308663493488,1.7284985547664248e-15
canonical,0,1,recovered,346,0.021378398009650825,2.334784507099887e-16
canonical,0,1,raw,347,0.021100267317782754,5.341261894278392e-16
canonical,0,1,recovered,347,0.015825617178792672,5.28544722665073e-16
canonical,0,1,raw,348,0.020211542059177547,3.070534056831164e-16
canonical,0,1,recovered,348,0.02180866892006229,3.6621775198575107e-16
canonical,0,1,raw,349,0.020165256276895208,1.5944039899248493e-16
canonical,0,1,recovered,349,0.024537520302856955,6.845327969927248e-16
canonical,0,1,raw,350,0.026613753253470835,2.4914748893616134e-16
canonical,0,1,recovered,350,0.01811145882253522,4.616157514846705e-16
canonical,0,1,raw,351,0.017328468501492618,4.583320581125781e-16
canonical,0,1,recovered,351,0.023718191694305838,4.370061621275097e-16
canonical,0,1,raw,352,0.016575966465251776,7.7212637401458715e-16
canonical,0,1,recovered,352,0.020837348170046746,3.7747080593201806e-16
canonical,0,1,raw,353,0.012263091163535004,7.386195077302521e-16
canonical,0,1,recovered,353,0.015475046449870251,5.353807453621269e-16
canonical,0,1,raw,354,0.020795774735582147,5.715556006068367e-16
canonical,0,1,recovered,354,0.02252421691470526,4.898774324943576e-16
canonical,0,1,raw,355,0.014845019605201444,1.9475723738694089e-16
canonical,0,1,recovered,355,0.024827894820520374,4.334396753605601e-16
canonical,0,1,raw,356,0.02069104914831798,9.657731181781501e-16
canonical,0,1,recovered,356,0.022419421483437754,6.167972701715584e-16
canonical,0,1,raw,357,0.015305309727344616,1.8296604733843297e-16
canonical,0,1,recovered,357,0.0238406209512266,3.290154718667139e-16
canonical,0,1,raw,358,0.016028107932000654,1.0519867915272262e-15
canonical,0,1,recovered,358,0.019296053876732056,4.3268920811644587e-16
canonical,0,1,raw,359,0.0199551698654652,6.179546079312736e-16
canonical,0,1,recovered,359,0.020002575058922042,3.548198665307964e-16
canonical,0,1,raw,360,0.022659304568812554,7.621026663091557e-16
canonical,0,1,recovered,360,0.026848717896023982,2.3871285760877984e-16
canonical,0,1,raw,361,0.014937681942648835,1.9646461367000546e-16
canonical,0,1,recovered,361,0.021493716467870613,8.171017149106868e-16
canonical,0,1,raw,362,0.02337250096466555,8.268339306665597e-16
canonical,0,1,recovered,362,0.024723176143893646,3.8914539853309837e-16
canonical,0,1,raw,363,0.012712097102098512,2.323007840324025e-16
canonical,0,1,recovered,363,0.01568013801580296,2.5705900777189685e-16
canonical,0,1,raw,364,0.020581280735421124,4.810432155202595e-16
canonical,0,1,recovered,364,0.014767180374476382,1.0306064748742481e-15
canonical,0,1,raw,365,0.019947984369381003,4.884749408326246e-16
canonical,0,1,recovered,365,0.016046085768341274,3.6582517274048824e-16
canonical,0,1,raw,366,0.020213714952109715,6.466744557483779e-16
canonical,0,1,recovered,366,0.022751294429325022,4.4070171071746513e-16
canonical,0,1,raw,367,0.015430776909463095,5.905066697425263e-16
canonical,0,1,recovered,367,0.01250357132769459,6.607975918355468e-16
canonical,0,1,raw,368,0.022446317391840307,3.858029495578799e-16
canonical,0,1,recovered,368,0.01796339745091362,6.825636087693248e-16
canonical,0,1,raw,369,0.023114329735952226,5.446010431587919e-16
canonical,0,1,recovered,369,0.020298618598860736,2.22788746990293e-16
canonical,0,1,raw,370,0.017337829554469875,8.880140801044855e-16
canonical,0,1,recovered,370,0.015126439529774152,5.324605949083869e-16
canonical,0,1,raw,371,0.019047015187762802,2.8240584258054797e-16
canonical,0,1,recovered,371,0.0173910012548931,4.2824355361658354e-16
canonical,0,1,raw,372,0.02097569086054339,9.204814891139929e-16
canonical,0,1,recovered,372,0.018559951634936595,3.937764975397951e-16
canonical,0,1,raw,373,0.020246343089377086,6.564353424901758e-16
canonical,0,1,recovered,373,0.012596439092790289,2.9125582495324464e-16
canonical,0,1,raw,374,0.014400223647746105,3.9860391703021696e-16
canonical,0,1,recovered,374,0.02734746720017295,3.1496578818844955e-16
canonical,0,1,raw,375,0.018546046932176995,4.226241763461988e-16
canonical,0,1,recovered,375,0.016968194055908863,2.7404513387710213e-16
canonical,0,1,raw,376,0.020006626779861272,8.372744874194778e-16
canonical,0,1,recovered,376,0.013343615430565333,2.340657651735698e-16
canonical,0,1,raw,377,0.016907483464625023,1.4565480439601245e-16
canonical,0,1,recovered,377,0.01575214315710526,2.921226174999231e-16
canonical,0,1,raw,378,0.008664391118334063,5.064851348109509e-16
canonical,0,1,recovered,378,0.022004078864088172,3.7089680011339778e-16
canonical,0,1,raw,379,0.004266274718771713,4.951366977826545e-16
canonical,0,1,recovered,379,0.02635507378429488,2.7895356767227334e-16
canonical,0,1,raw,380,0.0188008459272463,3.5321330002072187e-16
canonical,0,1,recovered,380,0.022850072871284766,3.260732220690931e-16
canonical,0,1,raw,381,0.017662902798420123,7.151691422020638e-16
canonical,0,1,recovered,381,0.0227290265346504,3.188707710566503e-16
canonical,0,1,raw,382,0.01824606894939474,1.1824505928777186e-15
canonical,0,1,recovered,382,0.013867875153590026,3.561219776931659e-16
canonical,0,1,raw,383,0.02566839227931474,4.3132042551212633e-16
canonical,0,1,recovered,383,0.016818086363745682,3.9344201514343135e-16
canonical,0,1,raw,384,0.0258402597219972,8.430734899968301e-16
canonical,0,1,recovered,384,0.012972728207249224,3.65394083758196e-16
canonical,0,1,raw,385,0.018034597323768525,3.3998367399649254e-16
canonical,0,1,recovered,385,0.012974259026790738,5.902700928667143e-16
canonical,0,1,raw,386,0.01613492369039381,4.05811297143369e-16
canonical,0,1,recovered,386,0.01779726112390093,7.697765791065844e-16
canonical,0,1,raw,387,0.017029800852226364,4.160294640184466e-16
canonical,0,1,recovered,387,0.015171016402762015,4.510799131321306e-16
canonical,0,1,raw,388,0.02242345520230373,3.049075690966196e-16
canonical,0,1,recovered,388,0.01882932192943284,7.442825463773515e-16
canonical,0,1,raw,389,0.01125644876197888,2.5494976624167493e-16
canonical,0,1,recovered,389,0.014572556352883776,7.849995104179518e-16
canonical,0,1,raw,390,0.013268714610835803,4.2465839361686077e-16
canonical,0,1,recovered,390,0.01635136077612509,3.9668229854155963e-16
canonical,0,1,raw,391,0.02614465685529357,5.460706970566149e-16
canonical,0,1,recovered,391,0.014507270514157313,1.7973966268611691e-16
canonical,0,1,raw,392,0.01335719483552278,4.434874086963905e-16
canonical,0,1,recovered,392,0.012244301127436038,2.1945880356639747e-16
canonical,0,1,raw,393,0.016969524907944664,4.4168773101367093e-16
canonical,0,1,recovered,393,0.01481450062263846,5.521573321636121e-16
canonical,0,1,raw,394,0.02524973542141829,4.549826998438601e-16
canonical,0,1,recovered,394,0.02054476837544292,2.7188435650250574e-16
canonical,0,1,raw,395,0.023767712219634,7.34636447095007e-16
canonical,0,1,recovered,395,0.019127419884138238,2.9434633360648925e-16
canonical,0,1,raw,396,0.02611188808866316,6.065358367803845e-16
canonical,0,1,recovered,396,0.019537530088631967,3.5561672593438035e-16
canonical,0,1,raw,397,0.01661080866818414,5.251261115274951e-16
canonical,0,1,recovered,397,0.023316919340059764,7.507615856255049e-16
canonical,0,1,raw,398,0.02473362798356191,6.443997362982494e-16
canonical,0,1,recovered,398,0.024103993845012602,2.3069213476273506e-16
canonical,0,1,raw,399,0.02296521736619724,2.955025192957849e-16
canonical,0,1,recovered,399,0.020034720744476618,5.706752488916743e-16
canonical,0,1,raw,400,0.012144525349281001,6.015489769682888e-16
canonical,0,1,recovered,400,0.02108492632357652,8.301417649540223e-16
canonical,0,1,raw,401,0.01466076152901164,6.726372802220299e-16
canonical,0,1,recovered,401,0.008559148466713183,2.7323409145794443e-16
canonical,0,1,raw,402,0.023031271238920212,1.0271331178532642e-15
canonical,0,1,recovered,402,0.021149284275926418,1.7746823130297862e-16
canonical,0,1,raw,403,0.026633958377936483,3.992050950036266e-16
canonical,0,1,recovered,403,0.005869723977207501,4.65153412136816e-16
canonical,0,1,raw,404,0.014384884243452007,1.53924121142114e-15
canonical,0,1,recovered,404,0.015611154961604376,4.928391688875661e-16
canonical,0,1,raw,405,0.020369164569344622,4.572395115729439e-16
canonical,0,1,recovered,405,0.01708302928319783,2.773903660486017e-16
canonical,0,1,raw,406,0.01494393466458303,1.0275108859329985e-15
canonical,0,1,recovered,406,0.007327327497502594,9.0293816315579e-16
canonical,0,1,raw,407,0.014785054243684892,6.549299097137414e-16
canonical,0,1,recovered,407,0.01727904743801175,3.3051888557612257e-16
canonical,0,1,raw,408,0.025801541138364473,3.7148519490704243e-16
canonical,0,1,recovered,408,0.013821934828161594,4.5552266235007015e-16
canonical,0,1,raw,409,0.023683991102794545,1.0046678099756966e-15
canonical,0,1,recovered,409,0.016687049076444752,5.275951915214215e-16
canonical,0,1,raw,410,0.02579412562987743,5.564191885410105e-16
canonical,0,1,recovered,410,0.022881419158739362,5.917279469584287e-16
canonical,0,1,raw,411,0.009055988825245795,3.9318678111681683e-16
canonical,0,1,recovered,411,0.021970650357024578,2.0877759181692596e-16
canonical,0,1,raw,412,0.027967573852474916,7.560830130583516e-16
canonical,0,1,recovered,412,0.021572606311541807,2.5772468564307894e-16
canonical,0,1,raw,413,0.016623207097623615,4.0526543239818765e-16
canonical,0,1,recovered,413,0.016707000295824895,3.206806845312084e-16
canonical,0,1,raw,414,0.019113208110214983,1.5443545635780628e-16
canonical,0,1,recovered,414,0.014910672282742425,2.790177807683637e-16
canonical,0,1,raw,415,0.021315006529700954,5.33505737228878e-16
canonical,0,1,recovered,415,0.016080329913418307,5.266910871253952e-16
canonical,0,1,raw,416,0.026895252006830905,5.094116321348234e-16
canonical,0,1,recovered,416,0.021304032219378006,3.2021877667321966e-16
canonical,0,1,raw,417,0.014910051759241387,3.2584184310094763e-16
canonical,0,1,recovered,417,0.024426697517765276,5.55136245123657e-16
canonical,0,1,raw,418,0.018815954301344577,1.2880394180332116e-15
canonical,0,1,recovered,418,0.02640252868692364,3.9258492069586783e-16
canonical,0,1,raw,419,0.016452364306463796,5.503744278114841e-16
canonical,0,1,recovered,419,0.018184131244909817,4.1872331461814633e-16
canonical,0,1,raw,420,0.01974624676496669,4.559806585571882e-16
canonical,0,1,recovered,420,0.014580158251602963,2.5042324327091416e-16
canonical,0,1,raw,421,0.019443167214477045,4.096317261120127e-16
canonical,0,1,recovered,421,0.016228318181322202,5.158663559611154e-16
canonical,0,1,raw,422,0.019581359325142926,1.3928772331940542e-15
canonical,0,1,recovered,422,0.016596829585867636,2.5305566709891245e-16
canonical,0,1,raw,423,0.019323013651349284,7.301295317449891e-16
canonical,0,1,recovered,423,0.01593068007539215,3.4773309858588e-16
canonical,0,1,raw,424,0.02490524679211137,9.756732398429387e-16
canonical,0,1,recovered,424,0.02646466837837413,5.063446552974008e-16
canonical,0,1,raw,425,0.017483214448289344,5.786360889947038e-16
canonical,0,1,recovered,425,0.014043736184003987,2.1548506586047582e-16
canonical,0,1,raw,426,0.012685941039831478,7.921668844259438e-16
canonical,0,1,recovered,426,0.02170910389173289,2.4136434639434227e-16
canonical,0,1,raw,427,0.013030300565969547,4.518605033016756e-16
canonical,0,1,recovered,427,0.014948319651039111,2.700164099002162e-16
canonical,0,1,raw,428,0.01985225082626375,7.295974002551912e-16
canonical,0,1,recovered,428,0.022510133058566358,4.2582603125786863e-16
canonical,0,1,raw,429,0.022711985711611444,3.2413202687526603e-16
canonical,0,1,recovered,429,0.02047986512287618,6.277026844517556e-16
canonical,0,1,raw,430,0.01800023118528962,3.4762761254630803e-16
canonical,0,1,recovered,430,0.013728769277038682,6.332002078608039e-16
canonical,0,1,raw,431,0.01282783444023048,8.286934460625321e-16
canonical,0,1,recovered,431,0.01981512133590714,6.289218968878632e-16
canonical,0,1,raw,432,0.021285415328134515,7.570159831737722e-16
canonical,0,1,recovered,432,0.017873007286514052,5.920847818189119e-16
canonical,0,1,raw,433,0.021227559047107436,9.206774177245221e-16
canonical,0,1,recovered,433,0.021376416460874986,2.221597715394509e-16
canonical,0,1,raw,434,0.027477835920460093,6.266038752285914e-16
canonical,0,1,recovered,434,0.023532328813878668,2.713809799986107e-16
canonical,0,1,raw,435,0.015898787443172295,4.943864898019367e-16
canonical,0,1,recovered,435,0.015003808004817725,4.624103835448062e-16
canonical,0,1,raw,436,0.02114102279197876,1.0653497547581653e-15
canonical,0,1,recovered,436,0.022189135788368678,1.0415705404184956e-15
canonical,0,1,raw,437,0.023775315613598247,8.951474123152798e-16
canonical,0,1,recovered,437,0.023565862671156904,4.658499689234552e-16
canonical,0,1,raw,438,0.0165534143251368,8.222139228418379e-16
canonical,0,1,recovered,438,0.011812873494267932,3.519821901798231e-16
canonical,0,1,raw,439,0.019043098955455064,6.624966251994811e-16
canonical,0,1,recovered,439,0.013065401951831151,3.7375995099542856e-16
canonical,0,1,raw,440,0.008236700465999636,7.625378174275217e-16
canonical,0,1,recovered,440,0.024533989298221436,3.276148255918725e-16
canonical,0,1,raw,441,0.0221960540182893,4.2889481224593766e-16
canonical,0,1,recovered,441,0.017518185274271316,3.888722307144794e-16
canonical,0,1,raw,442,0.01865379659870028,4.737875665128599e-16
canonical,0,1,recovered,442,0.01607150977455609,7.043949288723399e-16
canonical,0,1,raw,443,0.020892080452238265,1.7961568725092729e-16
canonical,0,1,recovered,443,0.01785831475177129,4.767527781951619e-16
canonical,0,1,raw,444,0.019275883910679747,9.40846881989835e-16
canonical,0,1,recovered,444,0.020233761647551845,4.930591973762255e-16
canonical,0,1,raw,445,0.01914908411515536,1.8998018998620773e-16
canonical,0,1,recovered,445,0.01082346328429723,1.3754761531053366e-16
canonical,0,1,raw,446,0.012596881280195784,4.448863993644633e-16
canonical,0,1,recovered,446,0.021030992993532453,5.228356984590438e-16
canonical,0,1,raw,447,0.019596056212616095,9.5314255938099e-16
canonical,0,1,recovered,447,0.02162956347315883,3.4757201663884135e-16
canonical,0,1,raw,448,0.012143301696747565,7.341171259588033e-16
canonical,0,1,recovered,448,0.019165994018297657,4.1494716084551895e-16
canonical,0,1,raw,449,0.008813096926108509,5.617531759174902e-16
canonical,0,1,recovered,449,0.021829382779720477,3.418307713062858e-16
canonical,0,1,raw,450,0.022800656604011975,2.5896013987116703e-16
canonical,0,1,recovered,450,0.01899261362375987,2.8107606231168297e-16
canonical,0,1,raw,451,0.012094179442736448,6.344586591168515e-16
canonical,0,1,recovered,451,0.016374652792878794,8.806016325141631e-16
canonical,0,1,raw,452,0.010917802707904744,4.318276943408748e-16
canonical,0,1,recovered,452,0.02112222844094258,2.1477057136923244e-16
canonical,0,1,raw,453,0.018576869367228507,7.772212301677323e-16
canonical,0,1,recovered,453,0.019976811228926448,3.702994708908778e-16
canonical,0,1,raw,454,0.01567009503540959,4.886820448194036e-16
canonical,0,1,recovered,454,0.02329818625211646,1.3336515273102615e-16
canonical,0,1,raw,455,0.021866589372146625,6.02622078189612e-16
canonical,0,1,recovered,455,0.01716735416431926,4.988563003138941e-16
canonical,0,1,raw,456,0.012478690609196715,1.0390877779154787e-15
canonical,0,1,recovered,456,0.016145823128053283,3.494924315591218e-16
canonical,0,1,raw,457,0.010190232433432145,3.808755166227693e-16
canonical,0,1,recovered,457,0.019415217366486874,3.044081367422182e-16
canonical,0,1,raw,458,0.023224412784822495,7.509619730750238e-16
canonical,0,1,recovered,458,0.02078717538829923,1.2193915360526882e-16
canonical,0,1,raw,459,0.022420720161030912,4.0236342159849283e-16
canonical,0,1,recovered,459,0.018595214824214626,2.8012225848198973e-16
canonical,0,1,raw,460,0.02152101855877963,7.051058794573037e-16
canonical,0,1,recovered,460,0.019741664217792977,4.180089698048369e-16
canonical,0,1,raw,461,0.019095783109372245,4.68252370833683e-16
canonical,0,1,recovered,461,0.019345837452554124,8.573731483308798e-16
canonical,0,1,raw,462,0.026405667818329124,5.543300879311992e-16
canonical,0,1,recovered,462,0.02141482342110609,1.5349607333933183e-16
canonical,0,1,raw,463,0.021058014700052228,3.9147524322628143e-16
canonical,0,1,recovered,463,0.025364382589940282,4.44517601896509e-16
canonical,0,1,raw,464,0.017561653404387943,2.783501526732226e-16
canonical,0,1,recovered,464,0.018240233703402494,6.441752513807117e-16
canonical,0,1,raw,465,0.022353798681078403,2.9489342427112913e-16
canonical,0,1,recovered,465,0.013869880205820905,3.874321484769291e-16
canonical,0,1,raw,466,0.02091526906621169,2.372347825226236e-16
canonical,0,1,recovered,466,0.02823711053364732,1.4874811268419404e-16
canonical,0,1,raw,467,0.023028102943126284,6.264460481812506e-16
canonical,0,1,recovered,467,0.01396418270278605,2.834773834533496e-16
canonical,0,1,raw,468,0.01888123789032995,1.5944954078602055e-16
canonical,0,1,recovered,468,0.014588876296484806,2.2720676898183186e-16
canonical,0,1,raw,469,0.024761193658602156,2.8029744377220304e-16
canonical,0,1,recovered,469,0.021660888569125913,3.450557517359881e-16
canonical,0,1,raw,470,0.022610071853822952,2.821925207592221e-16
canonical,0,1,recovered,470,0.026037133134878203,3.1662208334520044e-16
canonical,0,1,raw,471,0.01832868850559293,2.5706486096355183e-16
canonical,0,1,recovered,471,0.025756928150402914,2.0617865386032703e-16
canonical,0,1,raw,472,0.01634618561031635,5.263635285570471e-16
canonical,0,1,recovered,472,0.019401678393755433,1.9583656657675592e-16
canonical,0,1,raw,473,0.01510505459898744,2.916122534577962e-16
canonical,0,1,recovered,473,0.028443137795952006,4.431433372829991e-16
canonical,0,1,raw,474,0.010595920011220566,9.118971755166228e-16
canonical,0,1,recovered,474,0.020144655218112435,2.246893843914566e-16
canonical,0,1,raw,475,0.016945874513176758,4.351928907139132e-16
canonical,0,1,recovered,475,0.012842788894962341,6.713584362503322e-16
canonical,0,1,raw,476,0.018037267385606806,9.545666155368777e-16
canonical,0,1,recovered,476,0.017096386017350494,4.206999500723524e-16
canonical,0,1,raw,477,0.014499304932652439,1.0572867420258402e-15
canonical,0,1,recovered,477,0.022934481184703568,3.0799281310595e-16
canonical,0,1,raw,478,0.019880103474332604,3.3262428782651395e-16
canonical,0,1,recovered,478,0.015928861004864975,4.664648525140916e-16
canonical,0,1,raw,479,0.012225163677084752,9.758287916467585e-16
canonical,0,1,recovered,479,0.020826683891145826,2.3110592680209995e-16
canonical,0,1,raw,480,0.020791020996345413,9.809751973062527e-16
canonical,0,1,recovered,480,0.02431697116745213,7.022277620764992e-16
canonical,0,1,raw,481,0.01880283233124504,3.7089426464074157e-16
canonical,0,1,recovered,481,0.021022727755039994,4.010551620559387e-16
canonical,0,1,raw,482,0.014728280098107244,5.727175828933e-16
canonical,0,1,recovered,482,0.01772560872450086,3.1007727219746026e-16
canonical,0,1,raw,483,0.01750851577267467,4.918009892145652e-16
canonical,0,1,recovered,483,0.01653409901723223,4.1826097291585364e-16
canonical,0,1,raw,484,0.016191787895981618,6.054958424271858e-16
canonical,0,1,recovered,484,0.017317817149737902,2.36002299250591e-16
canonical,0,1,raw,485,0.023120243646027192,4.0013635354645835e-16
canonical,0,1,recovered,485,0.018497369706805575,3.4124925371467176e-16
canonical,0,1,raw,486,0.024787132779049703,4.925850374029724e-16
canonical,0,1,recovered,486,0.011113849300710875,1.817904126720376e-16
canonical,0,1,raw,487,0.018676487734677873,2.9773830154342346e-16
canonical,0,1,recovered,487,0.01864950048677762,1.2806589452646953e-16
canonical,0,1,raw,488,0.013100486265846875,2.9704753394105656e-16
canonical,0,1,recovered,488,0.025240510869414,9.02213611590274e-16
canonical,0,1,raw,489,0.01302628749800978,7.898501452331979e-16
canonical,0,1,recovered,489,0.023346575356663443,1.4379120694929615e-16
canonical,0,1,raw,490,0.012350193491376362,9.944751505628085e-16
canonical,0,1,recovered,490,0.023946497481451005,5.652963170076841e-16
canonical,0,1,raw,491,0.022577264807451283,1.118057583557444e-15
canonical,0,1,recovered,491,0.01665098320461896,6.963580641042493e-16
canonical,0,1,raw,492,0.019335514475958965,3.8116588805828385e-16
canonical,0,1,recovered,492,0.013550597764190792,4.33300798008893e-16
canonical,0,1,raw,493,0.015689448726794564,1.1169305756650092e-15
canonical,0,1,recovered,493,0.016707376897863457,2.7620262608545427e-16
canonical,0,1,raw,494,0.009793109032797115,3.943758539445965e-16
canonical,0,1,recovered,494,0.012323441580657492,2.968753852901863e-16
canonical,0,1,raw,495,0.009781285235652167,3.3718401696276635e-16
canonical,0,1,recovered,495,0.014603130544990404,3.2801013237713e-16
canonical,0,1,raw,496,0.020224693860182087,1.0775719089992524e-15
canonical,0,1,recovered,496,0.02626121413940997,2.7369351911815544e-16
canonical,0,1,raw,497,0.016027580854703138,1.749753171856788e-16
canonical,0,1,recovered,497,0.023404447518985856,2.3582351828634583e-16
canonical,0,1,raw,498,0.02100418684150582,4.791983249988679e-16
canonical,0,1,recovered,498,0.013414663959169919,1.743558907067081e-16
canonical,0,1,raw,499,0.01880526731887276,5.288126936973252e-16
canonical,0,1,recovered,499,0.019889339396031696,5.783933967435679e-16
canonical,1,1,raw,0,0.006822325073543339,3.1820947732418025e-16
canonical,1,1,recovered,0,0.009234674359658924,4.746791145588619e-16
canonical,1,1,raw,1,0.009141746493279208,9.846294117135166e-16
canonical,1,1,recovered,1,0.010445180956965273,2.4609107370036716e-16
canonical,1,1,raw,2,0.009933478327211294,4.836695765000319e-16
canonical,1,1,recovered,2,0.013708717661209624,3.8483871802175935e-16
canonical,1,1,raw,3,0.010422366388715453,3.7575257274991964e-16
canonical,1,1,recovered,3,0.0038396072970768866,2.675779331622183e-16
canonical,1,1,raw,4,0.011937996092477067,4.2815977045839493e-16
canonical,1,1,recovered,4,-0.0011037531624595778,0.0012745043709297742
canonical,1,1,raw,5,0.010409109545908434,4.4019665687894667e-16
canonical,1,1,recovered,5,0.0018668280718949692,1.6146171215225695e-16
canonical,1,1,raw,6,0.014127170779795214,8.138281539153978e-16
canonical,1,1,recovered,6,-0.0003535248457374488,0.0004082153297034866
canonical,1,1,raw,7,0.014634317381315468,1.0114957121629672e-15
canonical,1,1,recovered,7,-0.0031386087556870383,0.003624153219953379
canonical,1,1,raw,8,0.010997586105798391,9.938478648973011e-16
canonical,1,1,recovered,8,0.005511588641277727,2.709830539760658e-16
canonical,1,1,raw,9,0.01375082760413194,4.907918703458923e-16
canonical,1,1,recovered,9,0.008142270567021501,4.491419222646379e-16
canonical,1,1,raw,10,0.014947238284272982,1.2743089323613723e-15
canonical,1,1,recovered,10,-0.00015040623328824962,0.0001736741585534025
canonical,1,1,raw,11,0.014658107847999268,4.1865921837784557e-16
canonical,1,1,recovered,11,0.007994807799997432,1.928641926291858e-16
canonical,1,1,raw,12,0.011302541926231695,6.211427459116314e-16
canonical,1,1,recovered,12,0.010663098726811713,1.1332283174078532e-16
canonical,1,1,raw,13,0.019228846834387997,3.5380718180054256e-16
canonical,1,1,recovered,13,0.010028930900694549,7.411361165825647e-16
canonical,1,1,raw,14,0.013383357744151508,3.3714252850923086e-16
canonical,1,1,recovered,14,0.008073652571993084,1.3854627541923829e-16
canonical,1,1,raw,15,0.007645510379364679,6.70929393999202e-16
canonical,1,1,recovered,15,0.009357325464361731,3.9935167910540887e-16
canonical,1,1,raw,16,0.009726693078016772,8.185039664215206e-16
canonical,1,1,recovered,16,0.012148552501510613,7.77387988167796e-16
canonical,1,1,raw,17,0.008705026281223,3.80731297597821e-16
canonical,1,1,recovered,17,0.011119621183456076,2.475267515072897e-16
canonical,1,1,raw,18,0.010456611414476109,1.2267181416727802e-15
canonical,1,1,recovered,18,0.003892963163127898,4.808994838347481e-16
canonical,1,1,raw,19,0.014236626842195057,6.203886306647621e-16
canonical,1,1,recovered,19,0.004773904122095655,3.1351077679049505e-16
canonical,1,1,raw,20,0.012753130209416114,6.788994550523738e-16
canonical,1,1,recovered,20,0.00844203389192098,7.258565042108674e-16
canonical,1,1,raw,21,0.013113193944653077,7.6759615286174705e-16
canonical,1,1,recovered,21,0.008360601676190104,1.3509141666234059e-16
canonical,1,1,raw,22,0.017167500470873114,7.978076177937896e-16
canonical,1,1,recovered,22,0.005364471075224793,3.541433833771241e-16
canonical,1,1,raw,23,0.0148354843772476,7.163026482083183e-16
canonical,1,1,recovered,23,0.011208358511223954,3.5795883368414487e-16
canonical,1,1,raw,24,0.00726025062078875,1.251875549055973e-15
canonical,1,1,recovered,24,0.007419563765074817,2.947151089842776e-16
canonical,1,1,raw,25,0.018006497510362242,4.658327090096454e-16
canonical,1,1,recovered,25,0.010036758192793803,4.780029869157767e-16
canonical,1,1,raw,26,0.017810322766447687,3.6873653722279683e-16
canonical,1,1,recovered,26,0.00599548066636811,2.635164588011106e-16
canonical,1,1,raw,27,0.012788922409836862,7.467652748029757e-16
canonical,1,1,recovered,27,0.0020615978770246305,3.7140266053137586e-16
canonical,1,1,raw,28,0.01447493254107317,1.506875712757389e-15
canonical,1,1,recovered,28,0.006240867507797357,4.1808995122091654e-16
canonical,1,1,raw,29,0.0074274210876112325,3.9909480496490803e-16
canonical,1,1,recovered,29,0.008581206835235751,2.258931128413456e-16
canonical,1,1,raw,30,0.01151043972022042,7.019799737194253e-16
canonical,1,1,recovered,30,0.01244558285006316,3.8754087411332007e-16
canonical,1,1,raw,31,0.014881162012358545,3.4467344677725235e-16
canonical,1,1,recovered,31,0.0031101163639886873,3.789194612909579e-16
canonical,1,1,raw,32,0.020714013043234808,8.987237478823227e-16
canonical,1,1,recovered,32,0.005791121368242337,3.361505148582407e-16
canonical,1,1,raw,33,0.010753196411000868,9.055102844135955e-16
canonical,1,1,recovered,33,0.005423639789826911,2.1820052903080094e-16
canonical,1,1,raw,34,0.014973614052312222,2.701438479117852e-16
canonical,1,1,recovered,34,0.0076567729914211145,3.955255119209303e-16
canonical,1,1,raw,35,0.014860967997874208,2.3149020181480834e-16
canonical,1,1,recovered,35,0.006665999447124123,9.160727955315832e-16
canonical,1,1,raw,36,0.015276269725288519,6.139473034290328e-16
canonical,1,1,recovered,36,0.01154093181196969,6.859416667323612e-16
canonical,1,1,raw,37,0.008458826832901912,8.01735536979386e-16
canonical,1,1,recovered,37,0.005331233873529593,5.303142161141464e-16
canonical,1,1,raw,38,0.014310001193625584,4.234133621221348e-16
canonical,1,1,recovered,38,0.004569271123902169,3.6429399509627113e-16
canonical,1,1,raw,39,0.014707308965569111,6.938601163145527e-16
canonical,1,1,recovered,39,0.0094566267303479,4.077448987409016e-16
canonical,1,1,raw,40,0.015364580789426381,5.148038526228938e-16
canonical,1,1,recovered,40,0.012122618149821459,8.703477492760521e-16
canonical,1,1,raw,41,0.011682697649763598,3.8429900444000873e-16
canonical,1,1,recovered,41,0.0030573433270339604,2.868286713430971e-16
canonical,1,1,raw,42,0.01022172468777936,6.487913813607901e-16
canonical,1,1,recovered,42,0.006865987140013001,2.412669225905929e-16
canonical,1,1,raw,43,0.005248651827821157,4.2172693989486255e-16
canonical,1,1,recovered,43,0.007065783045372011,3.967324346521807e-16
canonical,1,1,raw,44,0.005922117465226287,7.388315890470812e-16
canonical,1,1,recovered,44,0.0012408385958581104,6.177372584798639e-16
canonical,1,1,raw,45,0.015488579009983006,9.714118454809352e-16
canonical,1,1,recovered,45,0.0029005627150480917,3.72191809460814e-16
canonical,1,1,raw,46,0.005286696472005535,5.806451592616888e-16
canonical,1,1,recovered,46,0.007981487298089097,1.0668221577357263e-16
canonical,1,1,raw,47,0.014473769145557182,1.487769511566735e-15
canonical,1,1,recovered,47,0.015268628567228016,3.430785735435428e-16
canonical,1,1,raw,48,0.009566338942967573,1.1887353211290378e-15
canonical,1,1,recovered,48,0.006373715999050535,2.7096669489698595e-16
canonical,1,1,raw,49,0.009980287200898807,2.8672570493114335e-16
canonical,1,1,recovered,49,0.014275553531041043,4.329151800069083e-16
canonical,1,1,raw,50,0.007583894090465979,5.595165627446326e-16
canonical,1,1,recovered,50,0.0013746261385938398,9.985049276232213e-16
canonical,1,1,raw,51,0.012611355774738297,9.092849344501945e-16
canonical,1,1,recovered,51,0.007872122921748928,2.0907584450612443e-16
canonical,1,1,raw,52,0.010147553943260744,7.599118499538008e-16
canonical,1,1,recovered,52,0.0033483918384101946,3.658160469453129e-16
canonical,1,1,raw,53,0.011290476253093993,1.508972625737928e-16
canonical,1,1,recovered,53,0.015562516367482826,4.2571482364597675e-16
canonical,1,1,raw,54,0.003305148821972252,3.871155054142028e-16
canonical,1,1,recovered,54,0.008164989937526837,4.3907398418871797e-16
canonical,1,1,raw,55,0.006913841823793289,9.171959750552214e-16
canonical,1,1,recovered,55,0.003559895015163543,8.648742639447018e-16
canonical,1,1,raw,56,0.01842771082090462,7.764336253113488e-16
canonical,1,1,recovered,56,0.009181428780771259,2.5483096718752674e-16
canonical,1,1,raw,57,0.015229808220319593,5.579964637784975e-16
canonical,1,1,recovered,57,0.007595422925261143,3.4791045937022313e-16
canonical,1,1,raw,58,0.013304356065365222,3.9940948539363677e-16
canonical,1,1,recovered,58,0.007601224277934777,3.3726782375584896e-16
canonical,1,1,raw,59,0.006596551013078015,3.6723116760074847e-16
canonical,1,1,recovered,59,-0.003036702324712674,0.0035064818092428703
canonical,1,1,raw,60,0.012500813716045667,7.595922586980439e-16
canonical,1,1,recovered,60,0.00324266144694375,1.1225463838325321e-15
canonical,1,1,raw,61,0.014160008587709088,2.0236963919092203e-16
canonical,1,1,recovered,61,0.005137250210942316,2.2033399722473127e-16
canonical,1,1,raw,62,0.01342851613212127,3.167821399197589e-16
canonical,1,1,recovered,62,0.004596633711210943,6.988503128512558e-16
canonical,1,1,raw,63,0.010560641555234198,3.0854496607288014e-16
canonical,1,1,recovered,63,0.0019981244124939574,2.9683309175780093e-16
canonical,1,1,raw,64,0.013694361550896593,4.751798752393686e-16
canonical,1,1,recovered,64,0.002043554288415053,5.872190304120963e-16
canonical,1,1,raw,65,0.00615821708864471,1.2193793510223738e-15
canonical,1,1,recovered,65,0.005821376710816186,1.5947195070772111e-16
canonical,1,1,raw,66,0.016580124235245786,4.263365288667857e-16
canonical,1,1,recovered,66,0.003711881785535719,3.313191278166543e-16
canonical,1,1,raw,67,0.012016287370052609,6.559636396365864e-16
canonical,1,1,recovered,67,0.006686504803189222,1.8528479045805948e-16
canonical,1,1,raw,68,0.01576098753456216,3.961954235366746e-16
canonical,1,1,recovered,68,0.009127979198291928,6.549304840622659e-16
canonical,1,1,raw,69,0.012211442880126485,7.906162818623196e-16
canonical,1,1,recovered,69,0.0080668381158643,6.913079822489797e-16
canonical,1,1,raw,70,0.011625134093134228,6.615064955015768e-16
canonical,1,1,recovered,70,0.013009808942646275,7.393140827188171e-16
canonical,1,1,raw,71,0.01136027985138016,8.280695289857342e-16
canonical,1,1,recovered,71,0.008051247265660741,6.379458849810767e-16
canonical,1,1,raw,72,0.010894704557647636,4.530701212654938e-16
canonical,1,1,recovered,72,0.007997289748684027,4.769988828380811e-16
canonical,1,1,raw,73,0.013641502443273014,2.3524858741025636e-16
canonical,1,1,recovered,73,0.013812382251024257,2.878333180851537e-16
canonical,1,1,raw,74,0.011697528020478487,1.2598819625659244e-15
canonical,1,1,recovered,74,-0.0019940848468530856,0.00230257084623534
canonical,1,1,raw,75,0.006014059154887072,7.099905521810027e-16
canonical,1,1,recovered,75,0.006628625624336995,3.381178648111872e-16
canonical,1,1,raw,76,0.017827468204652003,8.043894006084704e-16
canonical,1,1,recovered,76,0.012559782381663597,5.597286305031094e-16
canonical,1,1,raw,77,0.013338670097706557,3.8582391150604873e-16
canonical,1,1,recovered,77,0.002640833243370694,6.586408577585246e-16
canonical,1,1,raw,78,0.014375790433760785,3.1187056174535783e-16
canonical,1,1,recovered,78,0.014013297444172021,7.978903010412758e-17
canonical,1,1,raw,79,0.009697730510969125,3.369189608107892e-16
canonical,1,1,recovered,79,0.00646126410117072,5.203382514706579e-16
canonical,1,1,raw,80,0.010809143597165715,4.4396552581603915e-16
canonical,1,1,recovered,80,0.0032555116645700383,1.5702002646760376e-16
canonical,1,1,raw,81,0.015807393550325986,1.3232149844807216e-15
canonical,1,1,recovered,81,0.003737179716522768,8.360224952431588e-16
canonical,1,1,raw,82,0.0145586475403802,1.1265546969103723e-15
canonical,1,1,recovered,82,0.007412730324017969,8.543662814824029e-16
canonical,1,1,raw,83,0.009245801715265149,1.0654365989039372e-15
canonical,1,1,recovered,83,0.000761946106250926,3.401917519634953e-16
canonical,1,1,raw,84,0.01975078262081113,6.404998089563596e-16
canonical,1,1,recovered,84,0.005719950011629662,5.282930815514896e-16
canonical,1,1,raw,85,0.015933425254753282,5.098862535230944e-16
canonical,1,1,recovered,85,0.0075654323420341505,2.87864803549859e-16
canonical,1,1,raw,86,0.007247022867755103,7.047347481143666e-16
canonical,1,1,recovered,86,0.013120761090922702,2.2159437728784875e-16
canonical,1,1,raw,87,0.013662388086447558,4.475704034846284e-16
canonical,1,1,recovered,87,0.010038890011999672,1.7043039138036535e-16
canonical,1,1,raw,88,0.014750620898549338,1.4216639672733433e-15
canonical,1,1,recovered,88,0.0038777369655823104,2.0104143113117792e-16
canonical,1,1,raw,89,0.006738348218813831,8.797424239417341e-16
canonical,1,1,recovered,89,0.007190733449392296,1.7302317743297194e-16
canonical,1,1,raw,90,0.016767465282794564,1.2226029438165052e-15
canonical,1,1,recovered,90,0.0071665938659106945,3.5386020357384135e-16
canonical,1,1,raw,91,0.012751588153673893,3.823797693458645e-16
canonical,1,1,recovered,91,0.012759507062443633,3.801761372319534e-16
canonical,1,1,raw,92,0.015472214978136173,8.059534096319954e-16
canonical,1,1,recovered,92,0.0034908968324710347,3.229744917730148e-16
canonical,1,1,raw,93,0.004151871714040419,8.711302610751798e-16
canonical,1,1,recovered,93,0.002756813320671209,9.165473498153611e-16
canonical,1,1,raw,94,0.015884447772755005,3.920321537349984e-16
canonical,1,1,recovered,94,0.008762754280540682,5.980241395561831e-16
canonical,1,1,raw,95,0.01321069916770627,3.3915455662606455e-16
canonical,1,1,recovered,95,0.00727329825797488,2.299286977061969e-16
canonical,1,1,raw,96,0.014775867024808265,3.390075336174488e-16
canonical,1,1,recovered,96,0.00654518932648975,4.078667702222549e-16
canonical,1,1,raw,97,0.010125470267707617,3.5441837696906885e-16
canonical,1,1,recovered,97,0.004203283237670502,4.271646486888189e-16
canonical,1,1,raw,98,0.010863932791935683,7.546565525799931e-16
canonical,1,1,recovered,98,0.0073607712088344865,3.929148673087468e-16
canonical,1,1,raw,99,0.013321510151114385,8.050109940389497e-16
canonical,1,1,recovered,99,0.000756828220856048,5.113963630297894e-16
canonical,1,1,raw,100,0.006825372283511364,3.7046907425354673e-16
canonical,1,1,recovered,100,0.008907184483695891,4.987101893292696e-16
canonical,1,1,raw,101,0.018612224816857086,5.462217001124479e-16
canonical,1,1,recovered,101,0.006618925604892845,6.337988104991329e-16
canonical,1,1,raw,102,0.006950153632319778,4.14397899032954e-16
canonical,1,1,recovered,102,0.009680107172226515,7.725415763353599e-16
canonical,1,1,raw,103,0.007451032229506655,5.509888559460162e-16
canonical,1,1,recovered,103,-0.007692801602117389,0.008882882151609633
canonical,1,1,raw,104,0.016676170091738038,7.14112211531148e-16
canonical,1,1,recovered,104,0.003949873788548308,3.3125497517994016e-16
canonical,1,1,raw,105,0.01082888944027923,4.648427770019284e-16
canonical,1,1,recovered,105,0.009209803957965602,4.1452269205171228e-16
canonical,1,1,raw,106,0.013927733015635442,5.560110101596918e-16
canonical,1,1,recovered,106,0.0037286739449170396,8.225079819130426e-16
canonical,1,1,raw,107,0.014156380879072828,4.607824028246602e-16
canonical,1,1,recovered,107,0.005267814384680788,9.044213068536586e-16
canonical,1,1,raw,108,0.015086681060317362,4.232978550543123e-16
canonical,1,1,recovered,108,0.011087085353111637,3.090200632303346e-16
canonical,1,1,raw,109,0.010324069761036838,6.787215058265276e-16
canonical,1,1,recovered,109,0.008517667619676898,6.290287981791947e-16
canonical,1,1,raw,110,0.01314825595536696,5.2344005340091285e-16
canonical,1,1,recovered,110,0.0055975809946825494,3.093145002160994e-16
canonical,1,1,raw,111,0.014294856512757912,4.856393391046351e-16
canonical,1,1,recovered,111,0.007146856803920507,4.004173373224861e-16
canonical,1,1,raw,112,0.016934356297187928,3.443034180755472e-16
canonical,1,1,recovered,112,0.011642090810495406,1.392662649433787e-16
canonical,1,1,raw,113,0.01902508959656534,7.860125677544154e-16
canonical,1,1,recovered,113,0.007921686756334301,3.4254601963739076e-16
canonical,1,1,raw,114,0.012793703209052501,7.386597391181257e-16
canonical,1,1,recovered,114,0.0042781929281726335,2.1740890902636888e-16
canonical,1,1,raw,115,0.0077745246832231895,5.390745876972517e-16
canonical,1,1,recovered,115,0.0047394179912731565,3.019839192730379e-16
canonical,1,1,raw,116,0.011131169910710345,3.104300868171689e-16
canonical,1,1,recovered,116,0.01000419733431033,6.484976547985965e-16
canonical,1,1,raw,117,0.012314736352196754,6.933853243452675e-16
canonical,1,1,recovered,117,0.00729466859667472,1.9633437526413124e-16
canonical,1,1,raw,118,0.015201651080480036,3.1600132042308357e-16
canonical,1,1,recovered,118,0.013706172442178342,6.320146188212484e-16
canonical,1,1,raw,119,0.007269881487115564,5.104802409683466e-16
canonical,1,1,recovered,119,0.01145585870219554,5.06234974336995e-16
canonical,1,1,raw,120,0.009427316429858886,2.6981520701655344e-16
canonical,1,1,recovered,120,0.0028107998698702376,4.295411427384649e-16
canonical,1,1,raw,121,0.014377083141766871,5.314643594672589e-16
canonical,1,1,recovered,121,0.005015541490093745,7.164499836735084e-16
canonical,1,1,raw,122,0.020297626288065897,2.6069775945071343e-16
canonical,1,1,recovered,122,0.0008935709233563066,6.333725357370857e-16
canonical,1,1,raw,123,0.01572543082147429,7.607946689405723e-16
canonical,1,1,recovered,123,0.004694045620321318,6.2401056122296155e-16
canonical,1,1,raw,124,0.008065728920315294,3.771183706597137e-16
canonical,1,1,recovered,124,0.006446285396659183,6.532317999249879e-16
canonical,1,1,raw,125,0.019359520269528255,7.155763250403854e-16
canonical,1,1,recovered,125,0.007738049221455837,4.1652242330901854e-16
canonical,1,1,raw,126,0.020724286343288104,1.1542073219938635e-15
canonical,1,1,recovered,126,0.011726233835483635,4.559341242243033e-16
canonical,1,1,raw,127,0.014496932382815273,4.2267179153437143e-16
canonical,1,1,recovered,127,0.011223692147103698,5.236778256574613e-16
canonical,1,1,raw,128,0.013590650074071798,1.3065665275218198e-15
canonical,1,1,recovered,128,0.006043542912978961,3.5151432941710203e-16
canonical,1,1,raw,129,0.005932508643854353,3.684450162586566e-16
canonical,1,1,recovered,129,0.00608798736671533,4.742176859445363e-16
canonical,1,1,raw,130,0.009408584394985174,4.760848158211896e-16
canonical,1,1,recovered,130,0.01707621151827618,2.633932115178108e-16
canonical,1,1,raw,131,0.009667866659220764,1.2742949109478997e-15
canonical,1,1,recovered,131,0.016359097461854245,4.732983470590801e-16
canonical,1,1,raw,132,0.013699776684627388,1.1174467378237083e-15
canonical,1,1,recovered,132,0.007647738607001873,4.614075044713845e-16
canonical,1,1,raw,133,0.019798773097264865,3.034291209734305e-16
canonical,1,1,recovered,133,0.0010015202506992006,3.263874267880175e-16
canonical,1,1,raw,134,0.0136876893313251,3.2136381545467005e-16
canonical,1,1,recovered,134,0.011065866265715629,4.766221807209209e-16
canonical,1,1,raw,135,0.013040714179666542,4.050421442349073e-16
canonical,1,1,recovered,135,0.00824026772706115,4.3901765202446243e-16
canonical,1,1,raw,136,0.01725557599491679,6.391526940548238e-16
canonical,1,1,recovered,136,0.009835008529194144,7.510591417347444e-16
canonical,1,1,raw,137,0.017807149461054866,4.1896411425730516e-16
canonical,1,1,recovered,137,0.005531388369697292,1.8798904213144147e-16
canonical,1,1,raw,138,0.009184397156488945,7.363122123354164e-16
canonical,1,1,recovered,138,0.005999506742494447,1.5832262459243886e-16
canonical,1,1,raw,139,0.01305692368892714,6.765338155628372e-16
canonical,1,1,recovered,139,0.007072624091676419,5.921864229134882e-16
canonical,1,1,raw,140,0.01804991998673348,2.752856143660444e-16
canonical,1,1,recovered,140,0.008385357756163348,3.8309022267797564e-16
canonical,1,1,raw,141,0.014823082824167796,3.1440397425675765e-16
canonical,1,1,recovered,141,-0.0004593169923561162,0.0005303735783604704
canonical,1,1,raw,142,0.0038838104218558885,5.231737343214809e-16
canonical,1,1,recovered,142,0.012437528582353492,2.252562501296094e-16
canonical,1,1,raw,143,0.013029999929653533,2.7327814193446425e-16
canonical,1,1,recovered,143,0.00039262191275058926,3.3880219792416977e-16
canonical,1,1,raw,144,0.009287934920967232,6.233447820178063e-16
canonical,1,1,recovered,144,0.004177880132789033,2.8698800785930644e-16
canonical,1,1,raw,145,0.016248350844567928,1.3945723651455145e-15
canonical,1,1,recovered,145,0.004566006244136679,3.255240987921497e-16
canonical,1,1,raw,146,0.009047392448418115,7.269813931953854e-16
canonical,1,1,recovered,146,0.01383893117662153,2.0504714000401725e-16
canonical,1,1,raw,147,0.01824621287233847,6.139637692002803e-16
canonical,1,1,recovered,147,8.033729266508895e-05,5.9633879210191e-16
canonical,1,1,raw,148,0.015013903305929974,2.585771039260277e-16
canonical,1,1,recovered,148,0.00664394799364673,5.000624391540369e-16
canonical,1,1,raw,149,0.011525768500155468,5.737911757771959e-16
canonical,1,1,recovered,149,0.012050316852280597,4.977220640027076e-16
canonical,1,1,raw,150,0.012085713732305102,5.555377503504083e-16
canonical,1,1,recovered,150,0.0077869290987690205,4.951656607169684e-16
canonical,1,1,raw,151,0.015844411295783106,5.2143023728634445e-16
canonical,1,1,recovered,151,0.002753818750568684,1.5080375322863963e-16
canonical,1,1,raw,152,0.015586319834975349,4.3028311330930073e-16
canonical,1,1,recovered,152,0.012023271602586679,3.4531034117359243e-16
canonical,1,1,raw,153,0.015284937865661386,5.063023088178896e-16
canonical,1,1,recovered,153,0.0037319515985548566,1.3275594066596237e-16
canonical,1,1,raw,154,0.007577222639770308,5.688775634374319e-16
canonical,1,1,recovered,154,0.004531482575842803,3.260132293305361e-16
canonical,1,1,raw,155,0.014726626480887444,1.1910323625281021e-15
canonical,1,1,recovered,155,0.00018447389362566012,6.212190456377619e-16
canonical,1,1,raw,156,0.014596239037026247,5.98664356455272e-16
canonical,1,1,recovered,156,0.00892042513339601,3.5211529147553997e-16
canonical,1,1,raw,157,0.012551976147124258,4.89677747715053e-16
canonical,1,1,recovered,157,0.004637896470633167,7.733805535528069e-16
canonical,1,1,raw,158,0.016960648316022363,3.9627374343139165e-16
canonical,1,1,recovered,158,0.011912416595420848,4.172523853428509e-16
canonical,1,1,raw,159,0.01470946091421467,4.714204803088178e-16
canonical,1,1,recovered,159,0.0034253164587709777,8.340439706347682e-16
canonical,1,1,raw,160,0.01609142333526549,7.455674082535838e-16
canonical,1,1,recovered,160,0.007165388065989076,2.300373495134929e-16
canonical,1,1,raw,161,0.0025230492458222053,9.929227440208923e-16
canonical,1,1,recovered,161,0.007199466154184012,3.1227627555806924e-16
canonical,1,1,raw,162,0.00048428506116349705,2.791645642647988e-16
canonical,1,1,recovered,162,0.006365144327510247,2.2792523969423673e-16
canonical,1,1,raw,163,0.02078339656937147,4.0108611226568867e-16
canonical,1,1,recovered,163,0.005669570124817958,2.61746614551557e-16
canonical,1,1,raw,164,0.013467956865931302,7.631612759016366e-16
canonical,1,1,recovered,164,0.0011417168035733154,6.418667326237428e-16
canonical,1,1,raw,165,0.014823986283954753,4.073073832905103e-16
canonical,1,1,recovered,165,0.013235562045776276,1.0141272668983066e-16
canonical,1,1,raw,166,0.014457164515426675,3.12740780633395e-16
canonical,1,1,recovered,166,-0.0015554003349005068,0.001796021604104851
canonical,1,1,raw,167,0.008592360501001511,8.316385750295655e-16
canonical,1,1,recovered,167,0.00956097702266708,6.728007823697164e-16
canonical,1,1,raw,168,0.012929147639652104,3.48045041810788e-16
canonical,1,1,recovered,168,0.00785013771311511,2.1566479127687907e-16
canonical,1,1,raw,169,0.013633543452361391,2.8095190951473577e-16
canonical,1,1,recovered,169,0.007014397601980256,3.210869081238439e-16
canonical,1,1,raw,170,0.004204205425943954,3.5205271634396445e-16
canonical,1,1,recovered,170,0.013940908740876444,3.5336928228393247e-16
canonical,1,1,raw,171,0.017630458570006113,5.33057477758039e-16
canonical,1,1,recovered,171,0.010013999852973238,3.6967220945413024e-16
canonical,1,1,raw,172,0.012600805468072717,5.769410487566512e-16
canonical,1,1,recovered,172,0.005130226207077475,4.434572972007436e-16
canonical,1,1,raw,173,0.016079891814893013,8.273310320465879e-16
canonical,1,1,recovered,173,0.009891411410315529,4.0683981171020174e-16
canonical,1,1,raw,174,0.008756232920545661,7.341631760454026e-16
canonical,1,1,recovered,174,0.004908679202575828,5.75366306470015e-16
canonical,1,1,raw,175,0.010919986930947156,8.192896228953141e-16
canonical,1,1,recovered,175,0.011489271481229192,3.6913770719134495e-16
canonical,1,1,raw,176,0.00791502026192731,4.0990416493919914e-16
canonical,1,1,recovered,176,0.010515244450988937,4.654721485406072e-16
canonical,1,1,raw,177,0.015426086354918177,7.412835430608114e-16
canonical,1,1,recovered,177,0.009053744923894946,5.121787587468113e-16
canonical,1,1,raw,178,0.006214392396113819,5.033164970091174e-16
canonical,1,1,recovered,178,0.007146196821384821,7.387704914299785e-16
canonical,1,1,raw,179,0.014232089990555492,4.580056001992145e-16
canonical,1,1,recovered,179,0.003025276267644436,3.5981192584509443e-16
canonical,1,1,raw,180,0.0104390579037856,7.674205696135114e-16
canonical,1,1,recovered,180,0.0006024566163143986,6.928795343687193e-16
canonical,1,1,raw,181,0.011747608979722062,7.392985643545089e-16
canonical,1,1,recovered,181,0.005988285629872582,2.760262047065552e-16
canonical,1,1,raw,182,0.016673456011563833,6.934669650626935e-16
canonical,1,1,recovered,182,0.009587029740361203,1.0089024077005839e-16
canonical,1,1,raw,183,0.01667555725165883,1.14148561467412e-15
canonical,1,1,recovered,183,0.004419132824601367,4.0732077417011067e-16
canonical,1,1,raw,184,0.01072468788094215,7.047368998252077e-16
canonical,1,1,recovered,184,0.007094914144938664,4.050896206786473e-16
canonical,1,1,raw,185,0.011888012011881466,4.016741813755209e-16
canonical,1,1,recovered,185,0.0030556937904474956,2.848636345047443e-16
canonical,1,1,raw,186,0.016837327790398728,3.9917114246538994e-16
canonical,1,1,recovered,186,0.009404150415290202,7.913882123945119e-16
canonical,1,1,raw,187,0.00803674937415207,5.672253985878245e-16
canonical,1,1,recovered,187,0.009456203502218815,5.152964623173122e-16
canonical,1,1,raw,188,0.018960849651068035,3.270375039715119e-16
canonical,1,1,recovered,188,0.007880685263696037,3.8929000313200786e-16
canonical,1,1,raw,189,0.010773176098923712,4.240041766038069e-16
canonical,1,1,recovered,189,0.01274541262651348,3.061602426083404e-16
canonical,1,1,raw,190,0.01092606437770811,2.7149184447376767e-16
canonical,1,1,recovered,190,0.011572561165762855,2.0762491418793457e-16
canonical,1,1,raw,191,0.013589212247635103,3.7638952499815005e-16
canonical,1,1,recovered,191,0.008649589554502592,2.766680011494088e-16
canonical,1,1,raw,192,0.015595940967254864,5.538615785225295e-16
canonical,1,1,recovered,192,0.01282760299133743,9.74909384684578e-16
canonical,1,1,raw,193,0.008128656148069123,4.135151065624557e-16
canonical,1,1,recovered,193,0.0081832453955509,9.267942306463777e-16
canonical,1,1,raw,194,0.009380299661088222,5.209765517461133e-16
canonical,1,1,recovered,194,0.004535319478937399,4.66514040442996e-16
canonical,1,1,raw,195,0.0014059201135529454,8.872536797676402e-16
canonical,1,1,recovered,195,-0.00010264338103233586,0.00011852236733902483
canonical,1,1,raw,196,0.005829125559248218,3.586827885460804e-16
canonical,1,1,recovered,196,0.009097755004991258,7.254556747733704e-16
canonical,1,1,raw,197,0.01210653656921609,3.2900589672216515e-16
canonical,1,1,recovered,197,0.00582661860832531,4.124837725284695e-16
canonical,1,1,raw,198,0.014161555434148326,6.177376390604336e-16
canonical,1,1,recovered,198,0.008549764295322854,8.129997690555121e-16
canonical,1,1,raw,199,0.009270976236906337,5.753453036717118e-16
canonical,1,1,recovered,199,0.008564961866568863,2.6426008445366507e-16
canonical,1,1,raw,200,0.015352697539532714,7.956109281497112e-16
canonical,1,1,recovered,200,0.007528434673959924,2.1203008733977207e-16
canonical,1,1,raw,201,0.011187156555140238,6.638350286909574e-16
canonical,1,1,recovered,201,-0.0030391855073219976,0.003509349141538956
canonical,1,1,raw,202,0.008414907393179351,7.149760848062785e-16
canonical,1,1,recovered,202,0.010914468059288222,5.077879379854168e-16
canonical,1,1,raw,203,0.01918854299331642,2.4042431916693294e-16
canonical,1,1,recovered,203,0.008931820695700081,3.745256786049122e-16
canonical,1,1,raw,204,0.01429196473591727,3.87360446884332e-16
canonical,1,1,recovered,204,0.004357781519072863,7.181275925766047e-16
canonical,1,1,raw,205,0.00959301664111994,1.0083431805915277e-15
canonical,1,1,recovered,205,0.005137898800929684,4.317498341897643e-16
canonical,1,1,raw,206,0.017147111970624896,4.113803377510479e-16
canonical,1,1,recovered,206,0.0087527719991105,3.6882613814026557e-16
canonical,1,1,raw,207,0.014258468610927588,7.521059319090901e-16
canonical,1,1,recovered,207,0.008525303680025808,5.063034232443056e-16
canonical,1,1,raw,208,0.013313786526197654,3.3041359605336057e-16
canonical,1,1,recovered,208,0.007617370239299092,5.2122777850088995e-16
canonical,1,1,raw,209,0.01441073093635584,7.962102170135166e-16
canonical,1,1,recovered,209,0.008856732160994541,4.876473869314002e-16
canonical,1,1,raw,210,0.010884760248041084,8.28999102913853e-16
canonical,1,1,recovered,210,0.016325723099706507,7.072769915871623e-16
canonical,1,1,raw,211,0.01888807892866537,4.1670751610457554e-16
canonical,1,1,recovered,211,0.0036308560138212753,3.204769578287042e-16
canonical,1,1,raw,212,0.02278596727451812,9.87361340159163e-16
canonical,1,1,recovered,212,0.0004359574109813804,5.788118269606738e-16
canonical,1,1,raw,213,0.012817653821866096,8.919330041999473e-16
canonical,1,1,recovered,213,0.00820466218257357,2.6062109464641206e-16
canonical,1,1,raw,214,0.010052963470333671,6.123656797281539e-16
canonical,1,1,recovered,214,0.009356836740892154,5.104252489923534e-16
canonical,1,1,raw,215,0.007920856046576932,5.26631627343363e-16
canonical,1,1,recovered,215,0.00845219094405529,3.5151499823378126e-16
canonical,1,1,raw,216,0.014620931828274964,2.526484198260728e-16
canonical,1,1,recovered,216,0.003334441933874037,2.291616657813073e-16
canonical,1,1,raw,217,0.014095385614626189,6.25126038892547e-16
canonical,1,1,recovered,217,0.008478822986529858,1.8872344431584183e-16
canonical,1,1,raw,218,0.009688562920501586,3.7485446182538943e-16
canonical,1,1,recovered,218,0.008194974792101186,5.695048063633642e-16
canonical,1,1,raw,219,0.007840885414572986,7.628990108259716e-16
canonical,1,1,recovered,219,0.002164853800642152,4.0037873136194813e-16
canonical,1,1,raw,220,0.007529549966814516,4.594872854831586e-16
canonical,1,1,recovered,220,0.006836302049901821,5.133462695271077e-16
canonical,1,1,raw,221,0.01360452604107175,5.518242326020107e-16
canonical,1,1,recovered,221,0.009148565660812322,2.3643782223395104e-16
canonical,1,1,raw,222,0.008505630415748354,3.623639504051637e-16
canonical,1,1,recovered,222,0.0022519971298607124,1.95411854622845e-16
canonical,1,1,raw,223,0.010585951527188622,3.797702537099941e-16
canonical,1,1,recovered,223,0.007585948899889563,2.021029626320023e-16
canonical,1,1,raw,224,0.013906515659313367,2.8539760041018134e-16
canonical,1,1,recovered,224,0.00041971774419543705,8.143760006047887e-16
canonical,1,1,raw,225,0.008544930788576021,5.453877912535778e-16
canonical,1,1,recovered,225,0.004560719508508104,1.0938658375456596e-15
canonical,1,1,raw,226,0.01894760693328728,1.6815273151120472e-16
canonical,1,1,recovered,226,0.004562935336436225,3.2476444048203924e-16
canonical,1,1,raw,227,0.019501770006417594,1.1800640531145062e-15
canonical,1,1,recovered,227,0.01093032275792383,3.5854734686794193e-16
canonical,1,1,raw,228,0.016040371315074253,7.305926085003832e-16
canonical,1,1,recovered,228,0.0036907885866046264,4.47066818532784e-16
canonical,1,1,raw,229,0.012598528390485877,8.498383574409798e-16
canonical,1,1,recovered,229,0.012614164166318612,1.511998356248581e-16
canonical,1,1,raw,230,0.00597531774197675,6.783559020277144e-16
canonical,1,1,recovered,230,0.01027387794969127,3.609392569194034e-16
canonical,1,1,raw,231,0.00929959276912444,2.5788828407750295e-16
canonical,1,1,recovered,231,-0.0032200706817550606,0.0037182173498415795
canonical,1,1,raw,232,0.014002562180115752,7.01461880445032e-16
canonical,1,1,recovered,232,0.005966627744138233,3.557119449059626e-16
canonical,1,1,raw,233,0.0073164001745002405,5.243820445065305e-16
canonical,1,1,recovered,233,0.0070894691857756814,4.624918253202487e-16
canonical,1,1,raw,234,0.007890790060114216,2.245799117787994e-16
canonical,1,1,recovered,234,0.008225003315400417,4.547112372748087e-16
canonical,1,1,raw,235,0.01667081312635816,1.0543102141348583e-15
canonical,1,1,recovered,235,0.006915148037312259,4.077190669940043e-16
canonical,1,1,raw,236,0.013025382284676444,9.514406388845625e-16
canonical,1,1,recovered,236,0.006583856623890459,1.5025244899941586e-16
canonical,1,1,raw,237,0.012417208858071125,4.102190067800416e-16
canonical,1,1,recovered,237,0.005322092104238085,3.246003529206056e-16
canonical,1,1,raw,238,0.020366227831680447,3.5824197494478725e-16
canonical,1,1,recovered,238,0.0002745985214202266,3.0404571506950477e-16
canonical,1,1,raw,239,0.015575481743425353,3.9788748496801066e-16
canonical,1,1,recovered,239,0.00952445434841885,4.666780971019536e-16
canonical,1,1,raw,240,0.011886193208290919,2.701391483972435e-16
canonical,1,1,recovered,240,0.006653990957062628,2.0451444416547803e-16
canonical,1,1,raw,241,0.014396962143569591,2.798369284152592e-16
canonical,1,1,recovered,241,0.007820252252170892,1.694302407544444e-16
canonical,1,1,raw,242,0.014949442049998941,6.204478204854441e-16
canonical,1,1,recovered,242,0.009287788131523606,3.550816241822578e-16
canonical,1,1,raw,243,0.01198519659597061,4.087191478803193e-16
canonical,1,1,recovered,243,0.006042519635870003,6.592873568912598e-16
canonical,1,1,raw,244,0.012138478235323592,3.997479140191315e-16
canonical,1,1,recovered,244,0.014217613399598683,1.8684124017222729e-16
canonical,1,1,raw,245,0.018324635606889045,1.0437623718365528e-15
canonical,1,1,recovered,245,0.002220665143904195,3.67916974308711e-16
canonical,1,1,raw,246,0.018850460036534334,9.050122783652915e-16
canonical,1,1,recovered,246,0.008252448161598808,3.8021126042275464e-16
canonical,1,1,raw,247,0.007049203757492538,5.938129273875284e-16
canonical,1,1,recovered,247,0.0014851368358327274,2.876778821526112e-16
canonical,1,1,raw,248,0.011220821984727503,4.955243757933735e-16
canonical,1,1,recovered,248,0.007517271999588344,2.6400160380510317e-16
canonical,1,1,raw,249,0.01873553307689419,4.0138353457185504e-16
canonical,1,1,recovered,249,0.014701515414207443,3.1239068861435227e-16
canonical,1,1,raw,250,0.012717321477427818,7.15210363987179e-16
canonical,1,1,recovered,250,0.004108812262428872,1.4279234857520577e-16
canonical,1,1,raw,251,0.012484464919630593,6.645553339197737e-16
canonical,1,1,recovered,251,0.011978373462627902,4.281561464394728e-16
canonical,1,1,raw,252,0.020482951779739907,5.100935134226558e-16
canonical,1,1,recovered,252,0.012156394796012202,2.3651834981603453e-16
canonical,1,1,raw,253,0.01347919969503154,3.43364619902857e-16
canonical,1,1,recovered,253,0.005397845869112326,5.0188308245136e-16
canonical,1,1,raw,254,0.01298419247146697,6.673761007599433e-16
canonical,1,1,recovered,254,0.004748075527897704,3.096362347191175e-16
canonical,1,1,raw,255,0.00446124699935317,6.453640551611814e-16
canonical,1,1,recovered,255,0.007672028638257423,2.554672980974306e-16
canonical,1,1,raw,256,0.007093837603319239,5.517318968113018e-16
canonical,1,1,recovered,256,0.0038736425978212743,1.8896247352471285e-16
canonical,1,1,raw,257,0.015318837751188029,1.3251107508643719e-15
canonical,1,1,recovered,257,0.004637389514483323,1.7317855106939577e-16
canonical,1,1,raw,258,0.010356913500902384,6.212539375285682e-16
canonical,1,1,recovered,258,0.0037696730808975676,8.837767262372517e-16
canonical,1,1,raw,259,0.012958770566862664,5.607908896145176e-16
canonical,1,1,recovered,259,0.00804807247272582,6.812906985416441e-16
canonical,1,1,raw,260,0.00982790591325223,7.140684899909752e-16
canonical,1,1,recovered,260,0.0029353775851234504,3.1468201821496934e-16
canonical,1,1,raw,261,0.010344525166266664,1.4193666929616785e-15
canonical,1,1,recovered,261,0.00042203310442347,3.508000948554553e-16
canonical,1,1,raw,262,0.00802009197363043,6.695594427961627e-16
canonical,1,1,recovered,262,0.010740274272571659,1.9707729911317836e-16
canonical,1,1,raw,263,0.0061678322442766855,4.903595628320939e-16
canonical,1,1,recovered,263,0.0065100707975372755,2.5761154684917183e-16
canonical,1,1,raw,264,0.009005071129163243,5.658377077921341e-16
canonical,1,1,recovered,264,0.008083074123532187,1.3186546244008963e-16
canonical,1,1,raw,265,0.014367205933787286,4.950656601998956e-16
canonical,1,1,recovered,265,-0.001408451367003245,0.001626339551759523
canonical,1,1,raw,266,0.011598371853754676,5.574570943764823e-16
canonical,1,1,recovered,266,0.011433655606953247,3.6339882073797426e-16
canonical,1,1,raw,267,0.01665462535377986,7.195812491554265e-16
canonical,1,1,recovered,267,0.006087195199027924,5.86929098370599e-16
canonical,1,1,raw,268,0.012409138143978218,5.117071309177805e-16
canonical,1,1,recovered,268,0.008682550176106403,3.2328709036268295e-16
canonical,1,1,raw,269,0.010430352380182492,3.2892321912092446e-16
canonical,1,1,recovered,269,0.009053124333121042,3.7371478532478423e-16
canonical,1,1,raw,270,0.01905760659799219,8.260638168924328e-16
canonical,1,1,recovered,270,0.0028363636118514768,5.185009829074566e-16
canonical,1,1,raw,271,0.016161907501251366,4.928434442467858e-16
canonical,1,1,recovered,271,0.008276204182044986,5.989336134333442e-16
canonical,1,1,raw,272,0.010891420443305325,9.834406278443947e-16
canonical,1,1,recovered,272,0.00503779501693173,5.739474251339912e-16
canonical,1,1,raw,273,0.013447206859213653,5.725957344111239e-16
canonical,1,1,recovered,273,0.01305556653370919,6.173437649558099e-16
canonical,1,1,raw,274,0.014587867785471135,4.739022767404074e-16
canonical,1,1,recovered,274,-0.0006175958101422768,0.0007131382144723229
canonical,1,1,raw,275,0.016688449645835948,3.8553192600900095e-16
canonical,1,1,recovered,275,0.007249679047010394,6.555623392818109e-16
canonical,1,1,raw,276,0.010481395489783735,3.568317470205047e-16
canonical,1,1,recovered,276,0.00882481021309087,4.3226171160240683e-16
canonical,1,1,raw,277,0.01928338879731477,6.647497367576061e-16
canonical,1,1,recovered,277,0.010732966441593703,6.610528505907209e-16
canonical,1,1,raw,278,0.018136134396731077,5.301389871210979e-16
canonical,1,1,recovered,278,0.0018721405129668873,3.781211073810648e-16
canonical,1,1,raw,279,0.008618441791672826,1.1245285558891255e-15
canonical,1,1,recovered,279,-0.000425967236281702,0.000491864597066294
canonical,1,1,raw,280,0.012369913318500465,6.259143369839454e-16
canonical,1,1,recovered,280,0.01568230206590878,3.331093269197045e-16
canonical,1,1,raw,281,0.01888337103451819,2.793951764295835e-16
canonical,1,1,recovered,281,0.010712187771091014,2.9278152474646855e-16
canonical,1,1,raw,282,0.01323115009461979,7.42906341417174e-16
canonical,1,1,recovered,282,0.006736853391975689,4.584714487970449e-16
canonical,1,1,raw,283,0.013420060995487676,5.899743280266179e-16
canonical,1,1,recovered,283,0.011966636400358532,3.294770349311542e-16
canonical,1,1,raw,284,0.015875441867934603,8.553499554051996e-16
canonical,1,1,recovered,284,0.005654885602005393,7.819904656812676e-16
canonical,1,1,raw,285,0.015007510096722304,2.812080191034121e-16
canonical,1,1,recovered,285,-0.004498627196487828,0.005194567245751909
canonical,1,1,raw,286,0.007178859888911995,1.1141584796868794e-15
canonical,1,1,recovered,286,0.010928454174364242,4.1056960483961403e-16
canonical,1,1,raw,287,0.016701123913596357,2.8581971191842283e-16
canonical,1,1,recovered,287,0.009985805409490728,1.6552298357532552e-16
canonical,1,1,raw,288,0.006693172119326062,6.581946988200926e-16
canonical,1,1,recovered,288,0.012632026202542253,2.401253512799632e-16
canonical,1,1,raw,289,0.012706203171008356,6.138517980333808e-16
canonical,1,1,recovered,289,0.0076331298570507375,4.781460896450371e-16
canonical,1,1,raw,290,0.011526000232229475,4.465994968649931e-16
canonical,1,1,recovered,290,0.011194840563778632,4.3527086414294775e-16
canonical,1,1,raw,291,0.014192780603103874,4.938972787347134e-16
canonical,1,1,recovered,291,0.006762484363590827,3.708887655748601e-16
canonical,1,1,raw,292,0.008633922794435865,4.698751595106034e-16
canonical,1,1,recovered,292,0.004374800861611245,1.7828978668784134e-16
canonical,1,1,raw,293,0.005565827937131081,3.47253149122003e-16
canonical,1,1,recovered,293,-3.5819480723439765e-05,4.136077367598209e-05
canonical,1,1,raw,294,0.019044545885377424,4.4131285106918583e-16
canonical,1,1,recovered,294,0.010583390418328505,4.2578186090720325e-16
canonical,1,1,raw,295,0.015817833218925263,8.360947071548258e-16
canonical,1,1,recovered,295,0.006009496733696901,1.712429975042979e-16
canonical,1,1,raw,296,0.00826246387057763,5.872814031501983e-16
canonical,1,1,recovered,296,0.005608508119237838,3.1746624508669497e-16
canonical,1,1,raw,297,0.018065535087498363,1.1021712500363603e-15
canonical,1,1,recovered,297,0.0077455918335107565,6.407807648978931e-16
canonical,1,1,raw,298,0.016561994590840783,7.526213960577397e-16
canonical,1,1,recovered,298,0.009589123198716794,3.0448288762446543e-16
canonical,1,1,raw,299,0.014638522834695524,4.63904758498534e-16
canonical,1,1,recovered,299,0.006417698736811674,6.266981172174197e-16
canonical,1,1,raw,300,0.018607817300854562,6.32169865574579e-16
canonical,1,1,recovered,300,0.012743978719229066,3.840210423921122e-16
canonical,1,1,raw,301,0.0042713914715783825,4.880727042451414e-16
canonical,1,1,recovered,301,0.007750512492123119,4.995446420292493e-16
canonical,1,1,raw,302,0.01902058284065966,2.0954730792222598e-16
canonical,1,1,recovered,302,0.000420394987207922,3.0761397049827483e-16
canonical,1,1,raw,303,0.00891016912033462,3.2211951258287875e-16
canonical,1,1,recovered,303,0.0016637685906542648,8.318549911956345e-16
canonical,1,1,raw,304,0.010995853241646581,7.36226126080488e-16
canonical,1,1,recovered,304,0.003261840671860527,5.496063677660544e-16
canonical,1,1,raw,305,0.016609484689744287,5.345570384626145e-16
canonical,1,1,recovered,305,0.010076765983667687,2.5501098885468154e-16
canonical,1,1,raw,306,0.01849762794923678,4.124453269970857e-16
canonical,1,1,recovered,306,0.009586568032432439,5.521427702137539e-16
canonical,1,1,raw,307,0.015398135721759503,7.644247515094707e-16
canonical,1,1,recovered,307,0.011129352539274528,4.616438637456619e-16
canonical,1,1,raw,308,0.012123382760926204,2.7970113076290865e-16
canonical,1,1,recovered,308,0.003987065842969175,1.476732712384432e-16
canonical,1,1,raw,309,0.017624130002104076,4.889724392279019e-16
canonical,1,1,recovered,309,0.005203393143647588,7.644375454844651e-16
canonical,1,1,raw,310,0.015562977405707088,8.166913909682846e-16
canonical,1,1,recovered,310,0.008517203726662967,3.944159117767434e-16
canonical,1,1,raw,311,0.009884428344439328,3.8540347991176273e-16
canonical,1,1,recovered,311,0.0018708040054437128,5.954196690651853e-16
canonical,1,1,raw,312,0.010437493112997508,7.203398763961468e-16
canonical,1,1,recovered,312,0.001815382735918635,1.973708388270698e-16
canonical,1,1,raw,313,0.0058740581888405375,2.1720983279387622e-16
canonical,1,1,recovered,313,0.00840157348530212,3.597031601806547e-16
canonical,1,1,raw,314,0.01566738566027126,4.811290039182688e-16
canonical,1,1,recovered,314,0.01006777064580765,6.370221353016811e-16
canonical,1,1,raw,315,0.011205279284501116,1.6552489250091808e-15
canonical,1,1,recovered,315,0.012373972984537959,7.327464257409774e-16
canonical,1,1,raw,316,0.012594738438542117,5.962520536339415e-16
canonical,1,1,recovered,316,0.006280925739787141,6.342377726650449e-16
canonical,1,1,raw,317,0.020210072783490327,6.767573633335205e-16
canonical,1,1,recovered,317,0.008340966831687344,3.5626484151117963e-16
canonical,1,1,raw,318,0.012485379855132511,2.6797060707235533e-16
canonical,1,1,recovered,318,0.009123963603382527,5.17897764390287e-16
canonical,1,1,raw,319,0.011521481710263556,3.877179733371826e-16
canonical,1,1,recovered,319,0.006145292399161386,6.466972136139179e-16
canonical,1,1,raw,320,0.005511640213869839,5.986872900254691e-16
canonical,1,1,recovered,320,0.0007510291451838249,6.188782512686944e-16
canonical,1,1,raw,321,0.016019205258364613,5.950124439366084e-16
canonical,1,1,recovered,321,0.005229418724225175,2.730399093990293e-16
canonical,1,1,raw,322,0.015001126249079299,3.5672630708398997e-16
canonical,1,1,recovered,322,0.006495659832375983,1.622401413343213e-16
canonical,1,1,raw,323,0.009442343278881073,2.5267670658752365e-16
canonical,1,1,recovered,323,0.008343102392821567,4.1651790782305456e-16
canonical,1,1,raw,324,0.010279581481608737,6.819292778696383e-16
canonical,1,1,recovered,324,0.00236587573018928,7.14873419641816e-16
canonical,1,1,raw,325,0.01558249071330117,7.000896849118597e-16
canonical,1,1,recovered,325,0.0035506675155683454,6.719652582068604e-16
canonical,1,1,raw,326,0.006327098975989999,1.0198359498200716e-15
canonical,1,1,recovered,326,0.004718299462466075,6.061735465444841e-16
canonical,1,1,raw,327,0.011920497135217648,6.241172490148439e-16
canonical,1,1,recovered,327,0.005970369522963916,1.2438251601246195e-16
canonical,1,1,raw,328,0.012885982058609014,1.037338354783812e-15
canonical,1,1,recovered,328,0.00430272156884448,2.5449049670095153e-16
canonical,1,1,raw,329,0.0015312335534330126,3.084349575600961e-16
canonical,1,1,recovered,329,0.005496000060087578,3.4814233168858906e-16
canonical,1,1,raw,330,0.02150251735404847,6.299118704041032e-16
canonical,1,1,recovered,330,0.007414663681757661,2.1262661397368292e-16
canonical,1,1,raw,331,0.007818699479251014,1.0436263169481248e-15
canonical,1,1,recovered,331,0.0059813533997609535,3.9112992714419353e-16
canonical,1,1,raw,332,0.017049807534833938,4.370156858818538e-16
canonical,1,1,recovered,332,0.005920381418282924,3.7289090641426383e-16
canonical,1,1,raw,333,0.014754805800447293,1.6718464436069018e-15
canonical,1,1,recovered,333,0.011010577145853555,7.063420369649861e-16
canonical,1,1,raw,334,0.009760860318390685,1.6454945194302612e-15
canonical,1,1,recovered,334,0.009713269309093952,2.0380047908017908e-16
canonical,1,1,raw,335,0.00949420847947742,3.276563006825659e-16
canonical,1,1,recovered,335,0.010010488916325484,3.20518261473507e-16
canonical,1,1,raw,336,0.013073132342833029,5.479093960132028e-16
canonical,1,1,recovered,336,0.010242753739620691,5.180775875341218e-16
canonical,1,1,raw,337,0.017104785394312125,4.3521252718159776e-16
canonical,1,1,recovered,337,0.0041414962878961415,4.505078036062746e-16
canonical,1,1,raw,338,0.009335285726778204,3.268377396685598e-16
canonical,1,1,recovered,338,0.006751873331522626,5.215668339453853e-16
canonical,1,1,raw,339,0.01517056073269473,1.1699055697351992e-15
canonical,1,1,recovered,339,0.004745388118468253,4.233174323884243e-16
canonical,1,1,raw,340,0.00918787065098194,4.826803779165169e-16
canonical,1,1,recovered,340,0.007561341551971919,2.6750411904338393e-16
canonical,1,1,raw,341,0.0004637663876188009,9.230831841773855e-16
canonical,1,1,recovered,341,0.007304169951955741,2.7023148105746044e-16
canonical,1,1,raw,342,0.015905141730212912,4.445891014524712e-16
canonical,1,1,recovered,342,0.011889552920621552,4.1675309951512497e-16
canonical,1,1,raw,343,0.011751966286823373,2.969805299708119e-16
canonical,1,1,recovered,343,0.007098174106796661,4.59996202497213e-16
canonical,1,1,raw,344,0.01436813709541619,3.647589991130845e-16
canonical,1,1,recovered,344,5.790901107239446e-06,1.8851304744199308e-16
canonical,1,1,raw,345,0.017605025113835285,5.989738070641589e-16
canonical,1,1,recovered,345,0.004738191853574404,3.127186411900202e-16
canonical,1,1,raw,346,0.011138187551027348,5.248130760446974e-16
canonical,1,1,recovered,346,0.005458267971445817,5.640539477437514e-16
canonical,1,1,raw,347,0.011709907806276202,6.333615485430989e-16
canonical,1,1,recovered,347,0.008048712892680708,5.107783118981836e-16
canonical,1,1,raw,348,0.00696401878832218,1.1495198812243159e-15
canonical,1,1,recovered,348,0.0011878556883351066,3.338899124543369e-16
canonical,1,1,raw,349,0.01914181068470711,4.3420121781412004e-16
canonical,1,1,recovered,349,0.00953352980495734,3.7012470834021e-16
canonical,1,1,raw,350,0.012281772510562141,4.964070055890678e-16
canonical,1,1,recovered,350,0.014336941515928363,3.5602742967315965e-16
canonical,1,1,raw,351,0.011445288449844422,7.500799305457483e-16
canonical,1,1,recovered,351,-8.10264687179023e-05,9.35613070515329e-05
canonical,1,1,raw,352,0.010793105823972029,3.849923598335569e-16
canonical,1,1,recovered,352,0.0024625269381108052,4.310818378600446e-16
canonical,1,1,raw,353,0.004446097963220003,6.349932121741112e-16
canonical,1,1,recovered,353,0.010181179329163256,3.831231150822704e-16
canonical,1,1,raw,354,0.014192141068998911,1.1073753774369326e-15
canonical,1,1,recovered,354,0.0018142327850361687,2.9437773142044787e-16
canonical,1,1,raw,355,0.012702114137396385,1.090186585483075e-15
canonical,1,1,recovered,355,0.007654798246713664,7.81210392657853e-16
canonical,1,1,raw,356,0.013250511669106277,8.833293126710144e-16
canonical,1,1,recovered,356,0.003975418532522021,1.890025311148409e-16
canonical,1,1,raw,357,0.015561292273974549,4.080314752144982e-16
canonical,1,1,recovered,357,0.009475207352580837,2.2270774146610745e-16
canonical,1,1,raw,358,0.014273898137420415,6.418312763552547e-16
canonical,1,1,recovered,358,0.00496765961814972,2.680977898586155e-16
canonical,1,1,raw,359,0.012871526717611185,1.5361032089666658e-15
canonical,1,1,recovered,359,0.008552310810223963,4.201062794933523e-16
canonical,1,1,raw,360,0.004077186919744629,3.625348992410243e-16
canonical,1,1,recovered,360,0.009352012572595303,3.534544312533423e-16
canonical,1,1,raw,361,0.008995979110513613,5.313626067984725e-16
canonical,1,1,recovered,361,0.003686920978566322,2.543810950103055e-16
canonical,1,1,raw,362,0.01526768894889372,6.281986771988047e-16
canonical,1,1,recovered,362,0.010695312723555825,4.70166969157578e-16
canonical,1,1,raw,363,0.013612609410518966,3.1462000282149733e-16
canonical,1,1,recovered,363,0.0019759880382115838,6.023313637899174e-16
canonical,1,1,raw,364,0.008275257990741958,2.7194799110210365e-16
canonical,1,1,recovered,364,0.0011416957241068865,1.1370502039736063e-15
canonical,1,1,raw,365,0.015588237534819282,2.4845788563115197e-16
canonical,1,1,recovered,365,0.00524682573051152,2.0413239475916107e-16
canonical,1,1,raw,366,0.015384388677507719,3.2711498944610303e-16
canonical,1,1,recovered,366,0.0034019324695620263,9.286898875166648e-17
canonical,1,1,raw,367,0.012510359141513803,5.783127477108567e-16
canonical,1,1,recovered,367,0.014141964435128034,6.484317118976736e-16
canonical,1,1,raw,368,0.014870881312006989,2.9159177516543507e-16
canonical,1,1,recovered,368,0.01584671094199973,9.344709277941858e-16
canonical,1,1,raw,369,0.009094076618116499,6.427604042346311e-16
canonical,1,1,recovered,369,0.010579664864113375,2.2843437373359287e-16
canonical,1,1,raw,370,0.007978385024584714,6.347052495011493e-16
canonical,1,1,recovered,370,0.007665595242527344,3.3288177923880205e-16
canonical,1,1,raw,371,0.0186768976409971,4.913519078158301e-16
canonical,1,1,recovered,371,0.011972862896884031,4.509338517171342e-16
canonical,1,1,raw,372,0.003035808415969699,3.0319662867930617e-16
canonical,1,1,recovered,372,-0.0035986856668264503,0.00415540427694206
canonical,1,1,raw,373,0.010653193985125566,1.194438996406002e-15
canonical,1,1,recovered,373,-0.0032207812165696817,0.0037190378047746095
canonical,1,1,raw,374,0.0075059254037750855,6.131615642727962e-16
canonical,1,1,recovered,374,0.01385224235270462,2.0850625705000736e-16
canonical,1,1,raw,375,0.011885168224008306,8.126621743884749e-16
canonical,1,1,recovered,375,0.007811971099326422,3.08666246242078e-16
canonical,1,1,raw,376,-0.00032537362120407766,0.00037570909557873016
canonical,1,1,recovered,376,3.179604763679058e-06,7.003085332959562e-16
canonical,1,1,raw,377,0.010701408584589366,2.994925162688985e-16
canonical,1,1,recovered,377,0.0037997619393402506,2.2241698716804213e-16
canonical,1,1,raw,378,0.014898092141062389,7.880763026612803e-16
canonical,1,1,recovered,378,0.008626391995417634,2.5603778063959543e-16
canonical,1,1,raw,379,0.01706868258720996,4.825331874372903e-16
canonical,1,1,recovered,379,0.010657372152586704,1.5172168853951862e-16
canonical,1,1,raw,380,0.012998797533736778,6.201609131956874e-16
canonical,1,1,recovered,380,0.006689026439481878,7.421852260349013e-16
canonical,1,1,raw,381,0.014067685931706138,2.511783600552512e-16
canonical,1,1,recovered,381,0.0015512429586029193,3.0107386584855344e-16
canonical,1,1,raw,382,0.010962967170275886,4.352817744474298e-16
canonical,1,1,recovered,382,0.004626476982756962,4.645756589878239e-16
canonical,1,1,raw,383,0.01431046174412708,6.10087720423547e-16
canonical,1,1,recovered,383,0.007793092934124961,4.0412832818297977e-16
canonical,1,1,raw,384,0.012814254390035156,5.499662516075476e-16
canonical,1,1,recovered,384,-0.0013374394382487619,0.0015443420393955669
canonical,1,1,raw,385,0.01543236296233351,2.143945579108427e-16
canonical,1,1,recovered,385,0.007269048764816097,2.1553764668840908e-16
canonical,1,1,raw,386,0.018137976282930127,7.397825966701723e-16
canonical,1,1,recovered,386,0.006853463814254192,3.6004514450765775e-16
canonical,1,1,raw,387,0.016978185963329576,4.774556540387918e-16
canonical,1,1,recovered,387,0.005074780867510933,4.1659297142025614e-16
canonical,1,1,raw,388,0.018071058169398344,1.0485368481716788e-15
canonical,1,1,recovered,388,0.0076578584069514075,9.336673720264365e-16
canonical,1,1,raw,389,0.007184543905978257,7.800707373743e-16
canonical,1,1,recovered,389,0.007879371011230454,5.301206272909346e-16
canonical,1,1,raw,390,0.011479477775797135,8.164224065046286e-16
canonical,1,1,recovered,390,0.007276197783174473,1.6802657313205443e-16
canonical,1,1,raw,391,0.007013392390901378,5.204659199457335e-16
canonical,1,1,recovered,391,0.016816602172623603,4.450263365363929e-16
canonical,1,1,raw,392,0.020001394926780387,2.614840309645643e-16
canonical,1,1,recovered,392,0.002385485328493755,3.130761387148198e-16
canonical,1,1,raw,393,0.00856793667734412,1.2342580388943259e-15
canonical,1,1,recovered,393,0.007573858614704603,3.7643399502096576e-16
canonical,1,1,raw,394,0.010769764659796267,7.686503737769674e-16
canonical,1,1,recovered,394,0.008744862838521291,2.9464330582415246e-16
canonical,1,1,raw,395,0.016447237966508575,7.054578868076004e-16
canonical,1,1,recovered,395,0.0019638220515121266,6.320071791118842e-16
canonical,1,1,raw,396,0.011174549353851088,2.5182858874285543e-16
canonical,1,1,recovered,396,0.011275370551009155,4.85657613603127e-16
canonical,1,1,raw,397,0.013169966792406507,3.713706292157792e-16
canonical,1,1,recovered,397,0.014939723876784695,2.8472466081052442e-16
canonical,1,1,raw,398,0.01964289020119135,3.89017782931226e-16
canonical,1,1,recovered,398,0.01095692286424472,4.1608102884579602e-16
canonical,1,1,raw,399,0.004656851392942894,4.288189415175321e-16
canonical,1,1,recovered,399,0.007196738016847978,5.466581328961663e-16
canonical,1,1,raw,400,0.02218133184580905,3.17691291795204e-16
canonical,1,1,recovered,400,0.00960573799869214,6.056524522901365e-16
canonical,1,1,raw,401,0.014336361429280811,4.971670270330416e-16
canonical,1,1,recovered,401,0.008900177656128373,7.426835213660386e-16
canonical,1,1,raw,402,0.014417578282937672,9.821218314763352e-16
canonical,1,1,recovered,402,0.006804264411115299,4.768068216680056e-16
canonical,1,1,raw,403,0.010208906801690697,4.492515172399521e-16
canonical,1,1,recovered,403,0.0065664642996177665,4.913706636193057e-16
canonical,1,1,raw,404,0.01799757451563848,3.8950530041672085e-16
canonical,1,1,recovered,404,0.010419508480507017,4.656666379790341e-16
canonical,1,1,raw,405,0.016521893610158076,6.779143647790267e-16
canonical,1,1,recovered,405,0.008527421587803565,4.0771583791056676e-16
canonical,1,1,raw,406,0.010057426872550472,6.223479131776838e-16
canonical,1,1,recovered,406,0.006119792620772624,2.8815658469845783e-16
canonical,1,1,raw,407,0.013289834086968497,8.3028675237175e-16
canonical,1,1,recovered,407,0.007434193607952095,7.125088299037107e-16
canonical,1,1,raw,408,0.011929154869547265,5.687750637492011e-16
canonical,1,1,recovered,408,-0.0037441671994181565,0.004323391880949998
canonical,1,1,raw,409,0.01923410058645203,7.461857126545715e-16
canonical,1,1,recovered,409,0.010086670274391526,6.247499985736095e-16
canonical,1,1,raw,410,0.015458013210394018,2.655834164736885e-16
canonical,1,1,recovered,410,0.014102530064532206,4.876811273213e-16
canonical,1,1,raw,411,0.004860014933722653,1.0997573084826723e-16
canonical,1,1,recovered,411,0.008249727380829408,7.344915274280257e-16
canonical,1,1,raw,412,0.019449233912479776,1.1121926619480985e-15
canonical,1,1,recovered,412,0.009225215874521084,3.7514272546779523e-16
canonical,1,1,raw,413,0.010529870697653966,1.2755352829883868e-15
canonical,1,1,recovered,413,0.004732007874377919,3.544974379371961e-16
canonical,1,1,raw,414,0.004364106824613352,5.91169543723307e-16
canonical,1,1,recovered,414,0.010546777786924302,3.9716372278892035e-16
canonical,1,1,raw,415,0.01629720086884228,9.747395042049823e-16
canonical,1,1,recovered,415,0.012284670167417237,3.9212233716309365e-16
canonical,1,1,raw,416,0.009622185539009124,7.964119067812943e-16
canonical,1,1,recovered,416,0.004485560276451942,7.430260954049178e-16
canonical,1,1,raw,417,0.01722192563944126,3.9026796583205237e-16
canonical,1,1,recovered,417,0.004311027895520634,1.3034960838277421e-15
canonical,1,1,raw,418,0.022272810082932425,7.420329094258066e-16
canonical,1,1,recovered,418,0.011780492866817545,4.132581614636043e-16
canonical,1,1,raw,419,0.013603709432263437,1.1302260957844908e-15
canonical,1,1,recovered,419,0.0067367646473965575,5.897131795805448e-16
canonical,1,1,raw,420,0.013951314718883761,5.877882262719851e-16
canonical,1,1,recovered,420,0.00641890769787329,3.012603183747742e-16
canonical,1,1,raw,421,0.01261414725776643,5.250283247801963e-16
canonical,1,1,recovered,421,0.010287334098846176,2.641490328535487e-16
canonical,1,1,raw,422,0.010583993124148424,2.590291278415603e-16
canonical,1,1,recovered,422,-0.0001150552337093134,0.00013285434030733747
canonical,1,1,raw,423,0.015433734010134115,1.2692993722259013e-15
canonical,1,1,recovered,423,-0.0037598163843806055,0.00434146200325156
canonical,1,1,raw,424,0.011410214951978791,1.0117302763982375e-15
canonical,1,1,recovered,424,-0.002443417002834101,0.002821414928657693
canonical,1,1,raw,425,0.010923754926159088,2.651723578247251e-16
canonical,1,1,recovered,425,0.00886442099035935,3.8859500647095334e-16
canonical,1,1,raw,426,0.01623163878499602,5.218808255313413e-16
canonical,1,1,recovered,426,0.011011620348840515,1.8574506559899368e-16
canonical,1,1,raw,427,0.007844222450984489,4.925835817099264e-16
canonical,1,1,recovered,427,0.008506174994246088,2.291066704938596e-16
canonical,1,1,raw,428,0.017486019969886434,8.664262175172364e-16
canonical,1,1,recovered,428,0.006706169422255142,2.0197426478279884e-16
canonical,1,1,raw,429,0.013032278467245702,5.370917445682683e-16
canonical,1,1,recovered,429,0.006738504064368656,3.4174032698303075e-16
canonical,1,1,raw,430,0.009223748875008052,1.0251672710294463e-15
canonical,1,1,recovered,430,0.005139708097356096,7.038560100423348e-16
canonical,1,1,raw,431,0.010698164941600998,1.0488372547472935e-15
canonical,1,1,recovered,431,0.007134652254760444,3.672798510612324e-16
canonical,1,1,raw,432,0.019400174830149573,9.155705203938811e-16
canonical,1,1,recovered,432,0.011982774652155513,9.713065136629555e-16
canonical,1,1,raw,433,0.013396935035998632,1.2897695292198585e-15
canonical,1,1,recovered,433,0.011652792617647342,4.0023296396955286e-16
canonical,1,1,raw,434,0.013197350198416356,3.985752514414964e-16
canonical,1,1,recovered,434,0.007534561116306367,2.2998419921528473e-16
canonical,1,1,raw,435,0.009991419361452019,4.920384443716845e-16
canonical,1,1,recovered,435,0.007491543572008344,4.33369374263481e-16
canonical,1,1,raw,436,0.013661509532016065,6.854095467503106e-16
canonical,1,1,recovered,436,0.009116704051100273,6.958752465445538e-16
canonical,1,1,raw,437,0.011004714392966396,4.454888437678815e-16
canonical,1,1,recovered,437,0.006790284742993401,3.903282015544366e-16
canonical,1,1,raw,438,0.005926560550580636,7.852494243172055e-16
canonical,1,1,recovered,438,0.008271632905467851,5.740519499847295e-16
canonical,1,1,raw,439,0.007696199564248004,4.224902020360138e-16
canonical,1,1,recovered,439,0.014134251322974536,3.4548935399969897e-16
canonical,1,1,raw,440,0.02088899775927378,4.971421530787062e-16
canonical,1,1,recovered,440,0.007721985873986245,5.91653199713401e-16
canonical,1,1,raw,441,0.007401938083397105,6.642816020855187e-16
canonical,1,1,recovered,441,0.001577868309753698,2.7099504322876742e-16
canonical,1,1,raw,442,0.011381222134421165,6.111337495446685e-16
canonical,1,1,recovered,442,0.009741779602257734,2.3050046391755067e-16
canonical,1,1,raw,443,0.008497126664550084,1.0037030056313806e-15
canonical,1,1,recovered,443,0.01134481733547891,7.705524228226498e-16
canonical,1,1,raw,444,0.008869059644733522,6.037167932856055e-16
canonical,1,1,recovered,444,0.010537037176969266,3.9038758487677003e-16
canonical,1,1,raw,445,0.009268550336913364,5.476906914227053e-16
canonical,1,1,recovered,445,0.012170450702571766,2.2609378490631345e-16
canonical,1,1,raw,446,0.01602658799640857,4.724973467964022e-16
canonical,1,1,recovered,446,-0.000768023726634582,0.0008868374106328073
canonical,1,1,raw,447,0.017718960752016955,4.1963459282248593e-16
canonical,1,1,recovered,447,0.002185563041890948,2.169913029555454e-16
canonical,1,1,raw,448,0.012932140684476323,2.8743003224233714e-16
canonical,1,1,recovered,448,0.000760960050822276,5.549794441657485e-16
canonical,1,1,raw,449,0.011197843487401332,2.483844471533052e-16
canonical,1,1,recovered,449,0.006672716470264952,3.558805399319096e-16
canonical,1,1,raw,450,0.01602680910459785,1.1812602343762954e-15
canonical,1,1,recovered,450,0.0015771052707766254,1.8586855757182432e-16
canonical,1,1,raw,451,0.017481756282610877,3.1585922536886037e-16
canonical,1,1,recovered,451,0.004231611012859361,2.467522192637297e-16
canonical,1,1,raw,452,0.01196066479127393,3.5847629492181993e-16
canonical,1,1,recovered,452,0.0071626764602685964,3.5068066328049143e-16
canonical,1,1,raw,453,0.022508211395376076,5.653618568548182e-16
canonical,1,1,recovered,453,0.004479945308376133,2.7046391872674393e-16
canonical,1,1,raw,454,0.016102814950098288,5.020735988347035e-16
canonical,1,1,recovered,454,0.015597090740930486,3.642637266997369e-16
canonical,1,1,raw,455,0.014661895860922414,9.853590101399304e-16
canonical,1,1,recovered,455,0.015490130000036528,1.963928017012965e-16
canonical,1,1,raw,456,0.013510338955526526,5.518125110682679e-16
canonical,1,1,recovered,456,0.015045211358826922,3.727588613026207e-16
canonical,1,1,raw,457,0.01414224880301771,2.3662766438254056e-16
canonical,1,1,recovered,457,-0.0006404135814538251,0.0007394859072902265
canonical,1,1,raw,458,0.012046253321978532,4.3548999002821406e-16
canonical,1,1,recovered,458,0.002151603132333938,3.805064637992906e-16
canonical,1,1,raw,459,0.006925638273631915,1.2132186460658237e-15
canonical,1,1,recovered,459,0.008328329547280262,2.248895395969655e-16
canonical,1,1,raw,460,0.008362628470290371,4.4066970166427437e-16
canonical,1,1,recovered,460,0.006182517272065454,4.573530985202637e-16
canonical,1,1,raw,461,0.012359704937752666,5.192954920211029e-16
canonical,1,1,recovered,461,0.002428565017154351,7.753585705539321e-16
canonical,1,1,raw,462,0.004133183382457399,5.121601223086067e-16
canonical,1,1,recovered,462,0.002849090991312024,1.7981420303668405e-16
canonical,1,1,raw,463,0.009512725657452767,3.0040031678399637e-16
canonical,1,1,recovered,463,0.012945097408889265,1.571864329406694e-16
canonical,1,1,raw,464,0.013394394140381122,2.650528630458738e-16
canonical,1,1,recovered,464,0.009751178527822445,3.441940121799105e-16
canonical,1,1,raw,465,0.012033027596733397,5.247527762400586e-16
canonical,1,1,recovered,465,0.0079362662364761,4.022235755412477e-16
canonical,1,1,raw,466,0.01483929380437143,5.564154280901524e-16
canonical,1,1,recovered,466,0.0003378486424732986,4.624970102660197e-16
canonical,1,1,raw,467,0.00899353498222303,7.368920265271187e-16
canonical,1,1,recovered,467,0.00294762464485053,4.2546292541458307e-16
canonical,1,1,raw,468,0.007660209463349822,1.2091179734743412e-15
canonical,1,1,recovered,468,0.0053092633252322255,5.948103473503226e-16
canonical,1,1,raw,469,0.015749313357654206,6.187238681686803e-16
canonical,1,1,recovered,469,-0.0004235842079655387,0.0004891129129865907
canonical,1,1,raw,470,0.015716683835367493,3.4627320375499514e-16
canonical,1,1,recovered,470,0.010935669776880175,1.207891612365805e-15
canonical,1,1,raw,471,0.017869812548337503,5.054614249603767e-16
canonical,1,1,recovered,471,0.00750664452118569,4.482808755335404e-16
canonical,1,1,raw,472,0.02122698785907314,3.8380404691800594e-16
canonical,1,1,recovered,472,-0.001411593935850552,0.001629968277699567
canonical,1,1,raw,473,0.012148094075262749,5.148129860737593e-16
canonical,1,1,recovered,473,0.007268811519529627,2.5161228171843684e-16
canonical,1,1,raw,474,0.012805467093069832,5.244570007760712e-16
canonical,1,1,recovered,474,0.0069606574591387325,5.352648258674829e-16
canonical,1,1,raw,475,0.007386709311220587,3.2635400287134867e-16
canonical,1,1,recovered,475,-0.0036529893419177525,0.00421810875980623
canonical,1,1,raw,476,0.013286913099136391,5.853436331644449e-16
canonical,1,1,recovered,476,-0.0011942467490010608,0.0013789973640292602
canonical,1,1,raw,477,0.011128387956506572,5.65855739691122e-16
canonical,1,1,recovered,477,0.009690484179723558,2.388600765599815e-16
canonical,1,1,raw,478,0.008189691196178697,8.377747979124349e-16
canonical,1,1,recovered,478,0.0055207903885082545,1.2366256178736325e-16
canonical,1,1,raw,479,0.005893540511657199,5.645052472365823e-16
canonical,1,1,recovered,479,0.010211140735756956,4.465253707889695e-16
canonical,1,1,raw,480,0.01128034041419787,4.985561015992329e-16
canonical,1,1,recovered,480,0.006908955718448141,4.0681233325679763e-16
canonical,1,1,raw,481,0.007308306320356603,5.244620213873676e-16
canonical,1,1,recovered,481,0.008601781982288009,3.3315625737877176e-16
canonical,1,1,raw,482,0.012163212181077014,5.98403228794961e-16
canonical,1,1,recovered,482,0.014649761455784454,7.841597727561178e-16
canonical,1,1,raw,483,0.007707881832307443,6.00788111540176e-16
canonical,1,1,recovered,483,0.007735724997345808,2.933709239556191e-16
canonical,1,1,raw,484,0.01403423546739013,4.1911671741983486e-16
canonical,1,1,recovered,484,0.010798805266155696,7.858778999597797e-16
canonical,1,1,raw,485,0.0026727236088115824,6.153184234262483e-16
canonical,1,1,recovered,485,0.014477074953499855,3.677879695838233e-16
canonical,1,1,raw,486,0.0034266256115938996,8.879331698018557e-16
canonical,1,1,recovered,486,0.011591122036128998,1.5436236811123396e-16
canonical,1,1,raw,487,0.01927006681906835,7.002765732067967e-16
canonical,1,1,recovered,487,0.005918803383088512,5.107269641190452e-16
canonical,1,1,raw,488,0.01786658292825335,3.2033523347517754e-16
canonical,1,1,recovered,488,0.003934273661897276,2.4001013637589565e-16
canonical,1,1,raw,489,0.014008633326089063,2.381701735135459e-16
canonical,1,1,recovered,489,0.003269050740404548,2.230454480941067e-16
canonical,1,1,raw,490,0.01621055466948319,2.5501874436035685e-16
canonical,1,1,recovered,490,0.004939147309008432,4.864631383439325e-16
canonical,1,1,raw,491,0.013057953660472736,4.395072646520474e-16
canonical,1,1,recovered,491,0.01039557299919605,1.7012130573335054e-16
canonical,1,1,raw,492,0.016827719516754776,2.8602247898355007e-16
canonical,1,1,recovered,492,0.0068348875566717855,5.581272282982673e-16
canonical,1,1,raw,493,0.020015511309182176,2.336171658816063e-16
canonical,1,1,recovered,493,0.007125617755824523,1.250250122155341e-16
canonical,1,1,raw,494,0.014822482676247981,5.938749440821431e-16
canonical,1,1,recovered,494,0.0047554860398908595,3.9110033053755233e-16
canonical,1,1,raw,495,0.014685147260224653,4.727212981793137e-16
canonical,1,1,recovered,495,0.00680570594551451,5.151633142762683e-16
canonical,1,1,raw,496,0.010000656787744647,4.1568893828520863e-16
canonical,1,1,recovered,496,0.00724902530615476,5.047651298410405e-16
canonical,1,1,raw,497,0.010173575121471448,2.96574938150033e-16
canonical,1,1,recovered,497,0.003772785629456281,4.1812289119831255e-16
canonical,1,1,raw,498,0.01850477571352986,7.643403551169922e-16
canonical,1,1,recovered,498,0.0034234331193911567,5.410630747601405e-16
canonical,1,1,raw,499,0.012196003751655221,9.325806692684368e-16
canonical,1,1,recovered,499,6.781233071636008e-05,7.790304018843663e-16
noncanonical,0,0,raw,0,0.012423288880071185,4.530522706943007e-16
noncanonical,0,0,recovered,0,0.011216004395283204,4.610218363290158e-16
noncanonical,0,0,raw,1,0.003464039476628496,4.849009824900734e-16
noncanonical,0,0,recovered,1,0.007982797080645962,2.495960563150851e-16
noncanonical,0,0,raw,2,0.00882821942903957,6.134228481897871e-16
noncanonical,0,0,recovered,2,0.01052844154153516,2.6380904755162317e-16
noncanonical,0,0,raw,3,0.010404175391202487,3.948687532269309e-16
noncanonical,0,0,recovered,3,0.005088654003558043,3.9955402336534484e-16
noncanonical,0,0,raw,4,0.007420420481419237,4.577691085412462e-16
noncanonical,0,0,recovered,4,0.003252078971044628,3.608361655836677e-16
noncanonical,0,0,raw,5,0.007811010037661842,2.5299397131338475e-16
noncanonical,0,0,recovered,5,0.007934444203823063,2.233622783636301e-16
noncanonical,0,0,raw,6,0.011045984374980652,3.6434622929143614e-16
noncanonical,0,0,recovered,6,0.0067636674158132815,5.353526406483165e-16
noncanonical,0,0,raw,7,0.008145382405020489,3.2434516409534745e-16
noncanonical,0,0,recovered,7,0.014061761085312083,4.67539757503192e-16
noncanonical,0,0,raw,8,-0.0040092730257187854,0.004629509721306687
noncanonical,0,0,recovered,8,0.009357090497418218,3.3893373808137583e-16
noncanonical,0,0,raw,9,0.00021754146514110038,7.659781462257386e-16
noncanonical,0,0,recovered,9,0.010186261939255974,2.611954421776531e-16
noncanonical,0,0,raw,10,-0.00287879331404446,0.003324144189609438
noncanonical,0,0,recovered,10,0.00583005601735705,4.577796880685053e-16
noncanonical,0,0,raw,11,0.009747098466073143,8.172066694818743e-16
noncanonical,0,0,recovered,11,0.014560448846137185,1.750835787905291e-16
noncanonical,0,0,raw,12,-0.00011183797610936484,0.00012913937122453192
noncanonical,0,0,recovered,12,0.010101689294291597,2.845746317824859e-16
noncanonical,0,0,raw,13,0.003652865317497874,5.294301198414973e-16
noncanonical,0,0,recovered,13,0.014871711598542073,3.697779872258516e-16
noncanonical,0,0,raw,14,0.003461594360640595,3.3323627091657315e-16
noncanonical,0,0,recovered,14,0.011362583838419503,2.1244697422388522e-16
noncanonical,0,0,raw,15,0.015220436307004518,3.9712444533103667e-16
noncanonical,0,0,recovered,15,0.014517875355889803,2.0721869153484516e-16
noncanonical,0,0,raw,16,0.006687728583601035,4.4378417322705806e-16
noncanonical,0,0,recovered,16,0.004813668415281283,4.2428542293003083e-16
noncanonical,0,0,raw,17,0.0046818240133896525,1.0513055802160555e-15
noncanonical,0,0,recovered,17,0.010696346318807552,2.3283311704335816e-16
noncanonical,0,0,raw,18,-0.004798103885141569,0.005540373139372528
noncanonical,0,0,recovered,18,0.012403818316381626,1.6655829814033878e-16
noncanonical,0,0,raw,19,0.009369764846963726,1.0079797801527551e-15
noncanonical,0,0,recovered,19,0.012618247447861863,1.6088566600542958e-16
noncanonical,0,0,raw,20,0.010846196573495712,1.4068627443218757e-15
noncanonical,0,0,recovered,20,0.005622874186754983,1.7724687860903035e-16
noncanonical,0,0,raw,21,-0.00027688955108966777,0.00031972451371466365
noncanonical,0,0,recovered,21,0.018072224392371432,3.261411692619411e-16
noncanonical,0,0,raw,22,0.006803393049236086,5.143503556898971e-16
noncanonical,0,0,recovered,22,0.008453590875421323,5.464189640906506e-16
noncanonical,0,0,raw,23,0.0026139182213288192,4.261284750618381e-16
noncanonical,0,0,recovered,23,0.0121249850553086,4.26796291925272e-16
noncanonical,0,0,raw,24,0.005146884900902285,5.013272296573585e-16
noncanonical,0,0,recovered,24,0.012270475815828723,2.3137108067719996e-16
noncanonical,0,0,raw,25,0.00038687068852150336,4.58822062041971e-16
noncanonical,0,0,recovered,25,0.00863144354179013,1.8260076210245203e-16
noncanonical,0,0,raw,26,0.009596498590941032,8.450302614112668e-16
noncanonical,0,0,recovered,26,0.008532992326797755,7.42233119473131e-16
noncanonical,0,0,raw,27,0.007281666020053932,5.492153428245454e-16
noncanonical,0,0,recovered,27,0.009661446721223333,3.60719260531662e-16
noncanonical,0,0,raw,28,0.011137825536040548,3.163978831303542e-16
noncanonical,0,0,recovered,28,0.016080932907215278,1.642580246333727e-16
noncanonical,0,0,raw,29,0.005011348895104216,3.358548686692665e-16
noncanonical,0,0,recovered,29,0.007428488414926771,3.8512863469995627e-16
noncanonical,0,0,raw,30,0.008358629079163033,3.597136419990355e-16
noncanonical,0,0,recovered,30,0.01329654789755923,3.9543990960158106e-16
noncanonical,0,0,raw,31,0.011364325907758288,3.7540484174549375e-16
noncanonical,0,0,recovered,31,0.010063037271715133,5.085906296751428e-16
noncanonical,0,0,raw,32,0.004778199793365812,1.0126607553721602e-15
noncanonical,0,0,recovered,32,0.011273683043749679,1.8903120066732628e-16
noncanonical,0,0,raw,33,0.003855478178720479,7.123569664786438e-16
noncanonical,0,0,recovered,33,0.013024512016642304,7.963778992936274e-16
noncanonical,0,0,raw,34,0.006787626166024803,5.745025978651659e-16
noncanonical,0,0,recovered,34,-0.0013691459617312506,0.001580953579130795
noncanonical,0,0,raw,35,0.008179627007891847,3.5406650094504367e-16
noncanonical,0,0,recovered,35,0.010101974000209707,5.011613570149384e-16
noncanonical,0,0,raw,36,0.0057903853308712595,4.2459328305448965e-16
noncanonical,0,0,recovered,36,0.015167592659564714,6.627823033404064e-16
noncanonical,0,0,raw,37,0.005945572703644431,2.565875710949436e-16
noncanonical,0,0,recovered,37,0.008405582088208286,2.973988496057613e-16
noncanonical,0,0,raw,38,-0.0068935828208158715,0.007960023794558064
noncanonical,0,0,recovered,38,0.005168688213710155,3.8003313750651403e-16
noncanonical,0,0,raw,39,0.009687008721405816,3.8209044346587077e-16
noncanonical,0,0,recovered,39,0.00909352521748635,1.0795454114420953e-15
noncanonical,0,0,raw,40,0.002862385997673892,6.487163676028176e-16
noncanonical,0,0,recovered,40,0.012708797194494087,2.4838179690544986e-16
noncanonical,0,0,raw,41,0.014162007959860395,1.468068642809663e-15
noncanonical,0,0,recovered,41,0.014800776482243684,3.142561820473146e-16
noncanonical,0,0,raw,42,0.0029460537428115867,6.401191328619697e-16
noncanonical,0,0,recovered,42,0.015436806452377105,4.662059256075156e-16
noncanonical,0,0,raw,43,0.008972599032560865,8.051072460851352e-16
noncanonical,0,0,recovered,43,0.005617629783602922,5.120811623872043e-16
noncanonical,0,0,raw,44,0.0009140839297684826,3.3960798166585353e-16
noncanonical,0,0,recovered,44,0.010677919690635971,2.9362212626765854e-16
noncanonical,0,0,raw,45,0.009291021724058235,3.542469291854031e-16
noncanonical,0,0,recovered,45,0.00707423896775407,4.2830283978759137e-16
noncanonical,0,0,raw,46,0.005528481884973695,3.4335434937528976e-16
noncanonical,0,0,recovered,46,0.005112676343561422,2.838036235853074e-16
noncanonical,0,0,raw,47,0.003736634204694497,1.0078041718647476e-15
noncanonical,0,0,recovered,47,0.014792402365965669,3.171105830054992e-16
noncanonical,0,0,raw,48,0.004295373272386753,5.548790377929817e-16
noncanonical,0,0,recovered,48,0.006924356546557808,1.738546497017536e-16
noncanonical,0,0,raw,49,0.013459532959545885,8.9815559256152e-16
noncanonical,0,0,recovered,49,0.01125208538829019,2.593027202110355e-16
noncanonical,0,0,raw,50,-0.0024566255667114144,0.002836666864478013
noncanonical,0,0,recovered,50,0.009982138305480774,2.293839748843997e-16
noncanonical,0,0,raw,51,0.0077073452266079616,2.6612320418658243e-16
noncanonical,0,0,recovered,51,0.010891258702733287,3.528147799961272e-16
noncanonical,0,0,raw,52,0.008064524453309439,1.8134110268655474e-16
noncanonical,0,0,recovered,52,0.011492722737702254,5.363971445014418e-16
noncanonical,0,0,raw,53,0.004059218003578929,5.027598737496829e-16
noncanonical,0,0,recovered,53,0.015183971367155663,2.759519241493859e-16
noncanonical,0,0,raw,54,-0.004884751905661206,0.005640425655316004
noncanonical,0,0,recovered,54,0.0067284395557449285,5.17023266159147e-16
noncanonical,0,0,raw,55,0.0021516957984003457,1.4026108582528253e-15
noncanonical,0,0,recovered,55,0.0059595433505473736,5.609487274553379e-16
noncanonical,0,0,raw,56,-0.0033523177320072197,0.0038709230899669753
noncanonical,0,0,recovered,56,0.012901838525361527,3.53245380497201e-16
noncanonical,0,0,raw,57,0.004718243139567307,5.080744905180254e-16
noncanonical,0,0,recovered,57,0.008485844078173488,5.12624729324507e-16
noncanonical,0,0,raw,58,0.00032502019325505695,5.429902701418569e-16
noncanonical,0,0,recovered,58,0.013540982202652672,2.0317566865976013e-16
noncanonical,0,0,raw,59,-0.009483866452589291,0.010951025698721802
noncanonical,0,0,recovered,59,0.01493910341948386,1.9043800521485572e-16
noncanonical,0,0,raw,60,0.006432195789281064,7.684864768870064e-16
noncanonical,0,0,recovered,60,0.003511290059982581,2.6813913319493455e-16
noncanonical,0,0,raw,61,0.0033191489401142218,2.5165382269814106e-16
noncanonical,0,0,recovered,61,0.013993202891878687,3.883897296571691e-16
noncanonical,0,0,raw,62,0.006141133398816145,6.13207285493247e-16
noncanonical,0,0,recovered,62,-0.0013578091818093408,0.0015678629932512538
noncanonical,0,0,raw,63,0.009936107365818018,1.028240142323055e-15
noncanonical,0,0,recovered,63,0.013257729044318711,5.228246366792062e-16
noncanonical,0,0,raw,64,0.009443926426745181,7.478753341286825e-16
noncanonical,0,0,recovered,64,0.013355735091935403,5.210686018254197e-16
noncanonical,0,0,raw,65,0.0030737693883199422,2.4145160473250433e-16
noncanonical,0,0,recovered,65,0.014338162799607302,5.00027083449099e-16
noncanonical,0,0,raw,66,0.01613205806951307,1.353302524103524e-15
noncanonical,0,0,recovered,66,0.015132466651092191,5.851761242809169e-16
noncanonical,0,0,raw,67,0.004083756225378359,2.8571983780524284e-16
noncanonical,0,0,recovered,67,0.003455496282091987,3.131986668295425e-16
noncanonical,0,0,raw,68,0.006318617246362864,8.588074840666998e-16
noncanonical,0,0,recovered,68,0.012998774344689353,3.705665356601894e-16
noncanonical,0,0,raw,69,0.0014983155074669392,2.6422663151246095e-16
noncanonical,0,0,recovered,69,0.013127460366999091,3.665350019197562e-16
noncanonical,0,0,raw,70,0.003747368061575418,1.0335853472172008e-15
noncanonical,0,0,recovered,70,0.0032737188724625377,4.1025614235155224e-16
noncanonical,0,0,raw,71,0.002948475197062739,4.143234591226946e-16
noncanonical,0,0,recovered,71,0.01192353859256492,3.4357598761154285e-16
noncanonical,0,0,raw,72,0.004570963281091201,6.966218917008414e-16
noncanonical,0,0,recovered,72,-0.002163173682695616,0.0024978178160163698
noncanonical,0,0,raw,73,-0.0001716658522640453,0.0001982226520304426
noncanonical,0,0,recovered,73,0.01462391465134702,4.1672568236825013e-16
noncanonical,0,0,raw,74,-0.002140423588952584,0.002471548270523031
noncanonical,0,0,recovered,74,0.01053930665421189,2.8888175744426165e-16
noncanonical,0,0,raw,75,0.011962247963523357,6.924353069742117e-16
noncanonical,0,0,recovered,75,0.01039530592598599,7.002383375230911e-16
noncanonical,0,0,raw,76,0.013106835706417094,2.1309535164078348e-16
noncanonical,0,0,recovered,76,0.009744615580539536,2.9837495925775846e-16
noncanonical,0,0,raw,77,0.007201710616329977,6.298494640894861e-16
noncanonical,0,0,recovered,77,0.0072733223714757985,6.810474436865449e-16
noncanonical,0,0,raw,78,0.00903552364466363,3.279430383977796e-16
noncanonical,0,0,recovered,78,0.011773320142683716,4.0641532108354735e-16
noncanonical,0,0,raw,79,0.0045578629737131485,2.3315311132364473e-16
noncanonical,0,0,recovered,79,0.017934030100916747,7.985868457166168e-16
noncanonical,0,0,raw,80,0.00035915015218639915,5.502747192414219e-16
noncanonical,0,0,recovered,80,0.00724228874555211,4.3349217676669963e-16
noncanonical,0,0,raw,81,0.0028778210194067284,2.397184488429169e-16
noncanonical,0,0,recovered,81,0.010651691670390652,8.519108480285021e-16
noncanonical,0,0,raw,82,0.006181254812536552,4.458091676822849e-16
noncanonical,0,0,recovered,82,0.008201240658428192,3.702446124622202e-16
noncanonical,0,0,raw,83,0.009203026068843805,4.782523808558605e-16
noncanonical,0,0,recovered,83,0.00948265957590032,4.6395016399945e-16
noncanonical,0,0,raw,84,0.014130361099203452,4.0539561736618073e-16
noncanonical,0,0,recovered,84,0.006461297007877748,2.634446189685968e-16
noncanonical,0,0,raw,85,-0.0018125861265871,0.002092994176228681
noncanonical,0,0,recovered,85,0.010262332849178392,5.333040494597374e-16
noncanonical,0,0,raw,86,-0.0006954150865988773,0.0008029961748926771
noncanonical,0,0,recovered,86,0.01281078608522136,1.8512978324774375e-16
noncanonical,0,0,raw,87,-0.0035816798804320545,0.00413576768623698
noncanonical,0,0,recovered,87,0.01351865251692207,1.494268186589919e-16
noncanonical,0,0,raw,88,0.0004843152849645415,3.6767544896048394e-16
noncanonical,0,0,recovered,88,0.01102842267242854,4.06653465054597e-16
noncanonical,0,0,raw,89,0.005578046030407437,1.2527163076268984e-15
noncanonical,0,0,recovered,89,0.010700198080508145,1.394430682194917e-16
noncanonical,0,0,raw,90,0.006372203881282836,3.6209456911297694e-16
noncanonical,0,0,recovered,90,0.01527784132306065,3.851696542486213e-16
noncanonical,0,0,raw,91,0.0063120861987593585,6.690094960874987e-16
noncanonical,0,0,recovered,91,0.007176893469586062,1.349033339094427e-16
noncanonical,0,0,raw,92,-0.0036283590095728285,0.004189668101786751
noncanonical,0,0,recovered,92,0.005168289904442822,3.190122985096434e-16
noncanonical,0,0,raw,93,0.002982283321857953,1.4071539312522203e-15
noncanonical,0,0,recovered,93,0.011853615115313293,1.695331683017851e-16
noncanonical,0,0,raw,94,0.0018344329667876612,5.090912834303673e-16
noncanonical,0,0,recovered,94,0.014740114440121573,7.505822561350687e-16
noncanonical,0,0,raw,95,0.004160251403949516,4.435942667987151e-16
noncanonical,0,0,recovered,95,0.010286499689523526,6.827875237487615e-16
noncanonical,0,0,raw,96,-0.002875296460333934,0.0033201063707475865
noncanonical,0,0,recovered,96,0.009926472435772445,1.6418968479118509e-16
noncanonical,0,0,raw,97,-0.0018120150500256999,0.002092334753815842
noncanonical,0,0,recovered,97,0.015171907223016558,6.169808098497302e-16
noncanonical,0,0,raw,98,-0.000833156392232801,0.0009620461346651529
noncanonical,0,0,recovered,98,0.01179810639607946,3.585242655463932e-16
noncanonical,0,0,raw,99,0.007296424737259506,6.952062595991096e-16
noncanonical,0,0,recovered,99,0.016286613605805612,1.9934607110110375e-16
noncanonical,0,0,raw,100,0.002217825975333896,5.252822460161907e-16
noncanonical,0,0,recovered,100,0.009180336775734828,4.0022941015313255e-16
noncanonical,0,0,raw,101,0.007853320383560531,5.579341039260276e-16
noncanonical,0,0,recovered,101,0.010132298830020606,2.0817856230940837e-16
noncanonical,0,0,raw,102,0.004949420501167085,7.304372951635969e-16
noncanonical,0,0,recovered,102,0.008188087366757241,5.055543468624241e-16
noncanonical,0,0,raw,103,0.0070426683172463865,3.243822738627108e-16
noncanonical,0,0,recovered,103,0.014306232774685934,2.1910542961684502e-16
noncanonical,0,0,raw,104,0.013239443370073026,2.8166228632753774e-16
noncanonical,0,0,recovered,104,0.012447255879818509,4.548776901282072e-16
noncanonical,0,0,raw,105,0.0074581900533344896,2.2005495712115398e-16
noncanonical,0,0,recovered,105,0.006597108918809033,2.8143449254790027e-16
noncanonical,0,0,raw,106,0.0034784878074389943,2.9223140554960695e-16
noncanonical,0,0,recovered,106,0.0025507077688917508,7.410884694842361e-16
noncanonical,0,0,raw,107,0.00434439637301654,7.708979675145734e-16
noncanonical,0,0,recovered,107,0.006464560796239783,3.127852427265803e-16
noncanonical,0,0,raw,108,0.013496328506112017,1.915858560615688e-16
noncanonical,0,0,recovered,108,0.00692436882274304,4.1451543239633733e-16
noncanonical,0,0,raw,109,0.007059047563901568,6.357208517289909e-16
noncanonical,0,0,recovered,109,0.010861831336372113,4.7616697991302035e-16
noncanonical,0,0,raw,110,0.008122215616632908,4.886692477217908e-16
noncanonical,0,0,recovered,110,0.006290457677370363,3.610022698223765e-16
noncanonical,0,0,raw,111,0.0005337771435272576,3.9131234127215946e-16
noncanonical,0,0,recovered,111,0.009045978597704622,4.283274301616485e-16
noncanonical,0,0,raw,112,0.0012090867598530707,6.933801706219603e-16
noncanonical,0,0,recovered,112,0.0075081789687248095,4.780045607870005e-16
noncanonical,0,0,raw,113,-0.004518884114509421,0.005217957919897367
noncanonical,0,0,recovered,113,0.00983476677993604,3.485159409162322e-16
noncanonical,0,0,raw,114,-0.008757923559457979,0.010112779049190461
noncanonical,0,0,recovered,114,0.017041312440211384,4.892285674308262e-16
noncanonical,0,0,raw,115,0.007212749189231572,3.0380265773136905e-16
noncanonical,0,0,recovered,115,0.009692732802200442,4.835691433275786e-16
noncanonical,0,0,raw,116,0.00716373510679843,7.732514084135601e-16
noncanonical,0,0,recovered,116,0.015985118741587347,4.295608460087093e-16
noncanonical,0,0,raw,117,0.00547358222534267,4.959262571900858e-16
noncanonical,0,0,recovered,117,0.014285664598944453,2.9168012790807273e-16
noncanonical,0,0,raw,118,0.005013469505198378,3.126866132791658e-16
noncanonical,0,0,recovered,118,0.011059050436793233,1.1306992621785198e-15
noncanonical,0,0,raw,119,-0.0005495595636370781,0.0006345767240030718
noncanonical,0,0,recovered,119,0.003402291135507901,2.451152608489249e-16
noncanonical,0,0,raw,120,-0.001304965831813848,0.0015068447485619182
noncanonical,0,0,recovered,120,0.015461545398348566,3.4819631735977173e-16
noncanonical,0,0,raw,121,0.0028936021146601736,4.41754579562216e-16
noncanonical,0,0,recovered,121,0.006728519283420376,3.215007354588365e-16
noncanonical,0,0,raw,122,0.004729129381712244,9.152185120458543e-16
noncanonical,0,0,recovered,122,0.017923086659151686,4.564317567503865e-16
noncanonical,0,0,raw,123,0.009029505331523741,1.0478483683196174e-15
noncanonical,0,0,recovered,123,0.009988443459341021,1.0918642601964545e-16
noncanonical,0,0,raw,124,0.0020763037887750794,3.298033945140643e-16
noncanonical,0,0,recovered,124,0.011745580142654784,2.469506973479935e-16
noncanonical,0,0,raw,125,0.00814919027994045,3.3358206970135704e-16
noncanonical,0,0,recovered,125,0.015106924835219304,1.0213767293173072e-15
noncanonical,0,0,raw,126,0.0076935028924395915,1.0501848868421493e-15
noncanonical,0,0,recovered,126,0.010982314671095542,1.8656344103309095e-16
noncanonical,0,0,raw,127,0.004247658873245913,1.033803685335285e-15
noncanonical,0,0,recovered,127,0.007250964297022711,4.483987553742132e-16
noncanonical,0,0,raw,128,-0.003957698699652138,0.004569956819231141
noncanonical,0,0,recovered,128,0.00875439423096453,3.3036122336500865e-16
noncanonical,0,0,raw,129,0.0004066919304641986,6.095396618608343e-16
noncanonical,0,0,recovered,129,0.0013184520509318804,1.3368630457457462e-16
noncanonical,0,0,raw,130,0.006526807747530607,4.930303014361528e-16
noncanonical,0,0,recovered,130,0.009655481838385266,5.341441474925185e-16
noncanonical,0,0,raw,131,0.01015222287820751,8.787750287649826e-16
noncanonical,0,0,recovered,131,0.008134674887077472,1.7523712558585592e-16
noncanonical,0,0,raw,132,0.005594701909691168,5.193997897504494e-16
noncanonical,0,0,recovered,132,0.008095100731737803,2.3970903365819777e-16
noncanonical,0,0,raw,133,0.012965371874189408,4.507478507635358e-16
noncanonical,0,0,recovered,133,0.0024458476090776335,2.0924641278417186e-16
noncanonical,0,0,raw,134,0.0033927737977434975,3.11516198186686e-16
noncanonical,0,0,recovered,134,0.016267103031521398,5.541013534424491e-16
noncanonical,0,0,raw,135,0.007380726207214888,7.897644173902045e-16
noncanonical,0,0,recovered,135,0.007535637612108673,2.966453227307606e-16
noncanonical,0,0,raw,136,0.00658022028887819,3.405060470473938e-16
noncanonical,0,0,recovered,136,0.00843950592379758,1.4674356988025776e-16
noncanonical,0,0,raw,137,0.0019659915571128726,6.701504759620944e-16
noncanonical,0,0,recovered,137,0.006582049026427016,4.810774007683243e-16
noncanonical,0,0,raw,138,0.011314690646093698,6.457023907303193e-16
noncanonical,0,0,recovered,138,0.013383690275472156,5.911456821813073e-16
noncanonical,0,0,raw,139,0.0029480980254947718,1.2577679823149556e-16
noncanonical,0,0,recovered,139,0.0017962679201413729,3.5659226499643147e-16
noncanonical,0,0,raw,140,0.003918850509796711,6.871493065634379e-16
noncanonical,0,0,recovered,140,0.009652027121107486,3.3160982565423214e-16
noncanonical,0,0,raw,141,0.002732975167682889,6.604948422569802e-16
noncanonical,0,0,recovered,141,0.00453475750205038,2.299048597660481e-16
noncanonical,0,0,raw,142,0.0033402123855488376,5.010697787395907e-16
noncanonical,0,0,recovered,142,0.012577187313895732,2.8534948882353785e-16
noncanonical,0,0,raw,143,0.008136488794411806,7.195800076326959e-16
noncanonical,0,0,recovered,143,0.003563578707650331,5.87811824150081e-16
noncanonical,0,0,raw,144,-0.002906487260640019,0.0033561224046533733
noncanonical,0,0,recovered,144,0.013882316974442454,8.137846148879967e-16
noncanonical,0,0,raw,145,0.006884379042566765,6.1124483878388095e-16
noncanonical,0,0,recovered,145,0.013499060235316732,2.1719056596124474e-16
noncanonical,0,0,raw,146,0.009872621420605176,2.370130424975215e-16
noncanonical,0,0,recovered,146,0.007577234334183631,6.029599111087234e-16
noncanonical,0,0,raw,147,0.006109585764877525,3.62187663148644e-16
noncanonical,0,0,recovered,147,0.013701021357884676,3.954205276150593e-16
noncanonical,0,0,raw,148,-0.008887076064808461,0.010261911516651541
noncanonical,0,0,recovered,148,0.002748247972353477,2.3987032793387106e-16
noncanonical,0,0,raw,149,0.013338436738078887,3.7482749238492124e-16
noncanonical,0,0,recovered,149,0.006728572156816163,3.7480716994313426e-16
noncanonical,0,0,raw,150,0.005757477934209733,1.947786176459542e-16
noncanonical,0,0,recovered,150,0.007933383364439894,6.892093701658046e-16
noncanonical,0,0,raw,151,-0.0017360536684299635,0.0020046221055910747
noncanonical,0,0,recovered,151,0.0035636204622580543,2.847604529173801e-16
noncanonical,0,0,raw,152,-0.0004730506645515306,0.0005462318570384783
noncanonical,0,0,recovered,152,0.012677408468031365,3.6276986691107885e-16
noncanonical,0,0,raw,153,0.00992939529804982,1.1501399797576097e-15
noncanonical,0,0,recovered,153,0.012964414956304578,3.339911848892289e-16
noncanonical,0,0,raw,154,0.006298718894180709,5.237654580354438e-16
noncanonical,0,0,recovered,154,0.01403820543114129,5.757645607518474e-16
noncanonical,0,0,raw,155,0.004548491474164655,4.855805413836348e-16
noncanonical,0,0,recovered,155,0.0038123170568737826,1.253438999544944e-16
noncanonical,0,0,raw,156,0.0069513193789589554,3.0298995272877684e-16
noncanonical,0,0,recovered,156,0.011959185112961238,1.7836493295598976e-16
noncanonical,0,0,raw,157,-0.000856413888960203,0.0009889015786577887
noncanonical,0,0,recovered,157,0.019284509650543753,3.944927673117661e-16
noncanonical,0,0,raw,158,0.012352692924119432,6.496779703557574e-16
noncanonical,0,0,recovered,158,0.012543886809086902,3.775455377299627e-16
noncanonical,0,0,raw,159,0.004426200968997656,6.028480166365751e-16
noncanonical,0,0,recovered,159,0.009524249584379928,2.628556883787839e-16
noncanonical,0,0,raw,160,-0.007900091232104306,0.009122239598955844
noncanonical,0,0,recovered,160,0.00496065823744463,7.004396914000457e-16
noncanonical,0,0,raw,161,0.004571271297182522,7.081245026855898e-16
noncanonical,0,0,recovered,161,0.0029100924184290414,4.857121183543245e-16
noncanonical,0,0,raw,162,0.006054522122634133,5.314285270541818e-16
noncanonical,0,0,recovered,162,0.006393264224534886,2.680168822770853e-16
noncanonical,0,0,raw,163,0.009711810113774302,3.860084821023028e-16
noncanonical,0,0,recovered,163,0.012938932436692103,1.8311195739751967e-16
noncanonical,0,0,raw,164,0.0001690553208748189,4.824731340778424e-16
noncanonical,0,0,recovered,164,0.004739865126610939,3.530833509422616e-16
noncanonical,0,0,raw,165,-0.0015309019422617889,0.001767733296935656
noncanonical,0,0,recovered,165,0.011803956007464386,4.135833254426471e-16
noncanonical,0,0,raw,166,0.008147414877767193,3.2161702046249375e-16
noncanonical,0,0,recovered,166,0.01744095894470383,3.17495273226022e-16
noncanonical,0,0,raw,167,-0.0022527951617602755,0.002601303786142641
noncanonical,0,0,recovered,167,0.014410427215489977,7.072121041311967e-16
noncanonical,0,0,raw,168,0.007026490287551147,4.708896610655564e-16
noncanonical,0,0,recovered,168,0.00952140543279424,4.913080059103258e-16
noncanonical,0,0,raw,169,0.000881728602295441,5.521498383426439e-16
noncanonical,0,0,recovered,169,0.00616996973301735,2.7280914945702935e-16
noncanonical,0,0,raw,170,0.010630950159257552,4.306282881686158e-16
noncanonical,0,0,recovered,170,0.005628453372082435,7.934148533028733e-16
noncanonical,0,0,raw,171,-0.0019676070064797765,0.0022719968697012395
noncanonical,0,0,recovered,171,0.005763581097795742,6.308404416410434e-16
noncanonical,0,0,raw,172,-0.0006540601812013186,0.0007552436433656516
noncanonical,0,0,recovered,172,0.006867224294729963,3.5440033373975826e-16
noncanonical,0,0,raw,173,-0.009455816458222334,0.010918636355124398
noncanonical,0,0,recovered,173,0.013601670037644868,5.905886391771711e-16
noncanonical,0,0,raw,174,0.005746089788674239,6.374613857277543e-16
noncanonical,0,0,recovered,174,0.012670703660847698,5.495508418902666e-16
noncanonical,0,0,raw,175,0.013242896919868252,2.251785336142983e-16
noncanonical,0,0,recovered,175,0.009917952981653886,5.019620479130712e-16
noncanonical,0,0,raw,176,0.0096830320165911,5.307809208612794e-16
noncanonical,0,0,recovered,176,0.011472693261786874,2.5893399225897885e-16
noncanonical,0,0,raw,177,-0.0031700220988045633,0.0036604262241637956
noncanonical,0,0,recovered,177,0.012892664512107157,8.34289281403874e-16
noncanonical,0,0,raw,178,0.010844299482288657,5.350583802356066e-16
noncanonical,0,0,recovered,178,0.00928668854917912,4.590699950146661e-16
noncanonical,0,0,raw,179,0.004826185966055415,4.268230621830807e-16
noncanonical,0,0,recovered,179,0.00968612040091857,5.295003655125294e-16
noncanonical,0,0,raw,180,0.004452613695632191,8.017622797871839e-16
noncanonical,0,0,recovered,180,0.015649332873525768,8.926877989911352e-16
noncanonical,0,0,raw,181,0.011050090397066,5.211512525498965e-16
noncanonical,0,0,recovered,181,0.016264999948372008,3.3363125906982396e-16
noncanonical,0,0,raw,182,0.0009402213188185581,7.15899622212655e-16
noncanonical,0,0,recovered,182,0.010208342641085942,2.710099475520144e-16
noncanonical,0,0,raw,183,0.012041289099556303,5.811705530053351e-16
noncanonical,0,0,recovered,183,0.015057373284071607,2.529346771502175e-16
noncanonical,0,0,raw,184,0.007924669689405616,4.263438078081491e-16
noncanonical,0,0,recovered,184,0.016972719876787428,2.306660442701428e-16
noncanonical,0,0,raw,185,0.0018510098268180036,4.08783386470313e-16
noncanonical,0,0,recovered,185,0.008789556344772107,1.8631477272539271e-16
noncanonical,0,0,raw,186,-0.004969691098190638,0.005738504986659315
noncanonical,0,0,recovered,186,0.007397252959596003,4.0015609463499533e-16
noncanonical,0,0,raw,187,0.004128716171212637,4.099259304298127e-16
noncanonical,0,0,recovered,187,0.012470874043245976,7.735935594290251e-16
noncanonical,0,0,raw,188,0.0025340502383147862,4.880761723879744e-16
noncanonical,0,0,recovered,188,0.0071274212734731114,6.166196237098631e-16
noncanonical,0,0,raw,189,-0.0007082519157235497,0.0008178188683941904
noncanonical,0,0,recovered,189,0.012428429161725969,4.2838758280466295e-16
noncanonical,0,0,raw,190,0.0005735366905642489,1.5948349058895444e-15
noncanonical,0,0,recovered,190,0.00642614424649095,5.557115649495231e-16
noncanonical,0,0,raw,191,-0.0006391177790454524,0.00073798964355131
noncanonical,0,0,recovered,191,0.009392724514686823,5.041789578965556e-16
noncanonical,0,0,raw,192,0.006626084512034462,2.1850028357013402e-16
noncanonical,0,0,recovered,192,0.012301708323963276,1.6710169038066854e-16
noncanonical,0,0,raw,193,-0.0011387452715030412,0.0013149097780813662
noncanonical,0,0,recovered,193,0.006726464709581947,5.122874424933079e-16
noncanonical,0,0,raw,194,-0.007434051582397315,0.00858410336453323
noncanonical,0,0,recovered,194,0.0060547893570952905,9.0555256439414e-16
noncanonical,0,0,raw,195,-0.0063401326241371535,0.0073209545544870485
noncanonical,0,0,recovered,195,0.006097293546157671,2.8088412102326046e-16
noncanonical,0,0,raw,196,0.008951128584403846,6.514784260721822e-16
noncanonical,0,0,recovered,196,0.01499838902628379,6.030045149298083e-16
noncanonical,0,0,raw,197,0.004043116064891341,7.569827826131475e-16
noncanonical,0,0,recovered,197,0.006088148780345504,4.828097262332884e-16
noncanonical,0,0,raw,198,0.007358849429703715,2.3059310922221357e-16
noncanonical,0,0,recovered,198,0.010453866052393701,2.066733925933753e-16
noncanonical,0,0,raw,199,0.0031859797852009314,4.625246623284868e-16
noncanonical,0,0,recovered,199,0.014705321319565605,6.56359912872565e-16
noncanonical,0,0,raw,200,-0.00684894156122458,0.007908476508074
noncanonical,0,0,recovered,200,0.008561092930456734,3.516465965974816e-16
noncanonical,0,0,raw,201,0.013467669344037855,7.784063003431034e-16
noncanonical,0,0,recovered,201,0.014412361773484523,2.825411723558298e-16
noncanonical,0,0,raw,202,0.008937627486224604,1.3824961582104574e-16
noncanonical,0,0,recovered,202,0.015052103762343972,2.369477649242936e-16
noncanonical,0,0,raw,203,0.008992803464503128,3.074862612363169e-16
noncanonical,0,0,recovered,203,0.013188740949722994,6.83145524933676e-16
noncanonical,0,0,raw,204,-0.006819149391075322,0.007874075473163246
noncanonical,0,0,recovered,204,0.0010182276777222585,4.611220819348457e-16
noncanonical,0,0,raw,205,0.004718403864121457,7.953258428159641e-16
noncanonical,0,0,recovered,205,0.01338495772930208,2.3986453297426686e-16
noncanonical,0,0,raw,206,0.001329319913938122,6.576216814920018e-16
noncanonical,0,0,recovered,206,0.014491176315002288,2.3741641222595754e-16
noncanonical,0,0,raw,207,0.004575720141526629,1.084788350560669e-15
noncanonical,0,0,recovered,207,0.006247784939361893,8.11622652219788e-16
noncanonical,0,0,raw,208,0.007415437774810754,4.732505597526936e-16
noncanonical,0,0,recovered,208,0.014392662420510762,5.270584996722067e-16
noncanonical,0,0,raw,209,-0.0076685678816962735,0.008854899461592484
noncanonical,0,0,recovered,209,0.013608852615232326,3.706289584056308e-16
noncanonical,0,0,raw,210,0.002811412372184559,2.965072327139286e-16
noncanonical,0,0,recovered,210,0.0037463165698452786,8.184926494824452e-16
noncanonical,0,0,raw,211,0.0022069010814422594,6.652747764365669e-16
noncanonical,0,0,recovered,211,0.018967314519250066,6.199096181729284e-16
noncanonical,0,0,raw,212,0.0011951651442922732,8.225662895169564e-16
noncanonical,0,0,recovered,212,0.00953150426702835,5.004057108809022e-16
noncanonical,0,0,raw,213,0.00673405135231397,8.185932900683978e-16
noncanonical,0,0,recovered,213,0.01140189414315306,2.635438355420854e-16
noncanonical,0,0,raw,214,-0.0034178608844528014,0.003946605803382939
noncanonical,0,0,recovered,214,0.017399090209156476,1.8458713133692309e-16
noncanonical,0,0,raw,215,-0.0011123372738363428,0.0012844164489581498
noncanonical,0,0,recovered,215,0.0019071696834448287,3.2410631332384366e-16
noncanonical,0,0,raw,216,0.010958081259111541,6.487860409941355e-16
noncanonical,0,0,recovered,216,0.015047776316964818,5.026778471040309e-16
noncanonical,0,0,raw,217,-0.0028046517201870055,0.003238532851266345
noncanonical,0,0,recovered,217,0.014016219806010014,2.0097821484779731e-16
noncanonical,0,0,raw,218,0.008889312160226802,3.614771749163392e-16
noncanonical,0,0,recovered,218,0.012882456153926894,3.401092618610732e-16
noncanonical,0,0,raw,219,0.005088103772026057,3.8696437734538285e-16
noncanonical,0,0,recovered,219,0.01649005698586725,4.610682395985954e-16
noncanonical,0,0,raw,220,0.0003831225358067904,3.5432337435875424e-16
noncanonical,0,0,recovered,220,0.00784625440781999,6.07349599671928e-16
noncanonical,0,0,raw,221,0.01147950900019665,4.3652785481038787e-16
noncanonical,0,0,recovered,221,0.0035761644579255123,2.6315246258181503e-16
noncanonical,0,0,raw,222,0.00044941596097223917,3.8948163923514943e-16
noncanonical,0,0,recovered,222,0.0013286249732693263,7.489298199249543e-16
noncanonical,0,0,raw,223,0.0009340423674314663,6.972935663961068e-16
noncanonical,0,0,recovered,223,0.012683478835094292,6.111425204819291e-16
noncanonical,0,0,raw,224,0.003910219437510694,8.385035394955681e-16
noncanonical,0,0,recovered,224,0.006346315504924066,6.084133007888345e-16
noncanonical,0,0,raw,225,0.0063954072915741456,6.967066794420135e-16
noncanonical,0,0,recovered,225,0.0050589923957232745,2.1232565361854913e-16
noncanonical,0,0,raw,226,0.00585041810252536,5.70101524250658e-16
noncanonical,0,0,recovered,226,0.009030343570787799,6.83886816956479e-16
noncanonical,0,0,raw,227,0.0014266186368909228,1.035651163123462e-15
noncanonical,0,0,recovered,227,0.015748240634262556,3.5028261769567474e-16
noncanonical,0,0,raw,228,0.003276218507558292,9.256776177807025e-16
noncanonical,0,0,recovered,228,0.007517859043132746,2.0603447360400389e-16
noncanonical,0,0,raw,229,0.009277964805121544,3.3012758879306184e-16
noncanonical,0,0,recovered,229,0.008448056884219415,4.185701186912958e-16
noncanonical,0,0,raw,230,0.004726051859210533,9.905640471910905e-16
noncanonical,0,0,recovered,230,0.01713877726314662,5.847826714606488e-16
noncanonical,0,0,raw,231,0.009334279006656445,9.869431811651717e-16
noncanonical,0,0,recovered,231,0.009914698135421313,2.4917598442657466e-16
noncanonical,0,0,raw,232,0.007130742565602148,9.716667534913083e-16
noncanonical,0,0,recovered,232,0.008974273410181656,1.818617855810722e-16
noncanonical,0,0,raw,233,-0.0014433992172843504,0.0016666938532941887
noncanonical,0,0,recovered,233,0.01024470644232148,1.8069145694764617e-16
noncanonical,0,0,raw,234,0.0020195713747633024,2.5942930409512244e-16
noncanonical,0,0,recovered,234,0.003814382244877047,2.9135867276807565e-16
noncanonical,0,0,raw,235,0.0047372397057553394,3.4010812130469997e-16
noncanonical,0,0,recovered,235,0.014278527392655192,2.4445409993819715e-16
noncanonical,0,0,raw,236,0.007126871167040236,4.1798658467376193e-16
noncanonical,0,0,recovered,236,0.005532951142310363,2.417248620919782e-16
noncanonical,0,0,raw,237,0.005504067851351852,4.4265371000663094e-16
noncanonical,0,0,recovered,237,0.012752991471020794,2.9997928598275673e-16
noncanonical,0,0,raw,238,-0.005340324965724524,0.006166476113042272
noncanonical,0,0,recovered,238,0.010024260819824651,2.6147220760377557e-16
noncanonical,0,0,raw,239,0.007784129957899279,8.578644197813079e-16
noncanonical,0,0,recovered,239,0.0065369016032871905,7.846858226594589e-16
noncanonical,0,0,raw,240,0.004136157659314194,6.455968665426612e-16
noncanonical,0,0,recovered,240,0.014606243302239301,2.6891571197347806e-16
noncanonical,0,0,raw,241,0.012563549444524131,5.443418811058899e-16
noncanonical,0,0,recovered,241,0.012967084744571766,1.0486516405445836e-16
noncanonical,0,0,raw,242,0.007418776286203918,4.284895376101674e-16
noncanonical,0,0,recovered,242,0.011762716881111591,3.120732397460995e-16
noncanonical,0,0,raw,243,0.00775866916945641,3.6200326956924326e-16
noncanonical,0,0,recovered,243,0.01066358822168637,1.779011574511058e-16
noncanonical,0,0,raw,244,0.013028669388308163,1.257922740499442e-15
noncanonical,0,0,recovered,244,0.012087936205603505,3.647624795696193e-16
noncanonical,0,0,raw,245,0.010073451929265613,6.886240431179649e-16
noncanonical,0,0,recovered,245,0.008093076141792267,3.225956067145337e-16
noncanonical,0,0,raw,246,0.004535380562265186,3.363396105401983e-16
noncanonical,0,0,recovered,246,0.00896520315517186,2.438775360087212e-16
noncanonical,0,0,raw,247,0.00014328348705236487,4.332825670518818e-16
noncanonical,0,0,recovered,247,0.01154049452971495,5.032878221234291e-16
noncanonical,0,0,raw,248,0.005055932882513135,4.938530303564247e-16
noncanonical,0,0,recovered,248,0.010353115227548084,2.1480472177250858e-16
noncanonical,0,0,raw,249,0.002291762312620825,2.787485261425459e-16
noncanonical,0,0,recovered,249,0.0046754054219242175,1.8017523732915272e-16
noncanonical,0,0,raw,250,0.005868652464884334,1.5248401903279844e-15
noncanonical,0,0,recovered,250,0.01077932790434158,5.872234343529438e-16
noncanonical,0,0,raw,251,-0.0031961385943473637,0.0036905829556276542
noncanonical,0,0,recovered,251,0.006028723179954091,2.1480997519882173e-16
noncanonical,0,0,raw,252,0.00433977982703771,4.884819917032068e-16
noncanonical,0,0,recovered,252,0.005716425912722524,5.931142229520727e-16
noncanonical,0,0,raw,253,0.006762692502082793,2.670476007717467e-16
noncanonical,0,0,recovered,253,0.017468931288475348,2.3370852391253476e-16
noncanonical,0,0,raw,254,0.00316132778490461,3.5377727880027484e-16
noncanonical,0,0,recovered,254,0.0032247367234117426,1.0204613138838553e-15
noncanonical,0,0,raw,255,0.006033549979535605,1.379794550496732e-16
noncanonical,0,0,recovered,255,0.0055227512470348164,6.018481162898083e-16
noncanonical,0,0,raw,256,0.007767258332598255,4.0611336352124547e-16
noncanonical,0,0,recovered,256,0.013390345505069824,3.8765939398778465e-16
noncanonical,0,0,raw,257,-0.0011882365812143835,0.0013720574200503366
noncanonical,0,0,recovered,257,0.0040337488936752555,1.85775440088679e-16
noncanonical,0,0,raw,258,0.003568858809703904,2.653453635420002e-16
noncanonical,0,0,recovered,258,-0.0003009145525156661,0.0003474661957960566
noncanonical,0,0,raw,259,0.01060773254591738,4.062824827755479e-16
noncanonical,0,0,recovered,259,0.010273733571927485,2.152743957023457e-16
noncanonical,0,0,raw,260,0.007394359636591968,3.173821077284353e-16
noncanonical,0,0,recovered,260,0.011046793076828175,3.61154497478014e-16
noncanonical,0,0,raw,261,0.008501510649345293,3.2152866816856836e-16
noncanonical,0,0,recovered,261,0.01123801773164289,2.2610042671637904e-16
noncanonical,0,0,raw,262,0.0024299413781607576,3.7433530421214917e-16
noncanonical,0,0,recovered,262,0.009165786471284562,2.087515215925056e-16
noncanonical,0,0,raw,263,0.01250974748767594,3.114302847343107e-16
noncanonical,0,0,recovered,263,0.010277587258687541,3.389354028194627e-16
noncanonical,0,0,raw,264,0.0004252484266224171,4.156219700644193e-16
noncanonical,0,0,recovered,264,0.011624558400859053,5.835566488735391e-16
noncanonical,0,0,raw,265,-0.003937887581952919,0.004547080910957984
noncanonical,0,0,recovered,265,0.015943611813059387,2.550484620121966e-16
noncanonical,0,0,raw,266,0.004857375644404695,4.66239812070688e-16
noncanonical,0,0,recovered,266,0.012650542692932525,5.90600103640411e-16
noncanonical,0,0,raw,267,0.011265407278885224,4.732290986022052e-16
noncanonical,0,0,recovered,267,0.007630109262218614,5.999548101120542e-16
noncanonical,0,0,raw,268,0.0044493478546151,4.1951490707239394e-16
noncanonical,0,0,recovered,268,0.007267906476221239,5.115644088616411e-16
noncanonical,0,0,raw,269,0.004274006518001982,3.1691732095762435e-16
noncanonical,0,0,recovered,269,0.006654412980121165,5.108826903347742e-16
noncanonical,0,0,raw,270,0.007524465120639143,5.996958124831136e-16
noncanonical,0,0,recovered,270,0.014249558645272968,4.987843784519438e-16
noncanonical,0,0,raw,271,0.006461786563482815,1.0717538038750773e-15
noncanonical,0,0,recovered,271,0.015756121947778985,4.3203605092023734e-16
noncanonical,0,0,raw,272,0.00513253663932037,8.288495788641457e-16
noncanonical,0,0,recovered,272,0.01934394817394976,2.902109292997141e-16
noncanonical,0,0,raw,273,0.004525725108177415,2.396807858849464e-16
noncanonical,0,0,recovered,273,0.008698482702294747,5.254430768862485e-16
noncanonical,0,0,raw,274,0.006421952150668968,4.544272997351136e-16
noncanonical,0,0,recovered,274,0.01225615869121281,2.6787316176814566e-16
noncanonical,0,0,raw,275,0.007230391641073655,2.3197945253089616e-16
noncanonical,0,0,recovered,275,0.013665948755088793,5.449216944944555e-16
noncanonical,0,0,raw,276,0.011438770876840273,4.760549883280083e-16
noncanonical,0,0,recovered,276,0.01378139614833415,3.3821992184487973e-16
noncanonical,0,0,raw,277,0.005913257763699321,2.4496731743128056e-16
noncanonical,0,0,recovered,277,0.013167971030226563,4.45047018249237e-16
noncanonical,0,0,raw,278,0.009456306523475731,2.9652201982235475e-16
noncanonical,0,0,recovered,278,0.015898673430391804,2.1772966276045352e-16
noncanonical,0,0,raw,279,0.00518036213212737,8.46067694992256e-16
noncanonical,0,0,recovered,279,0.008508846356574139,2.9038682896130655e-16
noncanonical,0,0,raw,280,0.011270384846000204,4.561580899649465e-16
noncanonical,0,0,recovered,280,0.010795003847150656,4.1583098379636724e-16
noncanonical,0,0,raw,281,0.008833670978901764,7.379505307178774e-16
noncanonical,0,0,recovered,281,0.008850662627187119,2.9028577256939417e-16
noncanonical,0,0,raw,282,0.00979985754566807,3.8228445868913574e-16
noncanonical,0,0,recovered,282,0.009481710081373938,2.6299464185023136e-16
noncanonical,0,0,raw,283,-0.0031407646274515385,0.003626642606240597
noncanonical,0,0,recovered,283,0.00982019342846046,5.105483049086754e-16
noncanonical,0,0,raw,284,0.0014924554232311725,6.406836772862548e-16
noncanonical,0,0,recovered,284,0.011679644124666225,6.750562789555299e-16
noncanonical,0,0,raw,285,0.006217616787053388,6.948140053900031e-16
noncanonical,0,0,recovered,285,0.001955109681049137,6.391708645471189e-16
noncanonical,0,0,raw,286,0.007324436374479378,2.1660313542789392e-16
noncanonical,0,0,recovered,286,0.013998995095580776,2.3214285131051874e-16
noncanonical,0,0,raw,287,0.009898999473897337,8.856635123679123e-16
noncanonical,0,0,recovered,287,0.0064474149490343,4.956833841152744e-16
noncanonical,0,0,raw,288,0.013223585284531634,3.1152860502718756e-16
noncanonical,0,0,recovered,288,0.011204811204943353,3.2380488832772104e-16
noncanonical,0,0,raw,289,-0.007835838601469651,0.009048047051769764
noncanonical,0,0,recovered,289,0.01032033435934421,5.015620028614524e-16
noncanonical,0,0,raw,290,0.0018486569284519555,7.439840495715561e-16
noncanonical,0,0,recovered,290,0.009525748522663292,3.0307560324961615e-16
noncanonical,0,0,raw,291,0.006433500915206373,7.362134166486085e-16
noncanonical,0,0,recovered,291,0.0031681335890819703,5.633276609756544e-16
noncanonical,0,0,raw,292,0.0034620952849615536,9.816189958929347e-16
noncanonical,0,0,recovered,292,0.00962175654334631,5.647567384217682e-16
noncanonical,0,0,raw,293,0.006710911553780264,1.242307747077522e-15
noncanonical,0,0,recovered,293,0.012356218075780138,5.869796465542514e-16
noncanonical,0,0,raw,294,0.005485990571657774,3.5954053440268894e-16
noncanonical,0,0,recovered,294,0.009412470485079183,2.648764266373101e-16
noncanonical,0,0,raw,295,0.010181670996449083,3.055213237270092e-16
noncanonical,0,0,recovered,295,0.008608725537902092,3.775345779919727e-16
noncanonical,0,0,raw,296,-0.005156661885538991,0.0059544002554714655
noncanonical,0,0,recovered,296,0.0061958475112016895,2.7742562138810273e-16
noncanonical,0,0,raw,297,0.007402341504016638,4.62099939525378e-16
noncanonical,0,0,recovered,297,0.018953056671907588,3.514158657177824e-16
noncanonical,0,0,raw,298,0.0016843338515859065,8.165543977512925e-16
noncanonical,0,0,recovered,298,0.007881816161312448,6.680431142260393e-16
noncanonical,0,0,raw,299,0.006443598372610321,5.816675035648727e-16
noncanonical,0,0,recovered,299,0.014190309769404113,4.818457934798108e-16
noncanonical,0,0,raw,300,0.008404996458398577,8.1158922416272195e-16
noncanonical,0,0,recovered,300,0.011607602120613136,1.6651905351107675e-16
noncanonical,0,0,raw,301,0.0035689895351505565,4.816521506552482e-16
noncanonical,0,0,recovered,301,-0.002622251065776358,0.0030279147174176505
noncanonical,0,0,raw,302,0.00731830132318661,5.20032731922789e-16
noncanonical,0,0,recovered,302,0.0056435274000153435,1.6738957979903102e-16
noncanonical,0,0,raw,303,0.008852273349943708,7.320762366082923e-16
noncanonical,0,0,recovered,303,0.00884435108901225,4.744936456522953e-16
noncanonical,0,0,raw,304,0.001963512054897774,3.292047738549117e-16
noncanonical,0,0,recovered,304,0.01190876935512942,5.034689351926017e-16
noncanonical,0,0,raw,305,-0.006383419599568635,0.007370938048322531
noncanonical,0,0,recovered,305,0.011861926753602309,3.3497867976781177e-16
noncanonical,0,0,raw,306,0.012188669717187316,3.035865208396834e-16
noncanonical,0,0,recovered,306,0.008791422558106332,2.821699840939289e-16
noncanonical,0,0,raw,307,0.0026020380138431463,7.14343877854042e-16
noncanonical,0,0,recovered,307,0.007254429560588672,3.0614060585213605e-16
noncanonical,0,0,raw,308,0.00603790793647461,1.128070049221944e-15
noncanonical,0,0,recovered,308,0.00950874437347966,5.700965550414707e-16
noncanonical,0,0,raw,309,-0.002041998122864422,0.0023578963318409613
noncanonical,0,0,recovered,309,0.010955309757057587,4.023030009757527e-16
noncanonical,0,0,raw,310,0.003291297520497215,4.491522862580492e-16
noncanonical,0,0,recovered,310,0.01773023789185467,4.543882897202854e-16
noncanonical,0,0,raw,311,0.009044317616888705,3.8255286652784756e-16
noncanonical,0,0,recovered,311,0.007006996852188331,1.880335425491442e-16
noncanonical,0,0,raw,312,0.0007163767431499725,5.191962448715892e-16
noncanonical,0,0,recovered,312,0.005304391362748294,5.369501599372998e-16
noncanonical,0,0,raw,313,0.002924796703536784,3.7641300982214923e-16
noncanonical,0,0,recovered,313,0.01624647196022184,2.8830911238204213e-16
noncanonical,0,0,raw,314,0.005249779658965596,1.036431632953697e-15
noncanonical,0,0,recovered,314,0.011481590407107712,3.0999552805969703e-16
noncanonical,0,0,raw,315,-0.0019351447276789347,0.002234512658892792
noncanonical,0,0,recovered,315,0.018124198704269717,2.6774956013750017e-16
noncanonical,0,0,raw,316,0.002708573246055301,1.1324783524558135e-15
noncanonical,0,0,recovered,316,0.007901603957325391,8.646741738348659e-17
noncanonical,0,0,raw,317,0.006391050972330385,2.953236164923655e-16
noncanonical,0,0,recovered,317,0.0059613637950313575,4.291024013863296e-16
noncanonical,0,0,raw,318,-0.01212978539373483,0.014006269724570383
noncanonical,0,0,recovered,318,0.008545859571784158,6.791971334506241e-16
noncanonical,0,0,raw,319,0.006247724161649886,1.1619235293496762e-15
noncanonical,0,0,recovered,319,0.011490592106819473,5.889706343249616e-16
noncanonical,0,0,raw,320,0.00038339459656140743,5.352002347096192e-16
noncanonical,0,0,recovered,320,0.009837050408579157,5.092193709178254e-16
noncanonical,0,0,raw,321,0.0054118085807397225,5.211960068224222e-16
noncanonical,0,0,recovered,321,0.004066005127904334,4.366222013016112e-16
noncanonical,0,0,raw,322,-0.004860162267144877,0.005612031986482533
noncanonical,0,0,recovered,322,0.007518703735112838,6.046469442356728e-16
noncanonical,0,0,raw,323,0.008346883852559913,4.37331409037547e-16
noncanonical,0,0,recovered,323,0.014788834919180685,1.2170795985751277e-16
noncanonical,0,0,raw,324,0.010527478188482946,5.857961896248993e-16
noncanonical,0,0,recovered,324,0.00619503994197068,4.090699250836185e-16
noncanonical,0,0,raw,325,-0.0053937804708091746,0.006228201213542992
noncanonical,0,0,recovered,325,0.008724609260382214,2.34100917014864e-16
noncanonical,0,0,raw,326,0.007871163378240257,6.981954905674443e-16
noncanonical,0,0,recovered,326,0.0014137713926048816,2.4028894664470463e-16
noncanonical,0,0,raw,327,0.011156556452916355,3.813538389612886e-16
noncanonical,0,0,recovered,327,0.01582420952720405,3.7115684755503126e-16
noncanonical,0,0,raw,328,-0.004223866141898864,0.0048773005080925734
noncanonical,0,0,recovered,328,0.010052893481125539,6.435733684174982e-16
noncanonical,0,0,raw,329,0.007606897893081599,5.360162206804033e-16
noncanonical,0,0,recovered,329,0.01201442254019565,1.936966552486569e-16
noncanonical,0,0,raw,330,0.005910288040604076,3.0222049502402157e-16
noncanonical,0,0,recovered,330,0.012652504580802235,3.970835654185575e-16
noncanonical,0,0,raw,331,0.005306640311396759,6.075798212786181e-16
noncanonical,0,0,recovered,331,0.010804412457067243,2.6665837267235563e-16
noncanonical,0,0,raw,332,0.006730209446489624,4.818505750043717e-16
noncanonical,0,0,recovered,332,0.016329782700937,4.274646054323906e-16
noncanonical,0,0,raw,333,0.008520191222208963,1.284379491822094e-15
noncanonical,0,0,recovered,333,0.009095494826181135,2.3942797702966293e-16
noncanonical,0,0,raw,334,0.004046424425809537,4.1799052184399857e-16
noncanonical,0,0,recovered,334,0.012778186703615631,4.859443968517419e-16
noncanonical,0,0,raw,335,0.009203911577960567,4.675329187948962e-16
noncanonical,0,0,recovered,335,0.0069740896159894645,2.6742606482135526e-16
noncanonical,0,0,raw,336,0.003448845584156089,6.867289242056082e-16
noncanonical,0,0,recovered,336,-0.00011046868443350838,0.00012755824938922997
noncanonical,0,0,raw,337,-0.0006907529324349875,0.0007976127829698959
noncanonical,0,0,recovered,337,0.011198502310823089,3.1087023950048723e-16
noncanonical,0,0,raw,338,0.00898271870196168,2.762712654335568e-16
noncanonical,0,0,recovered,338,0.0090756738143188,4.937444789639969e-16
noncanonical,0,0,raw,339,0.0064095240926478935,6.039893251650106e-16
noncanonical,0,0,recovered,339,0.013029537456142916,5.20658244468171e-16
noncanonical,0,0,raw,340,0.00044153305987971753,2.806937236150086e-16
noncanonical,0,0,recovered,340,0.012079721316489999,7.877626463292355e-16
noncanonical,0,0,raw,341,-9.443163080081867e-05,0.00010904025492555534
noncanonical,0,0,recovered,341,0.01135933190671181,3.509359955004769e-16
noncanonical,0,0,raw,342,0.0015593270299106203,6.225775495974279e-16
noncanonical,0,0,recovered,342,0.014518803530100821,3.9093726484173103e-16
noncanonical,0,0,raw,343,-0.0043263863919362775,0.00499568069600545
noncanonical,0,0,recovered,343,0.007295451791157249,2.175055482615319e-16
noncanonical,0,0,raw,344,0.00422094654050753,3.2763563554971026e-16
noncanonical,0,0,recovered,344,0.010956718883800334,4.594533103490755e-16
noncanonical,0,0,raw,345,0.00027749219773650984,3.047307257695295e-16
noncanonical,0,0,recovered,345,0.010397973725559341,7.35248583675119e-16
noncanonical,0,0,raw,346,0.005613875401252639,4.178101613841731e-16
noncanonical,0,0,recovered,346,0.012305576323531141,2.682280238927324e-16
noncanonical,0,0,raw,347,0.002892417827658059,6.15881595199548e-16
noncanonical,0,0,recovered,347,0.010614207293580275,1.2296974964997655e-16
noncanonical,0,0,raw,348,0.0018154098606527388,5.072992044723631e-16
noncanonical,0,0,recovered,348,0.005976131170901137,4.718754769554874e-16
noncanonical,0,0,raw,349,0.0037658819687735184,8.040684241358897e-16
noncanonical,0,0,recovered,349,0.010708162070754146,5.199904150679939e-16
noncanonical,0,0,raw,350,0.004485498223422657,7.015589515450335e-16
noncanonical,0,0,recovered,350,0.011418683620399862,5.915645509163085e-16
noncanonical,0,0,raw,351,0.003322994580933122,4.478796000459431e-16
noncanonical,0,0,recovered,351,0.009972538173298184,2.330987268034313e-16
noncanonical,0,0,raw,352,-0.0018074911845351572,0.002087111043898412
noncanonical,0,0,recovered,352,0.007360571707431262,6.425477136257191e-16
noncanonical,0,0,raw,353,0.006602843927860223,3.964053097423562e-16
noncanonical,0,0,recovered,353,0.009540016299908109,9.367797894112108e-16
noncanonical,0,0,raw,354,0.011822941569996848,5.00444892044833e-16
noncanonical,0,0,recovered,354,0.011255646639482211,4.403663805051024e-16
noncanonical,0,0,raw,355,0.012952626287648986,7.037191119274003e-16
noncanonical,0,0,recovered,355,0.01102090618861019,4.690531771069662e-16
noncanonical,0,0,raw,356,0.00846002653369324,4.733779156306916e-16
noncanonical,0,0,recovered,356,0.010415149019145226,2.902022712637754e-16
noncanonical,0,0,raw,357,-0.003028968616634364,0.0034975516923616014
noncanonical,0,0,recovered,357,0.011169059867267284,4.727547176290108e-16
noncanonical,0,0,raw,358,0.00456873926551561,6.790509071947625e-16
noncanonical,0,0,recovered,358,0.005779957341293794,4.760832356035308e-16
noncanonical,0,0,raw,359,0.00012695823311354983,2.92174974793336e-16
noncanonical,0,0,recovered,359,0.00959077465146676,3.5247557698858554e-16
noncanonical,0,0,raw,360,0.009423817862918913,3.0179701794720524e-16
noncanonical,0,0,recovered,360,0.007065434288943542,3.4628758850610225e-16
noncanonical,0,0,raw,361,0.0012131941005068788,2.072976408069812e-16
noncanonical,0,0,recovered,361,0.00656017708077225,3.019963752486939e-16
noncanonical,0,0,raw,362,0.004096900618164508,8.338651842745885e-16
noncanonical,0,0,recovered,362,0.007445203542379826,3.2291028304366554e-16
noncanonical,0,0,raw,363,-0.0046079663563505,0.005320821232511468
noncanonical,0,0,recovered,363,0.016359200980416634,3.2928917458940315e-16
noncanonical,0,0,raw,364,0.004680758440181039,2.9218956878540644e-16
noncanonical,0,0,recovered,364,0.005443692284855963,4.705972004822149e-16
noncanonical,0,0,raw,365,0.007438435333033366,2.8363126701787036e-16
noncanonical,0,0,recovered,365,0.004336913478709653,6.021880231246491e-16
noncanonical,0,0,raw,366,0.004991519477089301,6.556973822989139e-16
noncanonical,0,0,recovered,366,-0.0018245337303988396,0.0021067900807825745
noncanonical,0,0,raw,367,0.009487235551368193,2.4708280062970373e-16
noncanonical,0,0,recovered,367,0.011721075303928791,3.4034969561824425e-16
noncanonical,0,0,raw,368,0.005613434393460282,4.682757670497848e-16
noncanonical,0,0,recovered,368,0.010889146062957974,7.320314041091478e-16
noncanonical,0,0,raw,369,0.0003974634945189861,3.3261598061319726e-16
noncanonical,0,0,recovered,369,0.011982987144429132,2.7023294916274624e-16
noncanonical,0,0,raw,370,0.007760816655805342,9.10228114117965e-16
noncanonical,0,0,recovered,370,0.002865890423213078,3.7751066473193616e-16
noncanonical,0,0,raw,371,0.005076476917549592,7.388804635032311e-16
noncanonical,0,0,recovered,371,-0.0004015886380381464,0.0004637146165494764
noncanonical,0,0,raw,372,0.00945313283908639,1.2880992482051274e-15
noncanonical,0,0,recovered,372,0.004629143154798766,2.6604969339305406e-16
noncanonical,0,0,raw,373,0.004770244385068043,5.660175855757654e-16
noncanonical,0,0,recovered,373,0.011695075353807618,2.051205067252129e-16
noncanonical,0,0,raw,374,0.009500896421939761,3.491613129040295e-16
noncanonical,0,0,recovered,374,0.009150915532292612,2.9983755646561866e-16
noncanonical,0,0,raw,375,-0.0028836067111677696,0.003329702221859489
noncanonical,0,0,recovered,375,0.008703308341800893,5.11577276616827e-16
noncanonical,0,0,raw,376,0.009128779329719288,5.487337317999587e-16
noncanonical,0,0,recovered,376,0.01198160967355665,4.680874345072232e-16
noncanonical,0,0,raw,377,0.007565061523012229,8.177957099222801e-16
noncanonical,0,0,recovered,377,0.004539851145390892,5.736091452927881e-16
noncanonical,0,0,raw,378,0.005641211599592222,2.590273126040548e-16
noncanonical,0,0,recovered,378,0.008179902813233126,2.822341317941071e-16
noncanonical,0,0,raw,379,0.0005716546872123544,1.212085970500316e-15
noncanonical,0,0,recovered,379,0.011624972748504667,3.7127185914991247e-16
noncanonical,0,0,raw,380,0.008801647019324376,9.021156802915856e-16
noncanonical,0,0,recovered,380,0.013866188771619554,2.6565705629219045e-16
noncanonical,0,0,raw,381,-0.0012503158669289203,0.0014437404046868977
noncanonical,0,0,recovered,381,0.015885178235975628,4.871454406385887e-16
noncanonical,0,0,raw,382,-0.007462823829486833,0.008617326693738138
noncanonical,0,0,recovered,382,0.014188800411341521,6.88977919658755e-16
noncanonical,0,0,raw,383,0.007327844170067311,6.436456029053526e-16
noncanonical,0,0,recovered,383,0.009460738499413866,2.2235694041171354e-16
noncanonical,0,0,raw,384,0.002379983412914466,8.502562604539241e-16
noncanonical,0,0,recovered,384,0.013765761703893674,3.771822023076472e-16
noncanonical,0,0,raw,385,0.004435830478118546,4.043992424044615e-16
noncanonical,0,0,recovered,385,0.006235216395970294,5.683004380691062e-16
noncanonical,0,0,raw,386,-0.0009070368785249861,0.0010473559719626235
noncanonical,0,0,recovered,386,0.010319940487759487,2.608899536986048e-16
noncanonical,0,0,raw,387,0.0009477848213745328,5.326417691871566e-16
noncanonical,0,0,recovered,387,0.007266245771393589,3.79654844225852e-16
noncanonical,0,0,raw,388,0.006445653209753002,7.810729103411887e-16
noncanonical,0,0,recovered,388,0.006908162537793812,3.189870935283849e-16
noncanonical,0,0,raw,389,0.001858229728623571,3.4075065099719843e-16
noncanonical,0,0,recovered,389,0.01511529772443054,8.979609417562179e-16
noncanonical,0,0,raw,390,0.003246191308487709,8.208113643155848e-16
noncanonical,0,0,recovered,390,0.01503954943787759,3.396787238262301e-16
noncanonical,0,0,raw,391,0.009827396983073135,3.775290980036665e-16
noncanonical,0,0,recovered,391,0.009390350836196413,4.24983464880602e-16
noncanonical,0,0,raw,392,0.003268639525343057,5.082533485984743e-16
noncanonical,0,0,recovered,392,0.006615276201518306,3.8642157909689023e-16
noncanonical,0,0,raw,393,-6.170947157464243e-05,7.125596005022998e-05
noncanonical,0,0,recovered,393,0.01081008258327943,4.151696520293339e-16
noncanonical,0,0,raw,394,0.005495481546470879,1.4449013921932895e-15
noncanonical,0,0,recovered,394,0.013559472005424289,5.62493282248484e-16
noncanonical,0,0,raw,395,-0.0005068736389191673,0.0005852872637503257
noncanonical,0,0,recovered,395,0.008987162989421845,2.2057692848136862e-16
noncanonical,0,0,raw,396,0.004160748358017504,3.998041341289787e-16
noncanonical,0,0,recovered,396,0.012257913497877792,3.3263350923086353e-16
noncanonical,0,0,raw,397,0.011553591300255897,2.848891455477033e-16
noncanonical,0,0,recovered,397,0.006705067866109167,4.717857884238455e-16
noncanonical,0,0,raw,398,0.0034497237561580225,7.481468881481315e-16
noncanonical,0,0,recovered,398,0.018600208336516863,2.7472579144782916e-16
noncanonical,0,0,raw,399,0.006971611018169539,4.931086884681042e-16
noncanonical,0,0,recovered,399,0.010665863908782006,3.6094130867554234e-16
noncanonical,0,0,raw,400,0.005128701419986587,1.1419879197590979e-15
noncanonical,0,0,recovered,400,0.015750453576830307,4.4384053605590657e-16
noncanonical,0,0,raw,401,-0.0013105979502349213,0.0015133481587348908
noncanonical,0,0,recovered,401,0.008233697022290744,3.2841598770725624e-16
noncanonical,0,0,raw,402,0.007780557259033527,3.593558292788671e-16
noncanonical,0,0,recovered,402,0.015113606439700965,5.206313093134786e-16
noncanonical,0,0,raw,403,0.010544940054457212,5.657113852897045e-16
noncanonical,0,0,recovered,403,0.0007260449037303663,3.4859094517995045e-16
noncanonical,0,0,raw,404,0.0021041974716297556,3.7774026911752685e-16
noncanonical,0,0,recovered,404,0.012983638179013168,5.676473396237027e-16
noncanonical,0,0,raw,405,0.012763950300442911,3.121383219830448e-16
noncanonical,0,0,recovered,405,0.010403876727400896,3.593903705963637e-16
noncanonical,0,0,raw,406,0.0026238380438271557,1.907663504622578e-16
noncanonical,0,0,recovered,406,0.012020645822817044,2.4266992700656195e-16
noncanonical,0,0,raw,407,0.006303813134563597,5.4958882938215e-16
noncanonical,0,0,recovered,407,0.004130102062548872,7.593365012304732e-16
noncanonical,0,0,raw,408,0.006456455911951979,2.3447821582732137e-16
noncanonical,0,0,recovered,408,0.002474145039826546,1.9535193134359212e-16
noncanonical,0,0,raw,409,0.0031475843911094752,3.017303284644313e-16
noncanonical,0,0,recovered,409,0.012185014158248028,4.1536802627834687e-16
noncanonical,0,0,raw,410,0.002779517848145107,1.3326172693114043e-15
noncanonical,0,0,recovered,410,0.006670366443136964,4.805047033448618e-16
noncanonical,0,0,raw,411,0.010503868234874711,4.107854173273305e-16
noncanonical,0,0,recovered,411,-1.3140861252938856e-05,1.517375956346879e-05
noncanonical,0,0,raw,412,0.00033948430578350787,3.955359731561009e-16
noncanonical,0,0,recovered,412,0.014865214984680073,2.9532871130939486e-16
noncanonical,0,0,raw,413,-0.00487936237071552,0.005634202356412924
noncanonical,0,0,recovered,413,0.006273640254934886,5.403465230690722e-16
noncanonical,0,0,raw,414,0.0020698518426370055,4.91714265729935e-16
noncanonical,0,0,recovered,414,0.012302004741476079,1.8676319469243336e-16
noncanonical,0,0,raw,415,0.004742882430965558,3.1304429758165403e-16
noncanonical,0,0,recovered,415,0.01116314893413041,4.661990673331423e-16
noncanonical,0,0,raw,416,0.0032446449811380338,1.0785713835197783e-15
noncanonical,0,0,recovered,416,0.011036297252159868,2.911571995352141e-16
noncanonical,0,0,raw,417,0.006388076361519636,1.985491241667122e-16
noncanonical,0,0,recovered,417,0.013436202075482052,3.693908465190196e-16
noncanonical,0,0,raw,418,0.004374561806438734,5.726716053797561e-16
noncanonical,0,0,recovered,418,0.014271873502159136,3.695780427287891e-16
noncanonical,0,0,raw,419,0.004875451591847212,5.312214480087408e-16
noncanonical,0,0,recovered,419,0.004112115334137,1.6271992856869703e-16
noncanonical,0,0,raw,420,0.011240265624901014,3.074516740325895e-16
noncanonical,0,0,recovered,420,0.012384370151415873,6.318704960663732e-16
noncanonical,0,0,raw,421,-0.000472301940652567,0.000545367305149164
noncanonical,0,0,recovered,421,0.008780636799061806,5.618449056439569e-16
noncanonical,0,0,raw,422,0.0026223950393504084,4.3335385875073e-16
noncanonical,0,0,recovered,422,0.01176336995338633,4.650448347717668e-16
noncanonical,0,0,raw,423,-0.0029267180778096554,0.003379482940131004
noncanonical,0,0,recovered,423,0.009977468110121972,3.2739028100177035e-16
noncanonical,0,0,raw,424,0.004915605195958245,6.521162335285335e-16
noncanonical,0,0,recovered,424,0.013445332816260386,2.0811350368337293e-16
noncanonical,0,0,raw,425,0.0041452493480914655,7.222168775609403e-16
noncanonical,0,0,recovered,425,0.011517553757937376,3.5390484732689173e-16
noncanonical,0,0,raw,426,0.008165058912721783,4.161869022709794e-16
noncanonical,0,0,recovered,426,0.014142612031404865,3.582642685381858e-16
noncanonical,0,0,raw,427,-0.0077037427877011885,0.008895515944493781
noncanonical,0,0,recovered,427,0.009855883603860235,2.0384292617148777e-16
noncanonical,0,0,raw,428,0.0052746013566448155,3.032288836316467e-16
noncanonical,0,0,recovered,428,0.008933644728113732,4.20202970288497e-16
noncanonical,0,0,raw,429,0.002145330405329418,7.49965519228914e-16
noncanonical,0,0,recovered,429,0.012702649803783337,5.564705224916109e-16
noncanonical,0,0,raw,430,0.002470199404430665,3.8131376533950497e-16
noncanonical,0,0,recovered,430,0.011588413944120076,3.9496784260097506e-16
noncanonical,0,0,raw,431,0.009062064067280438,7.043500700963751e-16
noncanonical,0,0,recovered,431,0.012045828661514702,3.1610501431349393e-16
noncanonical,0,0,raw,432,0.008942413440204047,7.686758820198635e-16
noncanonical,0,0,recovered,432,0.015631069100376337,5.011392146217566e-16
noncanonical,0,0,raw,433,0.0013219602828955339,3.798316590527887e-16
noncanonical,0,0,recovered,433,0.007901603947217149,6.024713144330639e-16
noncanonical,0,0,raw,434,-0.00019642636444109835,0.00022681362877194242
noncanonical,0,0,recovered,434,0.006506800881388725,2.5807619386238373e-16
noncanonical,0,0,raw,435,0.0008678116697234573,2.50915772947133e-16
noncanonical,0,0,recovered,435,0.009590433149871985,2.82905724165431e-16
noncanonical,0,0,raw,436,0.004579330127175969,9.672621559240001e-16
noncanonical,0,0,recovered,436,0.007944529069824291,2.694913996709866e-16
noncanonical,0,0,raw,437,0.008248849564992453,3.214005379742662e-16
noncanonical,0,0,recovered,437,0.011349542853561078,4.1130280811670935e-16
noncanonical,0,0,raw,438,0.006634766927077226,7.117156283234483e-16
noncanonical,0,0,recovered,438,0.01588785165582531,2.6638668662725545e-16
noncanonical,0,0,raw,439,0.006312496782113781,3.7297008582812183e-16
noncanonical,0,0,recovered,439,0.01119701812377321,3.462566287255922e-16
noncanonical,0,0,raw,440,0.00023774237541101352,1.7085172537355914e-15
noncanonical,0,0,recovered,440,0.009477407409376807,1.0633012981693766e-15
noncanonical,0,0,raw,441,0.002977727130972573,3.11346017004235e-16
noncanonical,0,0,recovered,441,0.005886637139788736,3.237787131304173e-16
noncanonical,0,0,raw,442,0.0007761941915177571,2.682413461922923e-16
noncanonical,0,0,recovered,442,0.010153126780285453,2.4124372992912235e-16
noncanonical,0,0,raw,443,0.007026813291893762,2.354264568526371e-16
noncanonical,0,0,recovered,443,0.009052928009266586,2.8077947703752945e-16
noncanonical,0,0,raw,444,0.0034547030813686036,2.5002068824095244e-16
noncanonical,0,0,recovered,444,0.014265697990229635,4.504205413255114e-16
noncanonical,0,0,raw,445,0.004543521745495239,4.688064116736771e-16
noncanonical,0,0,recovered,445,0.00788553886853561,5.246040130630529e-16
noncanonical,0,0,raw,446,0.016440359039321624,5.862990036037749e-16
noncanonical,0,0,recovered,446,0.009620188478401844,3.8409829465223346e-16
noncanonical,0,0,raw,447,-0.0016577882144917701,0.001914248943792599
noncanonical,0,0,recovered,447,0.01263799469442696,3.8046049240513838e-16
noncanonical,0,0,raw,448,0.0028219405545497488,2.9978862541510234e-16
noncanonical,0,0,recovered,448,0.00252799666015862,6.051926014096327e-16
noncanonical,0,0,raw,449,-0.002999977329396432,0.003464075437379512
noncanonical,0,0,recovered,449,0.01046381469634981,8.415867654152709e-16
noncanonical,0,0,raw,450,-0.00182171960043242,0.0021035406033952835
noncanonical,0,0,recovered,450,0.010743585350511842,2.8064765383152726e-16
noncanonical,0,0,raw,451,0.011003014532604464,1.6069149095734647e-16
noncanonical,0,0,recovered,451,0.011554301748884879,3.813088329103699e-16
noncanonical,0,0,raw,452,0.007153138362823375,5.644949187137779e-16
noncanonical,0,0,recovered,452,0.0016434084482415397,3.9581709138919813e-16
noncanonical,0,0,raw,453,-0.00443132921732568,0.005116858232981642
noncanonical,0,0,recovered,453,0.006356267966912639,5.813087228217234e-16
noncanonical,0,0,raw,454,-0.0016079095753604178,0.00185665405233383
noncanonical,0,0,recovered,454,0.012388633994351172,1.4747317790729779e-16
noncanonical,0,0,raw,455,0.00849883318442786,6.778011606889648e-16
noncanonical,0,0,recovered,455,0.012597236691458836,1.789226623732894e-16
noncanonical,0,0,raw,456,-0.0014445563882395267,0.0016680300392194949
noncanonical,0,0,recovered,456,0.011639442130336717,3.725640503556574e-16
noncanonical,0,0,raw,457,-0.006719967718033025,0.007759550341903716
noncanonical,0,0,recovered,457,0.0069992519970938066,4.628157219971477e-16
noncanonical,0,0,raw,458,-0.0021089587282223576,0.002435215778898018
noncanonical,0,0,recovered,458,0.0037438525076520126,5.464069504640008e-16
noncanonical,0,0,raw,459,0.004898976495220705,4.727206578654512e-16
noncanonical,0,0,recovered,459,0.005948951405221451,4.0301065030018144e-16
noncanonical,0,0,raw,460,0.00032439040179797817,1.4187649738050687e-15
noncanonical,0,0,recovered,460,0.011682908414574707,4.633165177055546e-16
noncanonical,0,0,raw,461,0.006385936657554846,4.783985541389866e-16
noncanonical,0,0,recovered,461,0.020915053942516318,7.722976567992571e-16
noncanonical,0,0,raw,462,0.005203307589948987,7.233666893394642e-16
noncanonical,0,0,recovered,462,0.009892554152030057,5.997571424720644e-16
noncanonical,0,0,raw,463,0.011386353949597925,3.8722677886221785e-16
noncanonical,0,0,recovered,463,0.01992659982238951,1.8257217731779665e-16
noncanonical,0,0,raw,464,-9.650232487061804e-05,0.00011143128648275637
noncanonical,0,0,recovered,464,0.012208625569099626,4.520361193546137e-16
noncanonical,0,0,raw,465,0.005947652026837879,9.644056271924366e-16
noncanonical,0,0,recovered,465,0.014667723231448642,2.532673996701324e-16
noncanonical,0,0,raw,466,0.004375627476006708,9.242809212774549e-16
noncanonical,0,0,recovered,466,0.007879009378666644,3.313359814032172e-16
noncanonical,0,0,raw,467,-0.0010643993647245983,0.0012290625194979895
noncanonical,0,0,recovered,467,0.009159391989949629,4.571524028661038e-16
noncanonical,0,0,raw,468,0.009211556590868863,5.366983422333283e-16
noncanonical,0,0,recovered,468,0.011886415475414105,2.3714702592721277e-16
noncanonical,0,0,raw,469,0.005737274862849355,5.218528947868105e-16
noncanonical,0,0,recovered,469,0.000601026546356941,3.9124071984042226e-16
noncanonical,0,0,raw,470,-0.00749049774803545,0.008649281782385165
noncanonical,0,0,recovered,470,0.009754214635742862,3.577387459718378e-16
noncanonical,0,0,raw,471,0.007308669884819726,6.217483440600064e-16
noncanonical,0,0,recovered,471,0.010480376776332661,3.9712335012394313e-16
noncanonical,0,0,raw,472,0.008370904206785983,7.539491168144126e-16
noncanonical,0,0,recovered,472,0.007367674440559861,3.131321532260934e-16
noncanonical,0,0,raw,473,0.011755120931867157,2.8096429379288243e-16
noncanonical,0,0,recovered,473,0.01653905872747922,2.6527092819049853e-16
noncanonical,0,0,raw,474,0.006435917385690127,2.1216260291853437e-16
noncanonical,0,0,recovered,474,0.006148102965012282,3.427594011353474e-16
noncanonical,0,0,raw,475,-0.0025724104268385795,0.0029703637048029076
noncanonical,0,0,recovered,475,0.008088206960374936,4.254638095287537e-16
noncanonical,0,0,raw,476,0.007394050077372417,7.695606226533573e-16
noncanonical,0,0,recovered,476,0.009170251064338955,1.1697022756125643e-15
noncanonical,0,0,raw,477,-0.008386829502442067,0.009684276541764854
noncanonical,0,0,recovered,477,0.011439494149364349,4.042296551297733e-16
noncanonical,0,0,raw,478,0.00614336577362723,1.0213874210484276e-15
noncanonical,0,0,recovered,478,0.009728975947440545,7.882607621205646e-16
noncanonical,0,0,raw,479,0.00960888314789967,1.0287729387912212e-15
noncanonical,0,0,recovered,479,0.016305356574753054,2.7774948968175746e-16
noncanonical,0,0,raw,480,0.004037557336850703,4.366427695761665e-16
noncanonical,0,0,recovered,480,0.016818682740515373,5.369860617105427e-16
noncanonical,0,0,raw,481,0.011688972282484306,7.904328479887232e-16
noncanonical,0,0,recovered,481,0.011589213397899341,3.210199417250846e-16
noncanonical,0,0,raw,482,0.007104719780897971,3.167581212814761e-16
noncanonical,0,0,recovered,482,-0.0045340408510382325,0.00523545941172748
noncanonical,0,0,raw,483,0.008098671764127431,1.0792671452113416e-15
noncanonical,0,0,recovered,483,0.01293430138050016,1.0859441701369974e-16
noncanonical,0,0,raw,484,-0.0085779263142246,0.009904936133212618
noncanonical,0,0,recovered,484,0.007871721995650659,4.544996197893291e-16
noncanonical,0,0,raw,485,0.004021289375372261,2.3517982114540867e-16
noncanonical,0,0,recovered,485,0.015519246446407588,6.334450056120303e-16
noncanonical,0,0,raw,486,0.003332194546144685,9.034937149920981e-16
noncanonical,0,0,recovered,486,0.00972185726709651,2.9388911344266313e-16
noncanonical,0,0,raw,487,8.817976080325484e-05,4.040272085796958e-16
noncanonical,0,0,recovered,487,0.013957657384078627,2.4113280309254047e-16
noncanonical,0,0,raw,488,0.00592960963805265,9.536881686394408e-16
noncanonical,0,0,recovered,488,0.008875500513493952,4.702989592698134e-16
noncanonical,0,0,raw,489,0.003484510761538055,3.160941555725531e-16
noncanonical,0,0,recovered,489,0.0108384213933111,4.164926201969584e-16
noncanonical,0,0,raw,490,-0.0017149970984420807,0.0019803080728899346
noncanonical,0,0,recovered,490,0.013776994544128677,4.755385381163007e-16
noncanonical,0,0,raw,491,0.004066792854745425,2.0935020309101787e-16
noncanonical,0,0,recovered,491,0.01441903698282735,1.9155640291328364e-16
noncanonical,0,0,raw,492,-0.0018261283534881745,0.0021086313929221815
noncanonical,0,0,recovered,492,0.012271145747178034,3.7583395639128816e-16
noncanonical,0,0,raw,493,0.005645727360439752,2.7281043133759843e-16
noncanonical,0,0,recovered,493,0.010698337339304191,3.5895207767955235e-16
noncanonical,0,0,raw,494,0.002908426134237353,8.32461470499538e-16
noncanonical,0,0,recovered,494,0.00430763983892045,8.468287231300143e-16
noncanonical,0,0,raw,495,0.011527367310122239,1.3403813563210486e-15
noncanonical,0,0,recovered,495,0.005791582872421522,4.1107090356921786e-16
noncanonical,0,0,raw,496,-0.0023950858406645266,0.002765606909679792
noncanonical,0,0,recovered,496,0.005032093994240075,2.656945764256809e-16
noncanonical,0,0,raw,497,0.005573285701316114,7.764785585312635e-16
noncanonical,0,0,recovered,497,0.006653955562247894,3.4896841948238726e-16
noncanonical,0,0,raw,498,0.0137998083775935,9.765834538050845e-16
noncanonical,0,0,recovered,498,0.011353308545182331,6.930658567163744e-16
noncanonical,0,0,raw,499,0.00837910827484967,4.609386052652717e-16
noncanonical,0,0,recovered,499,0.00798151598063097,3.506630981698086e-16
noncanonical,1,0,raw,0,0.014722342058942737,2.6873538169014287e-16
noncanonical,1,0,recovered,0,0.008949162942827885,5.10444869924896e-16
noncanonical,1,0,raw,1,0.006366317910026437,5.903583474061635e-16
noncanonical,1,0,recovered,1,0.01581405389077655,3.9109888032891904e-16
noncanonical,1,0,raw,2,0.006786487562526517,5.478343870865932e-16
noncanonical,1,0,recovered,2,0.006751698257294149,4.490515674236015e-16
noncanonical,1,0,raw,3,0.004210770986535844,1.0346714873360998e-15
noncanonical,1,0,recovered,3,0.019000902855124364,3.396587901487239e-16
noncanonical,1,0,raw,4,0.017742045338783225,7.643306354005283e-16
noncanonical,1,0,recovered,4,0.016310640888199997,3.5654594663805546e-16
noncanonical,1,0,raw,5,0.0076826973983208004,5.545474405946094e-16
noncanonical,1,0,recovered,5,0.015693391165621788,3.6965996691039864e-16
noncanonical,1,0,raw,6,0.008075904180833721,2.0661514243092298e-16
noncanonical,1,0,recovered,6,0.024632844286317283,5.087093230648271e-16
noncanonical,1,0,raw,7,0.010021499790633824,2.6804144217314273e-16
noncanonical,1,0,recovered,7,0.012484982854246478,2.1168691335582049e-16
noncanonical,1,0,raw,8,0.0054224134344494634,3.0166798851722277e-16
noncanonical,1,0,recovered,8,0.025046460691955062,4.701212639451196e-16
noncanonical,1,0,raw,9,0.009696322241878934,3.9675187106166197e-16
noncanonical,1,0,recovered,9,0.013265340660097803,3.4874845555728564e-16
noncanonical,1,0,raw,10,0.007496518145144098,8.180157021768267e-16
noncanonical,1,0,recovered,10,0.012124855950857175,3.822851966693635e-16
noncanonical,1,0,raw,11,0.007730178384350952,5.260118102607949e-16
noncanonical,1,0,recovered,11,0.00927518513395914,4.064013218803883e-16
noncanonical,1,0,raw,12,0.009431581626930802,5.276711170904444e-16
noncanonical,1,0,recovered,12,0.008483938705837817,5.192610836613643e-16
noncanonical,1,0,raw,13,0.00680665185666801,4.194732107585404e-16
noncanonical,1,0,recovered,13,0.017023773569764915,6.732168809497392e-16
noncanonical,1,0,raw,14,0.01337568977194483,2.1449366502885677e-16
noncanonical,1,0,recovered,14,0.011674937920831375,5.304812327701306e-16
noncanonical,1,0,raw,15,-0.0015705738742440134,0.0018135424981537598
noncanonical,1,0,recovered,15,0.019713419347346498,5.874299821146992e-16
noncanonical,1,0,raw,16,0.015264597533901988,4.256687639237599e-16
noncanonical,1,0,recovered,16,0.0116576292854465,5.476426127723848e-16
noncanonical,1,0,raw,17,0.016608768831021307,3.4312297567817494e-16
noncanonical,1,0,recovered,17,0.012938422509516132,6.390413793185193e-16
noncanonical,1,0,raw,18,0.007897564241995262,5.917530563578238e-16
noncanonical,1,0,recovered,18,0.006019353040745065,4.664309824002294e-16
noncanonical,1,0,raw,19,0.010626583815950275,9.45114102018331e-16
noncanonical,1,0,recovered,19,0.009817904973328651,1.3867077178224534e-16
noncanonical,1,0,raw,20,0.012934605319145571,9.125824425807944e-16
noncanonical,1,0,recovered,20,0.013045428577260945,9.86888439190419e-17
noncanonical,1,0,raw,21,0.009682217584531685,1.072952939173569e-15
noncanonical,1,0,recovered,21,0.02066699519041256,2.779796265985084e-16
noncanonical,1,0,raw,22,0.0026033694634189455,3.3891667404452467e-16
noncanonical,1,0,recovered,22,0.013058475852143628,1.1877175449253516e-15
noncanonical,1,0,raw,23,0.012512330513681325,5.113555383104352e-16
noncanonical,1,0,recovered,23,0.011139349445949203,2.6890522079966883e-16
noncanonical,1,0,raw,24,0.013863363810050681,6.021030644054865e-16
noncanonical,1,0,recovered,24,0.01560006712604918,1.9936871334304346e-16
noncanonical,1,0,raw,25,0.009111885270917316,2.6636409245635036e-16
noncanonical,1,0,recovered,25,0.017774524026823092,1.6711519627605375e-16
noncanonical,1,0,raw,26,0.007808167644568112,7.83247340092478e-16
noncanonical,1,0,recovered,26,0.010775974218852563,2.0205247071664885e-16
noncanonical,1,0,raw,27,0.01812244732675469,1.6347180275129232e-16
noncanonical,1,0,recovered,27,0.01675232447101492,1.250990786155654e-16
noncanonical,1,0,raw,28,0.0023392065032119065,6.105056077713855e-16
noncanonical,1,0,recovered,28,0.009832148042337657,3.935514699580632e-16
noncanonical,1,0,raw,29,0.009975361768612908,6.977190662184838e-16
noncanonical,1,0,recovered,29,0.014928668068289998,4.2314631529769925e-16
noncanonical,1,0,raw,30,0.010824256700317265,5.356522311977482e-16
noncanonical,1,0,recovered,30,0.011907154588507891,4.2000374503534894e-16
noncanonical,1,0,raw,31,0.017308787398957068,4.471685101569707e-16
noncanonical,1,0,recovered,31,0.019343694623507542,3.412801941467347e-16
noncanonical,1,0,raw,32,0.013124601312900388,1.0954859443294616e-15
noncanonical,1,0,recovered,32,0.011251186557060967,5.792275196122002e-16
noncanonical,1,0,raw,33,0.008222624017443158,4.39334881349058e-16
noncanonical,1,0,recovered,33,0.012068706113012515,4.126879668218653e-16
noncanonical,1,0,raw,34,0.006968599409501901,4.552967574926579e-16
noncanonical,1,0,recovered,34,0.006448807595169892,2.65923122420979e-16
noncanonical,1,0,raw,35,0.0050603654869684446,2.883870171776279e-16
noncanonical,1,0,recovered,35,0.012584861258017662,3.409007497546905e-16
noncanonical,1,0,raw,36,0.01385600015234899,4.861645717686562e-16
noncanonical,1,0,recovered,36,0.019324246250812114,6.192771476486426e-16
noncanonical,1,0,raw,37,0.013485019800311042,5.564077381002834e-16
noncanonical,1,0,recovered,37,0.021227535852824324,2.8198479034456273e-16
noncanonical,1,0,raw,38,0.012945972932437143,7.904088152356004e-16
noncanonical,1,0,recovered,38,0.014479155719157762,1.0550663194151762e-16
noncanonical,1,0,raw,39,0.007939425696136957,2.695662394713916e-16
noncanonical,1,0,recovered,39,0.014529148741722333,2.8311954659459243e-16
noncanonical,1,0,raw,40,0.011012818622158761,6.757566260206613e-16
noncanonical,1,0,recovered,40,0.009418039715778995,1.439993946959465e-15
noncanonical,1,0,raw,41,0.008927402078875558,9.24132516512536e-16
noncanonical,1,0,recovered,41,0.014602181217293751,4.951564497379686e-16
noncanonical,1,0,raw,42,0.01080506463261783,4.213668854714721e-16
noncanonical,1,0,recovered,42,0.018942047699860628,3.470693560492236e-16
noncanonical,1,0,raw,43,0.00350642352894031,6.484473882764762e-16
noncanonical,1,0,recovered,43,0.022339627087448348,4.192440312131258e-16
noncanonical,1,0,raw,44,0.015663633593215966,4.869790099728112e-16
noncanonical,1,0,recovered,44,0.016917808911501984,5.092943430188237e-16
noncanonical,1,0,raw,45,0.007337020607650017,4.858836280380497e-16
noncanonical,1,0,recovered,45,0.015475660140664902,7.454057650170736e-16
noncanonical,1,0,raw,46,0.003069611448676503,4.2199131939069206e-16
noncanonical,1,0,recovered,46,0.009095141295483652,6.680003191762719e-16
noncanonical,1,0,raw,47,0.008451720694908675,4.504806664304835e-16
noncanonical,1,0,recovered,47,0.02075624111018557,2.2217352826357444e-16
noncanonical,1,0,raw,48,0.009774949090799092,2.5932810539078055e-16
noncanonical,1,0,recovered,48,0.012201385927917759,5.466251028584997e-16
noncanonical,1,0,raw,49,0.011499078100700255,6.77464488769775e-16
noncanonical,1,0,recovered,49,0.009011177696918773,2.4161279389490116e-16
noncanonical,1,0,raw,50,0.006575755533743752,5.812660134114539e-16
noncanonical,1,0,recovered,50,0.020387601771125658,2.877824685254016e-16
noncanonical,1,0,raw,51,0.01188011229640462,4.2475847610224813e-16
noncanonical,1,0,recovered,51,0.007119765205582765,5.214938065191953e-16
noncanonical,1,0,raw,52,0.000586982022197659,7.282244356776979e-16
noncanonical,1,0,recovered,52,0.014640258433081818,4.941181192119825e-16
noncanonical,1,0,raw,53,0.008872862672698576,4.828798403537575e-16
noncanonical,1,0,recovered,53,0.018023426247276722,5.953353240589378e-16
noncanonical,1,0,raw,54,0.01165574776100257,3.6114551405185736e-16
noncanonical,1,0,recovered,54,0.01134035465903833,3.2989177551554737e-16
noncanonical,1,0,raw,55,0.008577577128951294,9.605975447135044e-16
noncanonical,1,0,recovered,55,0.013911411466584107,6.405130962215628e-16
noncanonical,1,0,raw,56,0.0054962752312160985,3.859204192730613e-16
noncanonical,1,0,recovered,56,0.01510214608926326,2.790910768697403e-16
noncanonical,1,0,raw,57,0.011150924763107042,6.023564214814605e-16
noncanonical,1,0,recovered,57,0.012163489235998047,2.964664751499213e-16
noncanonical,1,0,raw,58,0.011519417565517975,5.746826271600432e-16
noncanonical,1,0,recovered,58,0.015621882877421786,2.648650653768332e-16
noncanonical,1,0,raw,59,0.0055378019574303375,7.111456521257241e-16
noncanonical,1,0,recovered,59,0.017902125951544643,4.616976389536793e-16
noncanonical,1,0,raw,60,0.009304110901985354,2.4059557745517447e-16
noncanonical,1,0,recovered,60,0.013248774082951184,2.6754138014401973e-16
noncanonical,1,0,raw,61,0.01569802760983994,6.087878516411014e-16
noncanonical,1,0,recovered,61,0.012751172247447606,4.1120448192274614e-16
noncanonical,1,0,raw,62,0.007118352374549169,2.9295263078050364e-16
noncanonical,1,0,recovered,62,0.013242066829780054,3.0866868354587606e-16
noncanonical,1,0,raw,63,0.010002070073337298,6.12213628894158e-16
noncanonical,1,0,recovered,63,0.01692644831032538,5.963797913499075e-16
noncanonical,1,0,raw,64,0.01197850619661826,6.368101124214881e-16
noncanonical,1,0,recovered,64,0.023182275851868443,4.3335852431296943e-16
noncanonical,1,0,raw,65,0.006358289079292588,3.6875014929463425e-16
noncanonical,1,0,recovered,65,0.012648985624934307,4.241607308784503e-16
noncanonical,1,0,raw,66,0.006633385284710014,6.983153538654806e-16
noncanonical,1,0,recovered,66,0.011328055330410118,1.5155765850776361e-16
noncanonical,1,0,raw,67,0.007510129178247044,4.946099415060671e-16
noncanonical,1,0,recovered,67,0.007289748482110701,7.684827445985833e-16
noncanonical,1,0,raw,68,0.011086991585037226,9.014140061201784e-16
noncanonical,1,0,recovered,68,0.019084133428029525,6.481348616992976e-16
noncanonical,1,0,raw,69,0.01597600694269378,3.6814984798409682e-16
noncanonical,1,0,recovered,69,0.013096777101447646,2.924829435072646e-16
noncanonical,1,0,raw,70,0.0058334324983653945,2.4869622185080634e-16
noncanonical,1,0,recovered,70,0.01531725474426667,2.4729850629254624e-16
noncanonical,1,0,raw,71,0.012495473935795894,6.416381371607474e-16
noncanonical,1,0,recovered,71,0.011668640069671483,4.242507345101132e-16
noncanonical,1,0,raw,72,0.014324240114592322,5.620330051715101e-16
noncanonical,1,0,recovered,72,0.01092414910357807,9.570589057739268e-16
noncanonical,1,0,raw,73,0.006698210588981091,4.60599709033592e-16
noncanonical,1,0,recovered,73,0.013830492135479946,5.151471589517907e-16
noncanonical,1,0,raw,74,0.0027619904449392436,3.9472535852047767e-16
noncanonical,1,0,recovered,74,0.010118518741221084,5.312079054133599e-16
noncanonical,1,0,raw,75,0.009821125558753415,9.438649402821622e-16
noncanonical,1,0,recovered,75,0.008929731083772879,3.4968611162916114e-16
noncanonical,1,0,raw,76,0.009445387182429881,4.742509999470122e-16
noncanonical,1,0,recovered,76,0.022120725817181282,3.1507325529752384e-16
noncanonical,1,0,raw,77,0.001479283461268355,6.807018779564637e-16
noncanonical,1,0,recovered,77,0.018045050386429656,6.3598142402994955e-16
noncanonical,1,0,raw,78,0.0073680681462915,5.317613658271432e-16
noncanonical,1,0,recovered,78,0.01893970499826061,2.9650727235863677e-16
noncanonical,1,0,raw,79,0.016420525564936363,2.9923351431000495e-16
noncanonical,1,0,recovered,79,0.01489979367105274,3.687016918547433e-16
noncanonical,1,0,raw,80,0.005316682394689929,6.077830437092504e-16
noncanonical,1,0,recovered,80,0.015785080747362422,5.104068248948997e-16
noncanonical,1,0,raw,81,0.016554426949214232,4.937217182335015e-16
noncanonical,1,0,recovered,81,0.01410251892684952,2.292511075363002e-16
noncanonical,1,0,raw,82,0.013214569076047495,6.564332652473521e-16
noncanonical,1,0,recovered,82,0.023392930749266162,2.652262569523162e-16
noncanonical,1,0,raw,83,0.01491887824817835,5.328005550201638e-16
noncanonical,1,0,recovered,83,0.01299037768978627,2.580601603468945e-16
noncanonical,1,0,raw,84,0.014317467677489981,1.5307429618326873e-16
noncanonical,1,0,recovered,84,0.00977839415284492,5.275902007257467e-16
noncanonical,1,0,raw,85,0.00033890243874047107,6.304104443037929e-16
noncanonical,1,0,recovered,85,0.01960409354459343,3.305956973078106e-16
noncanonical,1,0,raw,86,0.014425807825757635,3.264145091755878e-16
noncanonical,1,0,recovered,86,0.007100096266264078,3.342191379045949e-16
noncanonical,1,0,raw,87,0.010179874886600652,5.641313842585464e-16
noncanonical,1,0,recovered,87,0.012156625118980392,3.978704676138296e-16
noncanonical,1,0,raw,88,0.0062070745728159986,5.883217068990921e-16
noncanonical,1,0,recovered,88,0.008088608307170515,8.612391059564983e-16
noncanonical,1,0,raw,89,0.012538144063946466,5.224273366454761e-16
noncanonical,1,0,recovered,89,0.017841802925096528,4.3334941014460485e-16
noncanonical,1,0,raw,90,0.006106133358614319,5.2633422767597e-16
noncanonical,1,0,recovered,90,0.018408904988906252,5.265993055463698e-16
noncanonical,1,0,raw,91,0.011591283533235025,2.645332436222095e-16
noncanonical,1,0,recovered,91,0.014339227208662979,4.03721252029645e-16
noncanonical,1,0,raw,92,0.015126931027349601,2.3104162591591327e-16
noncanonical,1,0,recovered,92,0.009825970913013229,1.1595429454855646e-16
noncanonical,1,0,raw,93,0.013922617105459254,1.2483194764529881e-15
noncanonical,1,0,recovered,93,0.011868460946442491,2.648856573026364e-16
noncanonical,1,0,raw,94,0.008378749751039827,1.7127704194729992e-16
noncanonical,1,0,recovered,94,0.016934696903017132,8.650290845207352e-16
noncanonical,1,0,raw,95,0.008918889033090861,4.757575988592323e-16
noncanonical,1,0,recovered,95,0.019689025906027224,3.2774569107072795e-16
noncanonical,1,0,raw,96,0.0019100692714083714,5.347666726177155e-16
noncanonical,1,0,recovered,96,0.024039702040324237,3.5615379617122655e-16
noncanonical,1,0,raw,97,0.002861407885792266,2.6664091546686974e-16
noncanonical,1,0,recovered,97,0.014206649380543649,6.997525991217753e-16
noncanonical,1,0,raw,98,0.012517054366543856,3.6260285422330327e-16
noncanonical,1,0,recovered,98,0.007463123067920913,1.448688856205394e-16
noncanonical,1,0,raw,99,0.009611458751561207,6.31383345517303e-16
noncanonical,1,0,recovered,99,0.018275645917245842,3.5447409290888467e-16
noncanonical,1,0,raw,100,0.010377684083672394,8.361673064577847e-16
noncanonical,1,0,recovered,100,0.02308679666070268,4.726480854134069e-16
noncanonical,1,0,raw,101,0.009180513594369688,2.764837137878214e-16
noncanonical,1,0,recovered,101,0.01313307661133811,2.653595393368807e-16
noncanonical,1,0,raw,102,0.013595214512102513,5.541864591935316e-16
noncanonical,1,0,recovered,102,0.012949793890835337,1.8356128739514306e-16
noncanonical,1,0,raw,103,0.007332705091151172,3.797340991469137e-16
noncanonical,1,0,recovered,103,0.019143743640630265,2.8930707423476054e-16
noncanonical,1,0,raw,104,0.011391844786673511,6.476753039828775e-16
noncanonical,1,0,recovered,104,0.01343876209048081,5.214467389808756e-16
noncanonical,1,0,raw,105,0.01736191757708962,1.946992861390546e-16
noncanonical,1,0,recovered,105,0.008769503289945715,3.2886395182009026e-16
noncanonical,1,0,raw,106,0.012347452927459373,1.0005114459385422e-15
noncanonical,1,0,recovered,106,0.017174113695953182,4.480177364598064e-16
noncanonical,1,0,raw,107,0.0069854987282580066,4.2610155081717256e-16
noncanonical,1,0,recovered,107,0.0184198885711978,3.9676509231283277e-16
noncanonical,1,0,raw,108,0.0013837419458512274,8.92974078823637e-16
noncanonical,1,0,recovered,108,0.018850119893919645,4.4252792472083006e-16
noncanonical,1,0,raw,109,0.00933741117496577,3.6044281249125995e-16
noncanonical,1,0,recovered,109,0.01007671842064275,3.104476564396817e-16
noncanonical,1,0,raw,110,0.006513367995443914,3.832090147608595e-16
noncanonical,1,0,recovered,110,0.01871824354436666,6.757424313619965e-16
noncanonical,1,0,raw,111,0.016926903652810358,5.514817983623503e-16
noncanonical,1,0,recovered,111,0.01210639697590383,3.2237690076899033e-16
noncanonical,1,0,raw,112,0.008507778987115227,4.560809554767969e-16
noncanonical,1,0,recovered,112,0.012201397961960727,3.4956184592130386e-16
noncanonical,1,0,raw,113,0.011173914674037541,4.4161278048327205e-16
noncanonical,1,0,recovered,113,0.011472758589153479,2.9842538257904617e-16
noncanonical,1,0,raw,114,0.003020948264853393,3.0595870264890823e-16
noncanonical,1,0,recovered,114,0.013049234539359513,3.464152004871516e-16
noncanonical,1,0,raw,115,0.00643299676149345,6.224373605926364e-16
noncanonical,1,0,recovered,115,0.016494681473804645,2.0383185386942702e-16
noncanonical,1,0,raw,116,0.005805096859134207,6.274257644520897e-16
noncanonical,1,0,recovered,116,0.015804608998315584,2.862819360879956e-16
noncanonical,1,0,raw,117,0.015704353189022795,4.951063086204121e-16
noncanonical,1,0,recovered,117,0.019736147442952042,5.307729868157611e-16
noncanonical,1,0,raw,118,0.0017158415967844544,1.0974798454139497e-15
noncanonical,1,0,recovered,118,0.005254916788736274,3.1698007358789876e-16
noncanonical,1,0,raw,119,0.012540661300867144,6.192750216926991e-16
noncanonical,1,0,recovered,119,0.013759249321641137,2.360793903682974e-16
noncanonical,1,0,raw,120,0.0035501482655744213,8.68873965951484e-16
noncanonical,1,0,recovered,120,0.011184449694768006,6.648337623063443e-16
noncanonical,1,0,raw,121,0.007906841585296446,6.293440138370298e-16
noncanonical,1,0,recovered,121,0.014854241530006912,2.9842853375374716e-16
noncanonical,1,0,raw,122,0.008635784735508124,6.182689292501297e-16
noncanonical,1,0,recovered,122,0.013205578511815653,2.4211358501644933e-16
noncanonical,1,0,raw,123,0.015016953038315203,2.777975634344682e-16
noncanonical,1,0,recovered,123,0.014066404007537428,2.6429922613589444e-16
noncanonical,1,0,raw,124,0.013903351142930686,5.960703350645367e-16
noncanonical,1,0,recovered,124,0.02003259994977139,6.178673272652169e-16
noncanonical,1,0,raw,125,0.0025844105198022365,2.152210951446955e-16
noncanonical,1,0,recovered,125,0.01578924171054372,3.190798336205329e-16
noncanonical,1,0,raw,126,0.01720755304841837,3.0503337844182156e-16
noncanonical,1,0,recovered,126,0.014022210921282066,2.805643739781515e-16
noncanonical,1,0,raw,127,0.0009428804365678946,3.196913464516755e-16
noncanonical,1,0,recovered,127,0.005298362036905154,5.642599770745124e-16
noncanonical,1,0,raw,128,0.012214659150044844,3.3765279553831687e-16
noncanonical,1,0,recovered,128,0.01590781601461462,9.303555456998285e-16
noncanonical,1,0,raw,129,0.007784822191038808,3.5633475096820656e-16
noncanonical,1,0,recovered,129,0.008140036825335805,3.389797928192365e-16
noncanonical,1,0,raw,130,0.01518926679791601,3.422257322783359e-16
noncanonical,1,0,recovered,130,0.01326174060355812,3.1631958387364054e-16
noncanonical,1,0,raw,131,0.013100257047176801,3.119917171498675e-16
noncanonical,1,0,recovered,131,0.012683314887811277,6.792209649311235e-16
noncanonical,1,0,raw,132,0.012715091456476063,6.107089008088899e-16
noncanonical,1,0,recovered,132,0.008862318777599531,5.032880965599294e-16
noncanonical,1,0,raw,133,0.0057320940402936955,2.398510067732604e-16
noncanonical,1,0,recovered,133,0.016886418287711123,2.584216290697481e-16
noncanonical,1,0,raw,134,0.013271157203795285,4.1074317827025785e-16
noncanonical,1,0,recovered,134,0.009689831570194,2.0283658061841884e-16
noncanonical,1,0,raw,135,0.01392163520836738,2.9020023582835234e-16
noncanonical,1,0,recovered,135,0.01933974837607411,4.567448180290215e-16
noncanonical,1,0,raw,136,0.009960932058097938,4.893304094387361e-16
noncanonical,1,0,recovered,136,0.006526100226851964,4.608572965475839e-16
noncanonical,1,0,raw,137,0.0015997736277384737,5.290662261796499e-16
noncanonical,1,0,recovered,137,0.00500917562900873,5.212508491075967e-16
noncanonical,1,0,raw,138,0.006318203252369604,6.123675225369791e-16
noncanonical,1,0,recovered,138,0.00894997946953726,3.9998497283216476e-16
noncanonical,1,0,raw,139,0.010334696541376772,5.472141829836029e-16
noncanonical,1,0,recovered,139,0.012668350789687354,1.7805042591103315e-16
noncanonical,1,0,raw,140,0.00017823236576794508,6.130699198635697e-16
noncanonical,1,0,recovered,140,0.014043563263226113,1.70917586483507e-16
noncanonical,1,0,raw,141,0.008944558904557226,5.518419076289421e-16
noncanonical,1,0,recovered,141,0.017421324759480994,8.019032512486108e-16
noncanonical,1,0,raw,142,0.00824066092889608,1.708064091067092e-16
noncanonical,1,0,recovered,142,0.015425402300331391,1.8335317318533894e-16
noncanonical,1,0,raw,143,0.011559392205384274,2.8527170225097213e-16
noncanonical,1,0,recovered,143,0.016386390756612943,3.502922823974216e-16
noncanonical,1,0,raw,144,0.00673002695587808,7.206267656559207e-16
noncanonical,1,0,recovered,144,0.009637650049192502,6.872795798000482e-16
noncanonical,1,0,raw,145,0.013494485690118413,5.741698862100704e-16
noncanonical,1,0,recovered,145,0.01984899378695079,2.1113444780215106e-16
noncanonical,1,0,raw,146,0.015312112734831115,3.1358215827540143e-16
noncanonical,1,0,recovered,146,0.01235593227447505,1.4187662663167856e-16
noncanonical,1,0,raw,147,0.010220918504651991,5.741266457403857e-16
noncanonical,1,0,recovered,147,0.010645521447582473,2.721664488015101e-16
noncanonical,1,0,raw,148,0.005342880275697793,3.705264453874749e-16
noncanonical,1,0,recovered,148,0.011421562489580955,5.953943984068994e-16
noncanonical,1,0,raw,149,0.004515087042197408,1.4350708995800247e-16
noncanonical,1,0,recovered,149,0.015015691453784761,4.893719185713925e-16
noncanonical,1,0,raw,150,0.016764464708800896,4.3860554338404225e-16
noncanonical,1,0,recovered,150,0.01768388311849154,8.10925070272071e-16
noncanonical,1,0,raw,151,0.006910470343569099,4.1634266915450365e-16
noncanonical,1,0,recovered,151,0.007066563866726515,1.986580300402648e-16
noncanonical,1,0,raw,152,0.00899598187464862,5.919106809073378e-16
noncanonical,1,0,recovered,152,0.01291340861391543,2.5353682406992106e-16
noncanonical,1,0,raw,153,0.006039356483265376,2.224043025843364e-16
noncanonical,1,0,recovered,153,0.00892395250054508,2.7082059472131326e-16
noncanonical,1,0,raw,154,0.007933100877277954,1.6019797959759723e-16
noncanonical,1,0,recovered,154,0.01897611363109911,3.5643660485236443e-16
noncanonical,1,0,raw,155,-4.7958561540129495e-06,5.537777682854008e-06
noncanonical,1,0,recovered,155,0.01021677286894624,4.533491007251234e-16
noncanonical,1,0,raw,156,0.003755382969969654,4.111872152458003e-16
noncanonical,1,0,recovered,156,0.01066287855822937,6.100300689553318e-16
noncanonical,1,0,raw,157,0.0011685548593634157,1.8506540304864702e-16
noncanonical,1,0,recovered,157,0.011073487654456897,4.008468894407819e-16
noncanonical,1,0,raw,158,-0.0003791849127896927,0.000437845022943415
noncanonical,1,0,recovered,158,0.01827850646473441,2.942920159658435e-16
noncanonical,1,0,raw,159,0.009427014816622345,3.537816979583604e-16
noncanonical,1,0,recovered,159,0.014942460783292949,3.5812088938628872e-16
noncanonical,1,0,raw,160,0.009026110079546325,4.3720710380002087e-16
noncanonical,1,0,recovered,160,0.017830737800806226,3.850128774135821e-16
noncanonical,1,0,raw,161,0.001203717467988668,3.194706522890429e-16
noncanonical,1,0,recovered,161,0.020195844229622707,6.983336682427285e-16
noncanonical,1,0,raw,162,0.0007631156037081481,3.2726099752515415e-16
noncanonical,1,0,recovered,162,0.021522747764946552,3.942271215279394e-16
noncanonical,1,0,raw,163,0.009152265327853622,3.6273768899974333e-16
noncanonical,1,0,recovered,163,0.009832296191505689,2.891958854330404e-16
noncanonical,1,0,raw,164,0.012071441430202803,2.439430794591793e-16
noncanonical,1,0,recovered,164,0.014159029365626283,4.457379693212451e-16
noncanonical,1,0,raw,165,0.010543609592861476,8.584971045557102e-16
noncanonical,1,0,recovered,165,0.014751801920567045,7.044611437494264e-16
noncanonical,1,0,raw,166,-0.0041520762549200774,0.004794404686948
noncanonical,1,0,recovered,166,0.0175170727878298,1.6247354694980293e-16
noncanonical,1,0,raw,167,0.01757905755638352,4.198210295008601e-16
noncanonical,1,0,recovered,167,0.01655283404310217,4.85827884353844e-16
noncanonical,1,0,raw,168,-0.0003989224880545464,0.0004606360117281483
noncanonical,1,0,recovered,168,0.016758458264809244,3.56641807441964e-16
noncanonical,1,0,raw,169,0.013772339563802466,4.381099861623187e-16
noncanonical,1,0,recovered,169,0.011155958252304194,5.627409935264533e-16
noncanonical,1,0,raw,170,0.008716171608135877,4.557921974036456e-16
noncanonical,1,0,recovered,170,0.021584110904119717,3.9987833727454144e-16
noncanonical,1,0,raw,171,0.008244256765656283,3.0509018570672763e-16
noncanonical,1,0,recovered,171,0.015382668158792297,4.309579121053366e-16
noncanonical,1,0,raw,172,0.009476397068750694,2.727414813103797e-16
noncanonical,1,0,recovered,172,0.017714649737722334,4.611265685124219e-16
noncanonical,1,0,raw,173,0.017492313261678254,9.232494300003373e-16
noncanonical,1,0,recovered,173,0.004213501612023892,2.949715826427885e-16
noncanonical,1,0,raw,174,0.010257509812389267,2.2812623684958375e-16
noncanonical,1,0,recovered,174,0.021116970636123368,4.483127606835763e-16
noncanonical,1,0,raw,175,0.007345667225135641,4.1357423024210936e-16
noncanonical,1,0,recovered,175,0.015953163651237133,4.287277034438361e-16
noncanonical,1,0,raw,176,0.009698473048943163,8.121434191154235e-16
noncanonical,1,0,recovered,176,0.0019208679309837568,1.0671101795092116e-15
noncanonical,1,0,raw,177,0.009776735795708568,3.595685523676177e-16
noncanonical,1,0,recovered,177,0.014481872653791167,3.0088077342293485e-16
noncanonical,1,0,raw,178,0.012232766861993392,7.340043262691778e-16
noncanonical,1,0,recovered,178,0.021473056450837146,6.758223072259468e-16
noncanonical,1,0,raw,179,0.009774354194261526,4.3419620935950936e-16
noncanonical,1,0,recovered,179,0.019062420546552696,4.420618675920874e-16
noncanonical,1,0,raw,180,0.012744136673536174,3.584670804169108e-16
noncanonical,1,0,recovered,180,0.011804423611217077,2.321776867333399e-16
noncanonical,1,0,raw,181,0.00903941566098115,7.179743635237933e-16
noncanonical,1,0,recovered,181,0.01569748176176562,4.538341306839735e-16
noncanonical,1,0,raw,182,0.01416468639681761,7.713273032740585e-16
noncanonical,1,0,recovered,182,0.022422819608724484,2.246115240728562e-16
noncanonical,1,0,raw,183,0.008987972304885577,7.912602830737781e-16
noncanonical,1,0,recovered,183,0.01093305280047718,2.591481796461062e-16
noncanonical,1,0,raw,184,0.01088777860821507,7.029783619728805e-16
noncanonical,1,0,recovered,184,0.018289106220015804,6.874114015778714e-16
noncanonical,1,0,raw,185,0.007676499166854091,9.250143533152627e-16
noncanonical,1,0,recovered,185,0.01407698792786167,3.259486094171768e-16
noncanonical,1,0,raw,186,0.008088347465895814,7.880257059763432e-16
noncanonical,1,0,recovered,186,0.014128709991605573,2.04318467538699e-16
noncanonical,1,0,raw,187,0.005324057449683391,2.917251001377496e-16
noncanonical,1,0,recovered,187,0.008285080950740575,4.0793305209515875e-16
noncanonical,1,0,raw,188,0.006491858035275345,4.9514363004901975e-16
noncanonical,1,0,recovered,188,0.019670345959515036,3.731898234733327e-16
noncanonical,1,0,raw,189,0.01091159184365508,4.580425570306174e-16
noncanonical,1,0,recovered,189,0.013201779381478403,5.568367784930336e-16
noncanonical,1,0,raw,190,0.005309067661604649,8.466636881201171e-16
noncanonical,1,0,recovered,190,0.02012359855761425,3.2783577420960993e-16
noncanonical,1,0,raw,191,0.007863749317847338,4.807310925332682e-16
noncanonical,1,0,recovered,191,0.01691428394242609,3.7168702306414764e-16
noncanonical,1,0,raw,192,0.008012862797278461,1.0340654483404249e-15
noncanonical,1,0,recovered,192,0.012818403324470125,5.587819382314229e-16
noncanonical,1,0,raw,193,0.014485298128050625,7.35695847802974e-16
noncanonical,1,0,recovered,193,0.01597555490511552,4.219837425207618e-16
noncanonical,1,0,raw,194,0.0007154667969030446,3.7648695246425783e-16
noncanonical,1,0,recovered,194,0.00611951735110934,1.0298619513823817e-16
noncanonical,1,0,raw,195,-0.003545379672080906,0.004093851816110662
noncanonical,1,0,recovered,195,0.01714024938437587,1.9470677247863644e-16
noncanonical,1,0,raw,196,0.011436460540411657,7.795227539301609e-16
noncanonical,1,0,recovered,196,-0.0005441121587839974,0.0006282866026864408
noncanonical,1,0,raw,197,0.004831812754183997,4.134648323491835e-16
noncanonical,1,0,recovered,197,0.019642118263436502,4.2357024577392945e-16
noncanonical,1,0,raw,198,0.006540446691909241,4.784048443874174e-16
noncanonical,1,0,recovered,198,0.01191692455687294,2.895626139738774e-16
noncanonical,1,0,raw,199,0.00849197969784047,7.009205964198037e-16
noncanonical,1,0,recovered,199,0.02077571666118153,6.11398841694231e-16
noncanonical,1,0,raw,200,0.011887099051450094,3.6813145597163e-16
noncanonical,1,0,recovered,200,0.012131004087568474,9.558359803457398e-17
noncanonical,1,0,raw,201,0.009817360576505228,6.572587738414719e-16
noncanonical,1,0,recovered,201,0.016168128143693887,1.8781135749708646e-16
noncanonical,1,0,raw,202,0.006921147217518752,4.589306772677068e-16
noncanonical,1,0,recovered,202,0.01730873345488302,1.7587670858977926e-16
noncanonical,1,0,raw,203,0.0015957099220905054,2.2218347490271275e-16
noncanonical,1,0,recovered,203,0.014188560670775448,2.676313478237864e-16
noncanonical,1,0,raw,204,0.009421362600400676,7.654053302604192e-16
noncanonical,1,0,recovered,204,0.013219653616563652,1.9991888416140758e-16
noncanonical,1,0,raw,205,0.004887923796815099,7.165019598213522e-16
noncanonical,1,0,recovered,205,0.016624317097746807,1.4914587107148684e-16
noncanonical,1,0,raw,206,0.005777264867528274,8.137730011982727e-16
noncanonical,1,0,recovered,206,0.018139866996792358,3.0240481205578455e-16
noncanonical,1,0,raw,207,0.008125815110165005,3.045347700087511e-16
noncanonical,1,0,recovered,207,0.017686706569284092,3.331888578062502e-16
noncanonical,1,0,raw,208,0.013657983620317926,8.816019013565896e-16
noncanonical,1,0,recovered,208,0.011070580870912804,5.400773969628945e-16
noncanonical,1,0,raw,209,0.014380686676886972,6.128489199660437e-16
noncanonical,1,0,recovered,209,0.016933931112076188,1.1047376407082958e-16
noncanonical,1,0,raw,210,0.010641251622685496,2.482996251912588e-16
noncanonical,1,0,recovered,210,0.013008829314306403,6.422042017042293e-16
noncanonical,1,0,raw,211,0.015038147825933781,6.55376600730306e-16
noncanonical,1,0,recovered,211,0.013003853079912794,3.7791698436460226e-16
noncanonical,1,0,raw,212,0.01196424872918064,3.170708426443623e-16
noncanonical,1,0,recovered,212,0.013301469155359805,4.0707274057752016e-16
noncanonical,1,0,raw,213,-0.0033245654429906566,0.0038388775068982366
noncanonical,1,0,recovered,213,0.014422633015209987,3.517641108205068e-16
noncanonical,1,0,raw,214,0.012749479535311685,5.053883962634509e-16
noncanonical,1,0,recovered,214,0.01483278226878016,3.825661406343539e-16
noncanonical,1,0,raw,215,0.008444129524030368,1.6492896562043578e-15
noncanonical,1,0,recovered,215,0.013649088965519094,2.675837319801985e-16
noncanonical,1,0,raw,216,-0.0034273050783431374,0.0039575110191528255
noncanonical,1,0,recovered,216,0.0019270128697444389,3.821769443467725e-16
noncanonical,1,0,raw,217,0.015530957413311822,3.7232636041286677e-16
noncanonical,1,0,recovered,217,0.006384794655821323,1.8907093283615672e-16
noncanonical,1,0,raw,218,0.01004028689772926,1.002268671315654e-15
noncanonical,1,0,recovered,218,0.014418463716814482,3.6837456504936576e-16
noncanonical,1,0,raw,219,0.01441083542246653,5.11377657851354e-16
noncanonical,1,0,recovered,219,0.01448451270279396,3.4498761141822897e-16
noncanonical,1,0,raw,220,0.008610010470934406,4.797290659485337e-16
noncanonical,1,0,recovered,220,0.009663515287047973,4.826745330476299e-16
noncanonical,1,0,raw,221,0.006266144216832872,1.0396657893375946e-15
noncanonical,1,0,recovered,221,0.014691402769867405,2.557092145443882e-16
noncanonical,1,0,raw,222,0.019301117916152105,3.5580442931832875e-16
noncanonical,1,0,recovered,222,0.010836724292723669,4.0483452902941693e-16
noncanonical,1,0,raw,223,0.010941755860149562,4.1025751767853553e-16
noncanonical,1,0,recovered,223,0.018637230897757387,4.556547668312274e-16
noncanonical,1,0,raw,224,0.007512786282863061,8.243179349172012e-16
noncanonical,1,0,recovered,224,0.017907311212796956,6.329946301240787e-16
noncanonical,1,0,raw,225,-0.000867434031532842,0.0010016265432194079
noncanonical,1,0,recovered,225,0.01582742164193172,3.5822774823700076e-16
noncanonical,1,0,raw,226,0.011429793276272441,3.1206706225450293e-16
noncanonical,1,0,recovered,226,0.01731834660840335,4.2370110423759405e-16
noncanonical,1,0,raw,227,0.004332032983602091,6.209122759410779e-16
noncanonical,1,0,recovered,227,0.013387331514235599,2.389648488988994e-16
noncanonical,1,0,raw,228,0.007708683451578832,5.486760608950064e-16
noncanonical,1,0,recovered,228,0.007573690458293616,3.9623150007794306e-16
noncanonical,1,0,raw,229,0.008209662311784797,1.0621077345731265e-15
noncanonical,1,0,recovered,229,0.012358841949453685,2.7833055690245495e-16
noncanonical,1,0,raw,230,0.010302055902211098,1.209055129375424e-15
noncanonical,1,0,recovered,230,0.013814293881656685,3.0494396046774463e-16
noncanonical,1,0,raw,231,0.007824696410167673,1.1051202913773411e-15
noncanonical,1,0,recovered,231,0.013746543869885018,6.021025177572678e-16
noncanonical,1,0,raw,232,0.015027702859115425,5.635635753157614e-16
noncanonical,1,0,recovered,232,0.00653717353101682,6.851652665419234e-16
noncanonical,1,0,raw,233,0.007750537556832359,4.968964677489718e-16
noncanonical,1,0,recovered,233,0.015760293428408623,1.5004104601929408e-16
noncanonical,1,0,raw,234,0.004463417934050763,1.55618952491232e-16
noncanonical,1,0,recovered,234,0.015570409828103742,4.922978962400377e-16
noncanonical,1,0,raw,235,0.013669304374184328,3.7240840599353783e-16
noncanonical,1,0,recovered,235,0.013256669388589618,4.1180778861884264e-16
noncanonical,1,0,raw,236,0.0076837652847037115,2.4319193682049475e-16
noncanonical,1,0,recovered,236,0.0134993446102134,3.846179662404467e-16
noncanonical,1,0,raw,237,0.011590708657318809,9.223507144504e-16
noncanonical,1,0,recovered,237,0.011089306038974938,8.345273081909436e-16
noncanonical,1,0,raw,238,0.0061090967611085855,4.305309899806352e-16
noncanonical,1,0,recovered,238,0.02032138527842204,2.643234199131239e-16
noncanonical,1,0,raw,239,0.004057534763767583,5.387873508155535e-16
noncanonical,1,0,recovered,239,0.01205353712356733,6.9308770186786545e-16
noncanonical,1,0,raw,240,0.007526609542476485,3.8548179686978053e-16
noncanonical,1,0,recovered,240,0.013373004322097874,5.894235171185664e-16
noncanonical,1,0,raw,241,0.004938426728410301,6.989945497379441e-16
noncanonical,1,0,recovered,241,0.020388176248891866,5.624116908242223e-16
noncanonical,1,0,raw,242,0.0004904304248817987,6.894238291961366e-16
noncanonical,1,0,recovered,242,0.01912700266155965,1.49624299399304e-16
noncanonical,1,0,raw,243,0.00913756522673385,6.558060670645163e-16
noncanonical,1,0,recovered,243,0.017691600221904056,3.5630519205985066e-16
noncanonical,1,0,raw,244,0.01124646273018179,8.101848128192083e-16
noncanonical,1,0,recovered,244,0.002402064361133999,1.1795322402222188e-16
noncanonical,1,0,raw,245,0.009550175835822383,8.593548104069893e-16
noncanonical,1,0,recovered,245,0.010794840080990275,2.753487617545934e-16
noncanonical,1,0,raw,246,0.005153523393805297,3.1795640542791296e-16
noncanonical,1,0,recovered,246,0.013901596884975522,4.874372328088158e-16
noncanonical,1,0,raw,247,0.015556768612784811,1.0357446853100408e-15
noncanonical,1,0,recovered,247,0.017071481557600163,2.906173132327955e-16
noncanonical,1,0,raw,248,0.003355359715587273,4.430591945713005e-16
noncanonical,1,0,recovered,248,0.014434759314229892,9.13511254334419e-16
noncanonical,1,0,raw,249,-0.0022472412293139026,0.0025948906573567197
noncanonical,1,0,recovered,249,0.016604892574772784,5.242997461429974e-16
noncanonical,1,0,raw,250,0.010201922317052371,3.059242763623644e-16
noncanonical,1,0,recovered,250,0.016163101955059603,2.9258002688103213e-16
noncanonical,1,0,raw,251,-0.0003061631322869672,0.00035352673368352415
noncanonical,1,0,recovered,251,0.0077802546286102866,3.098242352806574e-16
noncanonical,1,0,raw,252,0.007774470387853239,1.837929596615764e-16
noncanonical,1,0,recovered,252,0.018601159116630406,3.8561814263944106e-16
noncanonical,1,0,raw,253,0.007244865221499476,7.894796776147728e-16
noncanonical,1,0,recovered,253,0.01944114396703818,7.836304896038655e-16
noncanonical,1,0,raw,254,0.010736369144439319,3.246436614829456e-16
noncanonical,1,0,recovered,254,0.01908184844619056,3.8313489674911745e-16
noncanonical,1,0,raw,255,0.011265865834764915,9.620539301374012e-16
noncanonical,1,0,recovered,255,0.008297017050352086,2.724737900216865e-16
noncanonical,1,0,raw,256,0.005031010533460319,5.321873925677174e-16
noncanonical,1,0,recovered,256,0.005844875727131639,5.294387345402153e-16
noncanonical,1,0,raw,257,0.009570015815439212,3.9838444888377574e-16
noncanonical,1,0,recovered,257,0.014799958875786126,2.444090868244196e-16
noncanonical,1,0,raw,258,0.010863771279767637,1.345940297504948e-15
noncanonical,1,0,recovered,258,0.013998371097974985,5.872135054214148e-16
noncanonical,1,0,raw,259,0.004604180477661016,8.541435270977859e-16
noncanonical,1,0,recovered,259,0.015167996849695116,8.467356588897459e-16
noncanonical,1,0,raw,260,0.009560779091096665,3.507108303106139e-16
noncanonical,1,0,recovered,260,0.015203356555090617,4.105471505068135e-16
noncanonical,1,0,raw,261,0.01702769404331928,7.828851593419664e-16
noncanonical,1,0,recovered,261,0.007383030193334681,3.8012418853635377e-16
noncanonical,1,0,raw,262,0.011158136066611913,5.188664922056538e-16
noncanonical,1,0,recovered,262,0.018007918477717707,1.7268805171691714e-16
noncanonical,1,0,raw,263,0.010092326328752798,3.2227828877373505e-16
noncanonical,1,0,recovered,263,0.008487375561813962,9.011909882145514e-16
noncanonical,1,0,raw,264,0.015569579472787524,7.550651705563114e-16
noncanonical,1,0,recovered,264,0.010942100922675706,5.496801939482414e-16
noncanonical,1,0,raw,265,0.008720058476004607,2.4045795484689323e-16
noncanonical,1,0,recovered,265,0.009955799705592579,6.026472798375448e-16
noncanonical,1,0,raw,266,0.009403255611451852,6.566392384434071e-16
noncanonical,1,0,recovered,266,0.015442876089652422,2.621097713457826e-16
noncanonical,1,0,raw,267,0.014542992831334499,5.451139947601302e-16
noncanonical,1,0,recovered,267,0.00902081406036858,4.691168277382095e-16
noncanonical,1,0,raw,268,0.01641934714597196,6.536110256502304e-16
noncanonical,1,0,recovered,268,0.0031890159217555216,3.926228858517008e-16
noncanonical,1,0,raw,269,0.008126748548786372,4.278494213104648e-16
noncanonical,1,0,recovered,269,0.016532083867864502,3.324632729300603e-16
noncanonical,1,0,raw,270,0.007537097394403819,2.256049397440848e-16
noncanonical,1,0,recovered,270,0.016656424658500396,2.440764252919339e-16
noncanonical,1,0,raw,271,0.013168583458539754,3.6145680920236326e-16
noncanonical,1,0,recovered,271,0.007526868521342463,2.17852020783942e-16
noncanonical,1,0,raw,272,0.01067347098206978,3.030042294968974e-16
noncanonical,1,0,recovered,272,0.01678258749675657,3.848370991271753e-16
noncanonical,1,0,raw,273,0.017577970556511703,1.9871104085642925e-16
noncanonical,1,0,recovered,273,0.0086920958092634,4.819148770210555e-16
noncanonical,1,0,raw,274,0.011178144490841624,5.328009080209858e-16
noncanonical,1,0,recovered,274,0.01928237865421252,1.8794049699758794e-16
noncanonical,1,0,raw,275,0.0014289624130056871,8.929945088272225e-16
noncanonical,1,0,recovered,275,0.010474467488158647,2.666153447694653e-16
noncanonical,1,0,raw,276,0.012137354969124202,7.638244241246716e-16
noncanonical,1,0,recovered,276,0.019522408028897598,2.0598334751749288e-16
noncanonical,1,0,raw,277,0.010202728052425959,2.7493109672118767e-16
noncanonical,1,0,recovered,277,0.014434412444263613,2.781230174409809e-16
noncanonical,1,0,raw,278,0.01005778750073587,3.4741329617691643e-16
noncanonical,1,0,recovered,278,0.016590199395579174,2.451375117941196e-16
noncanonical,1,0,raw,279,0.0036330588250340465,1.196393551202054e-15
noncanonical,1,0,recovered,279,0.010466961022679126,4.01038748096722e-16
noncanonical,1,0,raw,280,0.010303684569442516,5.43552581092676e-16
noncanonical,1,0,recovered,280,0.01313012128617843,3.436613739442361e-16
noncanonical,1,0,raw,281,0.008325145088134039,3.4377354809620536e-16
noncanonical,1,0,recovered,281,0.01757874165423534,8.12509238812868e-16
noncanonical,1,0,raw,282,0.009348867316924392,2.945085878007932e-16
noncanonical,1,0,recovered,282,0.019082922581046925,3.6737863848729804e-16
noncanonical,1,0,raw,283,0.009999058843172221,1.337151176605658e-15
noncanonical,1,0,recovered,283,0.019038885678691095,5.7920821953210325e-16
noncanonical,1,0,raw,284,0.0033296136274280188,7.293314508241681e-16
noncanonical,1,0,recovered,284,0.01962630079133136,5.295968160185526e-16
noncanonical,1,0,raw,285,-0.0018893052977069192,0.0021815818444248505
noncanonical,1,0,recovered,285,0.011198372750113624,3.964440950804424e-16
noncanonical,1,0,raw,286,0.00846673157504293,6.450990899833275e-16
noncanonical,1,0,recovered,286,0.018598959213901506,3.553140769492727e-16
noncanonical,1,0,raw,287,0.011185773982971105,6.695701169024899e-16
noncanonical,1,0,recovered,287,0.016920223203351004,2.494988315027571e-16
noncanonical,1,0,raw,288,0.013266527867427465,7.224040295669476e-16
noncanonical,1,0,recovered,288,0.012871403557137182,3.8351625527726124e-16
noncanonical,1,0,raw,289,0.010601263062176217,8.58199981369045e-16
noncanonical,1,0,recovered,289,0.006408795141170812,2.617911611134373e-16
noncanonical,1,0,raw,290,0.005273895973552696,4.597866147636248e-16
noncanonical,1,0,recovered,290,0.011582549947783086,4.3506816360149484e-16
noncanonical,1,0,raw,291,0.010798445315663919,7.470084674391194e-16
noncanonical,1,0,recovered,291,0.01154823564074972,4.133649853965769e-16
noncanonical,1,0,raw,292,0.006011852035580852,5.505895898129533e-16
noncanonical,1,0,recovered,292,0.00684318407574812,4.295294298106047e-16
noncanonical,1,0,raw,293,0.007832211771526211,1.7744809414630104e-16
noncanonical,1,0,recovered,293,0.008681497819040035,8.724374328556938e-16
noncanonical,1,0,raw,294,0.007248168886503938,6.978786291430715e-16
noncanonical,1,0,recovered,294,0.009716502349574435,3.27194899576764e-16
noncanonical,1,0,raw,295,0.012737806436922733,6.277805836420307e-16
noncanonical,1,0,recovered,295,0.016883126152651022,3.409073702365751e-16
noncanonical,1,0,raw,296,0.004320710799211059,7.72505300691248e-16
noncanonical,1,0,recovered,296,0.008840943410814582,6.903066104927664e-16
noncanonical,1,0,raw,297,0.011649406025536315,3.7045841285661527e-16
noncanonical,1,0,recovered,297,0.011886059156386106,5.57675151707588e-16
noncanonical,1,0,raw,298,0.006033918860495909,1.1326708198439063e-15
noncanonical,1,0,recovered,298,0.019226366478238895,1.9464204234996578e-16
noncanonical,1,0,raw,299,0.003057118707143367,8.512652833239803e-16
noncanonical,1,0,recovered,299,0.013504987736668285,3.42525806686105e-16
noncanonical,1,0,raw,300,0.010895687161515828,3.8551277769117257e-16
noncanonical,1,0,recovered,300,0.017698657275614475,1.4816946639842334e-16
noncanonical,1,0,raw,301,0.006808053858455723,2.8484415668323053e-16
noncanonical,1,0,recovered,301,0.017537801166111835,4.02567639248941e-16
noncanonical,1,0,raw,302,0.006396095116388947,2.2822329540669456e-16
noncanonical,1,0,recovered,302,0.00921484757813861,2.25749117837022e-16
noncanonical,1,0,raw,303,0.01502987638134126,6.142378785720483e-16
noncanonical,1,0,recovered,303,0.006329509664188331,2.4731295602975904e-16
noncanonical,1,0,raw,304,0.006143897800294451,5.300907357723165e-16
noncanonical,1,0,recovered,304,0.011505873502739565,7.183232067735878e-16
noncanonical,1,0,raw,305,0.00617048217315293,7.272560511757133e-16
noncanonical,1,0,recovered,305,0.013867903741334063,2.6137395862262364e-16
noncanonical,1,0,raw,306,0.010057751524689825,2.5222858461972794e-16
noncanonical,1,0,recovered,306,0.012205759212934514,5.468098389973526e-16
noncanonical,1,0,raw,307,0.0003828722984971223,6.141190618227807e-16
noncanonical,1,0,recovered,307,0.010287033488866419,5.336259379000334e-16
noncanonical,1,0,raw,308,0.008635338029533136,5.849620287440782e-16
noncanonical,1,0,recovered,308,0.019536439123450093,2.343307803719681e-16
noncanonical,1,0,raw,309,0.010815701117366353,3.57541406004754e-16
noncanonical,1,0,recovered,309,0.0021079608485186046,2.4203919290604207e-16
noncanonical,1,0,raw,310,0.015151399819371613,9.641173434558015e-16
noncanonical,1,0,recovered,310,0.01739587034707765,4.539116210845798e-16
noncanonical,1,0,raw,311,0.008039149016435054,5.750879775823724e-16
noncanonical,1,0,recovered,311,0.01210329553098208,3.3586952411158747e-16
noncanonical,1,0,raw,312,0.012116792722112003,5.639412331939612e-16
noncanonical,1,0,recovered,312,0.017968473551324787,1.1714682807628998e-16
noncanonical,1,0,raw,313,0.011823773125494317,8.97436728473258e-16
noncanonical,1,0,recovered,313,0.006165221298235116,3.525386689140234e-16
noncanonical,1,0,raw,314,0.007284606203057796,3.688930616563516e-16
noncanonical,1,0,recovered,314,0.016948499560384515,8.465957101086246e-16
noncanonical,1,0,raw,315,0.00493425504208179,1.6400707305586562e-16
noncanonical,1,0,recovered,315,0.024018122072841236,3.3189707690051237e-16
noncanonical,1,0,raw,316,0.011995940404258491,8.09943173490769e-16
noncanonical,1,0,recovered,316,0.015767734697447744,1.9682041375839647e-16
noncanonical,1,0,raw,317,0.008252107337078986,1.0634339957761493e-15
noncanonical,1,0,recovered,317,0.012056224353452147,4.301698880992815e-16
noncanonical,1,0,raw,318,0.005427983617040308,5.971488721912061e-16
noncanonical,1,0,recovered,318,0.010455653412058091,4.708967505795164e-16
noncanonical,1,0,raw,319,0.007279401417958333,7.024505629913975e-16
noncanonical,1,0,recovered,319,0.016549604594508854,3.094190673714285e-16
noncanonical,1,0,raw,320,0.005929496333867875,3.573446149642526e-16
noncanonical,1,0,recovered,320,0.018327525510134595,3.5678891091387965e-16
noncanonical,1,0,raw,321,0.004574211210707681,5.210140957030491e-16
noncanonical,1,0,recovered,321,0.01716134759645514,4.847116644171194e-16
noncanonical,1,0,raw,322,0.010042363955692619,7.733773920649262e-16
noncanonical,1,0,recovered,322,0.016321736294209126,4.741387541451663e-16
noncanonical,1,0,raw,323,0.008136160704756831,8.257532015103834e-16
noncanonical,1,0,recovered,323,0.016032400653710213,3.3868060274267654e-16
noncanonical,1,0,raw,324,0.009216353732116952,5.86435323678998e-16
noncanonical,1,0,recovered,324,0.015316539021910732,5.023418377480013e-16
noncanonical,1,0,raw,325,0.002146123328594839,1.1581958942379114e-15
noncanonical,1,0,recovered,325,0.014889161251052913,1.9161039689341164e-16
noncanonical,1,0,raw,326,0.008522799806317621,7.64486751085175e-16
noncanonical,1,0,recovered,326,0.009691240844565895,3.581815429164837e-16
noncanonical,1,0,raw,327,0.014983968533384387,3.853000088130504e-16
noncanonical,1,0,recovered,327,0.017281328466923613,9.306253878984266e-16
noncanonical,1,0,raw,328,0.004829234694737904,2.7558909318669427e-16
noncanonical,1,0,recovered,328,0.019218649539492247,1.6785186504924093e-16
noncanonical,1,0,raw,329,0.013284152767138636,2.641148537364692e-16
noncanonical,1,0,recovered,329,0.013448454637606067,2.9281006943501053e-16
noncanonical,1,0,raw,330,0.013449056514340928,7.177196952254524e-16
noncanonical,1,0,recovered,330,0.009441838232756813,6.168241033001269e-16
noncanonical,1,0,raw,331,0.009338950610043762,5.27565959046601e-16
noncanonical,1,0,recovered,331,0.014095272567833396,1.932341506943011e-16
noncanonical,1,0,raw,332,0.0025747523938335452,3.156362614423049e-16
noncanonical,1,0,recovered,332,0.005367793724847401,7.818591343991769e-16
noncanonical,1,0,raw,333,0.007889293477808836,5.628582923974951e-16
noncanonical,1,0,recovered,333,0.011879637257022239,2.975164552938058e-16
noncanonical,1,0,raw,334,0.00949569468899111,5.575793628762443e-16
noncanonical,1,0,recovered,334,0.010865687781553494,2.517800385767726e-16
noncanonical,1,0,raw,335,0.007464156792738458,3.9714371456178333e-16
noncanonical,1,0,recovered,335,0.01317274950281984,4.113750514543489e-16
noncanonical,1,0,raw,336,0.007383465639709593,8.306676909289908e-16
noncanonical,1,0,recovered,336,0.011095410065646365,2.8909831618769553e-16
noncanonical,1,0,raw,337,0.012313873355944475,3.218350740004673e-16
noncanonical,1,0,recovered,337,0.018532364791823602,2.3771903428888146e-16
noncanonical,1,0,raw,338,0.006466039737776735,3.8185840627101796e-16
noncanonical,1,0,recovered,338,0.018635223621091,4.460841502798852e-16
noncanonical,1,0,raw,339,0.008837265269120684,4.029509101699182e-16
noncanonical,1,0,recovered,339,0.021131672645619215,3.1816573629588166e-16
noncanonical,1,0,raw,340,0.011867753506626643,4.674073906143215e-16
noncanonical,1,0,recovered,340,0.01355488619297738,4.949376148550097e-16
noncanonical,1,0,raw,341,0.014074756847919001,7.284694934192916e-16
noncanonical,1,0,recovered,341,0.01682578298584584,6.528035211312392e-16
noncanonical,1,0,raw,342,0.0018737532335044676,4.022338041259605e-16
noncanonical,1,0,recovered,342,0.017852882041713446,4.576387445880776e-16
noncanonical,1,0,raw,343,0.004033502200454054,3.7222503332104923e-16
noncanonical,1,0,recovered,343,0.0165420234348883,2.1048097938477368e-16
noncanonical,1,0,raw,344,0.00931562039568862,6.720030996953071e-16
noncanonical,1,0,recovered,344,0.018761186403767328,2.5877414388782165e-16
noncanonical,1,0,raw,345,0.007374400712282626,4.808001345379308e-16
noncanonical,1,0,recovered,345,0.01121964311385079,3.3333107690505534e-16
noncanonical,1,0,raw,346,0.0062031242960555455,6.102498552402372e-16
noncanonical,1,0,recovered,346,0.013355241618771798,2.8859254243088194e-16
noncanonical,1,0,raw,347,0.0047601851503950255,4.60998071967203e-16
noncanonical,1,0,recovered,347,0.013424539165959938,1.5025649636416118e-16
noncanonical,1,0,raw,348,0.01080266272184184,2.954815149714294e-16
noncanonical,1,0,recovered,348,0.012769845733025656,2.4962845617098716e-16
noncanonical,1,0,raw,349,0.004909097008346099,6.568457197243196e-16
noncanonical,1,0,recovered,349,0.020484220275354265,2.2645555093433484e-16
noncanonical,1,0,raw,350,0.01283443999786536,8.180035737472086e-16
noncanonical,1,0,recovered,350,0.012244409091305032,6.790689794741585e-16
noncanonical,1,0,raw,351,0.006749396454057931,7.222879033881254e-16
noncanonical,1,0,recovered,351,0.015500527735501531,3.8711744879927943e-16
noncanonical,1,0,raw,352,0.00755939143263059,8.306183159294653e-16
noncanonical,1,0,recovered,352,0.013122496231232779,4.205820208564204e-16
noncanonical,1,0,raw,353,0.006829102404738681,6.244923197824167e-16
noncanonical,1,0,recovered,353,0.005876813319240384,4.946319959442437e-16
noncanonical,1,0,raw,354,0.011971987314992502,5.090567395426584e-16
noncanonical,1,0,recovered,354,0.006795238148742442,3.3144697025315493e-16
noncanonical,1,0,raw,355,-0.004588789345928609,0.005298677528252853
noncanonical,1,0,recovered,355,0.01451693984353187,9.010423256924218e-16
noncanonical,1,0,raw,356,0.012451830313971471,5.30493641675418e-16
noncanonical,1,0,recovered,356,0.02023213949743798,6.616023041839942e-16
noncanonical,1,0,raw,357,0.008279676542597801,4.4023756526937847e-16
noncanonical,1,0,recovered,357,0.015192937110187767,2.9724892977984607e-16
noncanonical,1,0,raw,358,0.006544647087514157,4.81148940016697e-16
noncanonical,1,0,recovered,358,0.014141568669659989,3.002165017025149e-16
noncanonical,1,0,raw,359,0.011623994315741626,7.715605602455838e-16
noncanonical,1,0,recovered,359,0.015596388193347016,6.681901309363485e-16
noncanonical,1,0,raw,360,0.012764310634100492,2.0619507306217887e-16
noncanonical,1,0,recovered,360,0.018353900364356367,1.9453384909192387e-16
noncanonical,1,0,raw,361,0.008817433108413984,7.295210919735109e-16
noncanonical,1,0,recovered,361,0.015493832782121061,2.693797119047114e-16
noncanonical,1,0,raw,362,0.0035287310739318097,1.0660098067524801e-15
noncanonical,1,0,recovered,362,0.016817508735955052,2.0928056592610322e-16
noncanonical,1,0,raw,363,0.008677983022652533,6.468833181796032e-16
noncanonical,1,0,recovered,363,0.010290986744232419,4.086588255910657e-16
noncanonical,1,0,raw,364,0.004620226461763713,4.557967364452698e-16
noncanonical,1,0,recovered,364,0.012324084737986398,5.297840951496378e-16
noncanonical,1,0,raw,365,0.0019590616656364893,5.996951852344632e-16
noncanonical,1,0,recovered,365,0.017058859878363718,6.08596664815315e-16
noncanonical,1,0,raw,366,0.007408426247818514,3.9654655551861716e-16
noncanonical,1,0,recovered,366,0.013814038947963337,2.24115472772541e-16
noncanonical,1,0,raw,367,0.011146000028520483,3.5140248536880317e-16
noncanonical,1,0,recovered,367,0.014580471363445258,5.229177102097348e-16
noncanonical,1,0,raw,368,0.009926244461323092,5.566942240811959e-16
noncanonical,1,0,recovered,368,0.017504219004013034,6.152536197951249e-16
noncanonical,1,0,raw,369,0.002225895895876481,6.183325043520557e-16
noncanonical,1,0,recovered,369,0.01561969202518799,3.8403463306030064e-16
noncanonical,1,0,raw,370,0.005441780613279125,3.552230201848473e-16
noncanonical,1,0,recovered,370,0.01934739050857032,4.770555842654001e-16
noncanonical,1,0,raw,371,0.016542009660590558,5.422658599311751e-16
noncanonical,1,0,recovered,371,0.01458494929775293,2.34669843621874e-16
noncanonical,1,0,raw,372,0.012374619200350453,4.454293115821351e-16
noncanonical,1,0,recovered,372,0.015124735272995467,3.764257822030249e-16
noncanonical,1,0,raw,373,0.011805062188821934,3.588194895038797e-16
noncanonical,1,0,recovered,373,0.010229085313618096,4.32400005180712e-16
noncanonical,1,0,raw,374,0.008710665776042282,5.455467457286218e-16
noncanonical,1,0,recovered,374,0.016779754952790354,2.2863579732976024e-16
noncanonical,1,0,raw,375,0.011257505344761339,4.948680689327022e-16
noncanonical,1,0,recovered,375,0.015136129396981243,4.3188213365892886e-16
noncanonical,1,0,raw,376,0.01191053187223813,5.86813005316836e-16
noncanonical,1,0,recovered,376,0.01556699539650092,5.784311158183529e-16
noncanonical,1,0,raw,377,0.012169484175019483,5.9514921733723005e-16
noncanonical,1,0,recovered,377,0.0017189056588442604,4.488025001716155e-16
noncanonical,1,0,raw,378,0.010635761729257471,2.8139272149200603e-16
noncanonical,1,0,recovered,378,0.017131490418696573,6.884841899170192e-16
noncanonical,1,0,raw,379,0.008417509867972855,5.379838710933973e-16
noncanonical,1,0,recovered,379,0.010639414744137446,3.0751368246336995e-16
noncanonical,1,0,raw,380,0.00815647053724934,3.2907891802274056e-16
noncanonical,1,0,recovered,380,0.004822394161294537,2.44396774101604e-16
noncanonical,1,0,raw,381,0.0010005387392623927,2.3620284307448066e-16
noncanonical,1,0,recovered,381,0.015065539066277927,2.7561707271021375e-16
noncanonical,1,0,raw,382,0.008900727786711634,1.3892812138137543e-15
noncanonical,1,0,recovered,382,0.01490758899323386,3.1258975775773625e-16
noncanonical,1,0,raw,383,0.012517120182837899,6.552422809547868e-16
noncanonical,1,0,recovered,383,0.022008401724108336,3.4596767308185986e-16
noncanonical,1,0,raw,384,0.012396508972536337,5.85530206527647e-16
noncanonical,1,0,recovered,384,0.0014754834484151515,2.6865260963912425e-16
noncanonical,1,0,raw,385,0.014000303608827685,3.825488104589883e-16
noncanonical,1,0,recovered,385,0.009238734156053847,6.0869887033443385e-16
noncanonical,1,0,raw,386,0.009086674825652232,5.1763377149702085e-16
noncanonical,1,0,recovered,386,0.01113559303801175,4.676214119981815e-16
noncanonical,1,0,raw,387,0.0009818374581003048,3.822733888147586e-16
noncanonical,1,0,recovered,387,0.01683630931515438,2.391001844799436e-16
noncanonical,1,0,raw,388,0.015061132543233562,3.6684992675802085e-16
noncanonical,1,0,recovered,388,0.01684082869911163,7.733832286478425e-16
noncanonical,1,0,raw,389,0.009873113596734762,4.085264578253242e-16
noncanonical,1,0,recovered,389,0.007454877199055374,2.292740777672078e-16
noncanonical,1,0,raw,390,0.015395197787980637,9.793597713947608e-16
noncanonical,1,0,recovered,390,0.011488276917878359,4.647088324631085e-16
noncanonical,1,0,raw,391,0.009261427542074019,4.6062747499351745e-16
noncanonical,1,0,recovered,391,0.020549256081472494,3.9140461265142685e-16
noncanonical,1,0,raw,392,0.0017800439298145815,4.389655972496159e-16
noncanonical,1,0,recovered,392,0.013614613554767754,3.652283032673985e-16
noncanonical,1,0,raw,393,0.011074487533748617,3.862458332258449e-16
noncanonical,1,0,recovered,393,0.017217296105695563,4.741748502164854e-16
noncanonical,1,0,raw,394,0.015331472780147957,6.428680762540781e-16
noncanonical,1,0,recovered,394,0.01763956704284587,4.34809139994103e-16
noncanonical,1,0,raw,395,0.005290246209706499,3.8823764427319297e-16
noncanonical,1,0,recovered,395,0.009840704266818535,3.887483959113348e-16
noncanonical,1,0,raw,396,0.007981786424831374,9.23757760911288e-16
noncanonical,1,0,recovered,396,0.01571895209330596,3.6152109753842187e-16
noncanonical,1,0,raw,397,0.01513203212703809,5.861915289667457e-16
noncanonical,1,0,recovered,397,0.013963215855426482,2.828571887322854e-16
noncanonical,1,0,raw,398,0.01210367463354792,1.031155223938425e-15
noncanonical,1,0,recovered,398,0.009313518975087604,3.2480815240331655e-16
noncanonical,1,0,raw,399,0.010545172144976134,3.5751510331487146e-16
noncanonical,1,0,recovered,399,0.014327020645427372,4.3454909636180505e-16
noncanonical,1,0,raw,400,0.017475051696073014,1.1237922827842698e-15
noncanonical,1,0,recovered,400,0.0220639193198229,2.396336988632645e-16
noncanonical,1,0,raw,401,0.005300774390321919,2.1559484922292952e-16
noncanonical,1,0,recovered,401,0.01364098968984393,4.571547684929668e-16
noncanonical,1,0,raw,402,0.00665118855433301,5.627894532887214e-16
noncanonical,1,0,recovered,402,0.011597294057347787,5.679279075470004e-16
noncanonical,1,0,raw,403,-0.002308176884539116,0.0026652530912517646
noncanonical,1,0,recovered,403,0.012766830132005328,5.146325018817698e-16
noncanonical,1,0,raw,404,0.007395764102383266,1.0539214292005592e-15
noncanonical,1,0,recovered,404,0.019668165191155135,2.5972252567251654e-16
noncanonical,1,0,raw,405,0.005770198980242007,3.4116987906486486e-16
noncanonical,1,0,recovered,405,0.020457921643833792,2.6049531552350846e-16
noncanonical,1,0,raw,406,0.0073253377428531595,4.8920163185242245e-16
noncanonical,1,0,recovered,406,0.012039572652072802,3.4397044832349877e-16
noncanonical,1,0,raw,407,0.01671999661871819,3.5596773000364923e-16
noncanonical,1,0,recovered,407,0.015694795915837598,3.0934611726985205e-16
noncanonical,1,0,raw,408,0.014733568266866672,3.6201937528643734e-16
noncanonical,1,0,recovered,408,0.016945372297524647,2.943744470364951e-16
noncanonical,1,0,raw,409,0.00728724859417111,5.205818154383872e-16
noncanonical,1,0,recovered,409,0.011347648222593688,3.444534702421059e-16
noncanonical,1,0,raw,410,-0.004436727738268566,0.005123091908020688
noncanonical,1,0,recovered,410,-5.6520844745834616e-06,6.526464985985915e-06
noncanonical,1,0,raw,411,0.005759207619980861,7.432245670085681e-16
noncanonical,1,0,recovered,411,0.019986282694297173,6.02005362676984e-16
noncanonical,1,0,raw,412,0.006922902382039803,8.138562578662197e-16
noncanonical,1,0,recovered,412,0.010738010509687134,2.1267172129298007e-16
noncanonical,1,0,raw,413,0.011291637750743847,5.031460702677274e-16
noncanonical,1,0,recovered,413,0.018580832974051966,4.528213952833541e-16
noncanonical,1,0,raw,414,0.007259175382693523,5.460047307602812e-16
noncanonical,1,0,recovered,414,0.008359449923576064,5.301290533788921e-16
noncanonical,1,0,raw,415,0.011226506767311966,7.529409330232476e-16
noncanonical,1,0,recovered,415,0.020703839353784316,1.253645301947322e-16
noncanonical,1,0,raw,416,0.012214279185037898,4.33872080104671e-16
noncanonical,1,0,recovered,416,0.01826703007408836,7.367248778702757e-16
noncanonical,1,0,raw,417,0.0045835478735730545,5.471973412828238e-16
noncanonical,1,0,recovered,417,0.013232803478597437,2.235001192388382e-16
noncanonical,1,0,raw,418,0.011523085738848537,4.637888935217659e-16
noncanonical,1,0,recovered,418,0.017970127666744457,5.119818943286679e-16
noncanonical,1,0,raw,419,0.008471850990700441,9.676076226396712e-16
noncanonical,1,0,recovered,419,0.00907364511994333,5.11159460681575e-16
noncanonical,1,0,raw,420,0.01100560603587312,3.1687087897819404e-16
noncanonical,1,0,recovered,420,0.006662611585981664,8.485784370709319e-16
noncanonical,1,0,raw,421,0.006702221844851423,6.691851796964823e-16
noncanonical,1,0,recovered,421,0.016969590507735194,2.3523659474162836e-16
noncanonical,1,0,raw,422,0.008808446479511638,1.009397835731095e-15
noncanonical,1,0,recovered,422,0.017146331206577773,3.0895143249822024e-16
noncanonical,1,0,raw,423,0.006498317096403318,2.4974596454858584e-16
noncanonical,1,0,recovered,423,0.021475628088880067,7.01115914560111e-17
noncanonical,1,0,raw,424,0.011695260632536673,3.5403502611828536e-16
noncanonical,1,0,recovered,424,0.013377551762067686,2.597029727795196e-16
noncanonical,1,0,raw,425,0.015198059295339562,6.722271705272585e-16
noncanonical,1,0,recovered,425,0.01903848463880555,4.1404146476168276e-16
noncanonical,1,0,raw,426,-0.0006393260429202281,0.0007382301259598027
noncanonical,1,0,recovered,426,0.0185918604326556,3.911436013875398e-16
noncanonical,1,0,raw,427,0.013094762238894603,7.244594457956881e-16
noncanonical,1,0,recovered,427,0.01739595401891891,2.5822919095034537e-16
noncanonical,1,0,raw,428,0.012833362713898594,8.317994545087863e-16
noncanonical,1,0,recovered,428,0.01185792091709975,3.1264570901728476e-16
noncanonical,1,0,raw,429,0.011417628562459434,8.528155929721668e-16
noncanonical,1,0,recovered,429,0.014446229121042107,6.402566253385741e-16
noncanonical,1,0,raw,430,0.01399080352547679,3.7154885537140385e-16
noncanonical,1,0,recovered,430,0.02208726613380355,5.415856283082678e-16
noncanonical,1,0,raw,431,0.01572248563708822,2.491120065515877e-16
noncanonical,1,0,recovered,431,0.011789518195501421,4.205650273814555e-16
noncanonical,1,0,raw,432,0.00663492700767579,2.0823547193339756e-16
noncanonical,1,0,recovered,432,0.01542244690879424,4.241594006323146e-16
noncanonical,1,0,raw,433,0.014472847823533369,7.237129983616292e-16
noncanonical,1,0,recovered,433,0.003035351223814198,3.2944214932973387e-16
noncanonical,1,0,raw,434,0.014719557741121252,3.9395986440313603e-16
noncanonical,1,0,recovered,434,0.019558054142839135,6.764151669584759e-16
noncanonical,1,0,raw,435,0.009570449859634634,3.2341661757338492e-16
noncanonical,1,0,recovered,435,0.016913608627549658,6.51765933404382e-16
noncanonical,1,0,raw,436,0.0023299944316890107,5.573337444848562e-16
noncanonical,1,0,recovered,436,0.015350881727729328,3.114639420405527e-16
noncanonical,1,0,raw,437,0.0037155444461762417,3.754128577140578e-16
noncanonical,1,0,recovered,437,0.007094152416942847,5.324541484890361e-16
noncanonical,1,0,raw,438,0.007895148292538928,9.16263303595353e-16
noncanonical,1,0,recovered,438,0.011625253617371588,7.533993034863416e-16
noncanonical,1,0,raw,439,0.00596530831585837,2.5361678910230977e-16
noncanonical,1,0,recovered,439,-0.004806768517953371,0.005550378195545178
noncanonical,1,0,raw,440,0.0067554412680240475,4.799654155309394e-16
noncanonical,1,0,recovered,440,0.011885169406297427,4.327483198518335e-16
noncanonical,1,0,raw,441,0.016512831455426487,4.711459141479627e-16
noncanonical,1,0,recovered,441,0.016241013719807726,6.118313383707789e-16
noncanonical,1,0,raw,442,0.009206040681977968,3.366369353869674e-16
noncanonical,1,0,recovered,442,0.013403426656423176,9.43951018767874e-16
noncanonical,1,0,raw,443,0.010261461346038147,5.425943039643138e-16
noncanonical,1,0,recovered,443,0.009702996704320442,3.9747555510837106e-16
noncanonical,1,0,raw,444,0.008777616706385286,9.591091414855674e-16
noncanonical,1,0,recovered,444,0.001133622745508454,2.5424205741477274e-16
noncanonical,1,0,raw,445,0.012361112647550503,3.266166917440446e-16
noncanonical,1,0,recovered,445,0.0180618419143826,7.22702591237287e-16
noncanonical,1,0,raw,446,0.016065529711299206,4.0581593176107113e-16
noncanonical,1,0,recovered,446,0.0195826539388854,1.5506630772709935e-16
noncanonical,1,0,raw,447,0.00476600005463735,1.8720005634775074e-16
noncanonical,1,0,recovered,447,0.014960696046214347,4.11412082677018e-16
noncanonical,1,0,raw,448,0.005729231608399931,1.0711571567352735e-15
noncanonical,1,0,recovered,448,0.015924470148294404,3.0736502478561607e-16
noncanonical,1,0,raw,449,0.015374086494693313,1.7408708520236653e-16
noncanonical,1,0,recovered,449,0.01557360808270492,2.627041328488622e-16
noncanonical,1,0,raw,450,0.0017621489682374252,3.0257128223445307e-16
noncanonical,1,0,recovered,450,0.013508785776772352,1.6675720242553953e-16
noncanonical,1,0,raw,451,0.006389802233478459,7.636981045943919e-16
noncanonical,1,0,recovered,451,0.01237870720452846,7.194055850706771e-16
noncanonical,1,0,raw,452,0.017062992957628087,4.846962402720612e-16
noncanonical,1,0,recovered,452,0.015830569856618164,2.5313295143633703e-16
noncanonical,1,0,raw,453,0.006076881011587602,9.571550472712093e-16
noncanonical,1,0,recovered,453,0.014219452739600633,3.4476292558342547e-16
noncanonical,1,0,raw,454,0.004235634152126388,6.061226596876136e-16
noncanonical,1,0,recovered,454,0.014560375178577509,3.6104030019506567e-16
noncanonical,1,0,raw,455,0.009341329495108816,3.6923743016739054e-16
noncanonical,1,0,recovered,455,0.015744241282155045,2.238608388357726e-16
noncanonical,1,0,raw,456,0.006746051685544395,1.146224361810975e-15
noncanonical,1,0,recovered,456,0.004372509542753725,2.633153672513428e-16
noncanonical,1,0,raw,457,0.01292646319519339,5.992776056549209e-16
noncanonical,1,0,recovered,457,0.021454762304315644,3.7221252734909084e-16
noncanonical,1,0,raw,458,0.009117004058599025,2.300814958087136e-16
noncanonical,1,0,recovered,458,0.010337752044408326,1.013474809067461e-15
noncanonical,1,0,raw,459,0.010100317931129556,4.588384584405898e-16
noncanonical,1,0,recovered,459,0.014194103785951637,2.681796373443257e-16
noncanonical,1,0,raw,460,0.007261789070082218,2.490287540977171e-16
noncanonical,1,0,recovered,460,0.014370717121468188,4.0395597912307815e-16
noncanonical,1,0,raw,461,0.013373270064197083,4.688348950942111e-16
noncanonical,1,0,recovered,461,0.015315596654147324,2.8875461017453184e-16
noncanonical,1,0,raw,462,0.008782897605947708,6.558419328485704e-16
noncanonical,1,0,recovered,462,0.02021300807889477,5.051996821794976e-16
noncanonical,1,0,raw,463,-0.0024849826733154483,0.0028694108307405542
noncanonical,1,0,recovered,463,0.017841479353564737,3.958159461615799e-16
noncanonical,1,0,raw,464,0.006617127438888466,5.54125367655061e-16
noncanonical,1,0,recovered,464,0.016478092078110403,2.5475659736277646e-16
noncanonical,1,0,raw,465,0.01560500779487749,7.169420309315558e-16
noncanonical,1,0,recovered,465,0.014274414809055917,7.460146113829219e-16
noncanonical,1,0,raw,466,0.009852221018138603,1.2915182293762535e-15
noncanonical,1,0,recovered,466,0.01607629032156077,4.463960418655187e-16
noncanonical,1,0,raw,467,0.008814233297510654,4.097419053546392e-16
noncanonical,1,0,recovered,467,0.016390599624643582,1.7502663562415143e-16
noncanonical,1,0,raw,468,0.010699626590771968,3.3084194349520963e-16
noncanonical,1,0,recovered,468,0.017292753531476048,2.5143094867166656e-16
noncanonical,1,0,raw,469,0.012199572938592418,6.925404158349725e-16
noncanonical,1,0,recovered,469,0.015946739711773617,6.448529742375755e-16
noncanonical,1,0,raw,470,0.006328324356885943,9.74994892532665e-16
noncanonical,1,0,recovered,470,0.026261437744728736,4.642844873391029e-16
noncanonical,1,0,raw,471,0.0032361052468055022,8.639737112181787e-16
noncanonical,1,0,recovered,471,0.016899406258278515,2.1750208939635622e-16
noncanonical,1,0,raw,472,0.014203078885613429,1.4709000025462991e-15
noncanonical,1,0,recovered,472,0.018353658562827137,2.490702894125185e-16
noncanonical,1,0,raw,473,0.014672023267934277,4.700348419466667e-16
noncanonical,1,0,recovered,473,0.012148897901817666,2.0575038059620968e-16
noncanonical,1,0,raw,474,0.009708115364185577,4.0812345170911604e-16
noncanonical,1,0,recovered,474,0.022598367680566223,5.335876070490035e-16
noncanonical,1,0,raw,475,0.015003797321293108,4.151447353220124e-16
noncanonical,1,0,recovered,475,0.010436944415203143,3.483664238319614e-16
noncanonical,1,0,raw,476,0.01320497336881992,1.668955900522619e-16
noncanonical,1,0,recovered,476,0.0071314142155389365,7.875666073899985e-16
noncanonical,1,0,raw,477,0.004336136730904272,9.19628768221546e-16
noncanonical,1,0,recovered,477,0.019196502992463126,2.6418819098899865e-16
noncanonical,1,0,raw,478,0.010985027896768024,1.0471215376582622e-16
noncanonical,1,0,recovered,478,0.014167896731209788,5.086971222178577e-16
noncanonical,1,0,raw,479,0.015315567981872173,2.7109807037779334e-16
noncanonical,1,0,recovered,479,0.006693660718288835,2.8268275810811437e-16
noncanonical,1,0,raw,480,0.009014351502660058,4.619529857052025e-16
noncanonical,1,0,recovered,480,0.010791959863556197,3.6195494811777575e-16
noncanonical,1,0,raw,481,0.013119121392226953,2.778165198103071e-16
noncanonical,1,0,recovered,481,0.023025140383820995,2.9990717535033115e-16
noncanonical,1,0,raw,482,0.004605962259215488,4.71212200805669e-16
noncanonical,1,0,recovered,482,0.01421391859095142,2.9357664382966523e-16
noncanonical,1,0,raw,483,0.0013684403813833256,3.48468447856915e-16
noncanonical,1,0,recovered,483,0.020063990328423008,3.743351786034198e-16
noncanonical,1,0,raw,484,0.008913631856101435,5.335268888703402e-16
noncanonical,1,0,recovered,484,0.020686296891143527,5.268928075386485e-16
noncanonical,1,0,raw,485,0.010399904238413235,4.628161537757951e-16
noncanonical,1,0,recovered,485,0.012772206921929903,2.3288380003489e-16
noncanonical,1,0,raw,486,0.013673467341869864,5.838423766064813e-16
noncanonical,1,0,recovered,486,0.015296772980717901,4.0682871653286484e-16
noncanonical,1,0,raw,487,0.01196972257501256,1.2911254153515217e-15
noncanonical,1,0,recovered,487,0.011292031685338426,1.4754840404227025e-16
noncanonical,1,0,raw,488,0.0108443623649471,5.373640230234499e-16
noncanonical,1,0,recovered,488,0.01098170604608193,3.8136505882079235e-16
noncanonical,1,0,raw,489,0.010092297623257616,3.681907158336487e-16
noncanonical,1,0,recovered,489,0.010504205684035107,2.4448295013927644e-16
noncanonical,1,0,raw,490,0.009284969400078124,9.042070356468704e-16
noncanonical,1,0,recovered,490,0.015577290435540831,4.636326377753992e-16
noncanonical,1,0,raw,491,0.0022964342217807127,3.102252364530166e-16
noncanonical,1,0,recovered,491,0.013146818235317893,1.428427207192482e-16
noncanonical,1,0,raw,492,0.011400187932664237,3.911137879166296e-16
noncanonical,1,0,recovered,492,0.018179031589071037,4.250727412304992e-16
noncanonical,1,0,raw,493,0.007363609473727677,3.1203330989717924e-16
noncanonical,1,0,recovered,493,0.008676907104189694,5.222384961666925e-16
noncanonical,1,0,raw,494,0.008189624386895179,4.798200135638963e-16
noncanonical,1,0,recovered,494,0.016371283580912648,1.7030714538850502e-16
noncanonical,1,0,raw,495,0.010042489082051676,6.908127187963354e-16
noncanonical,1,0,recovered,495,0.008689181848990625,3.648099135926341e-16
noncanonical,1,0,raw,496,0.006296070132715665,8.929092051982138e-16
noncanonical,1,0,recovered,496,0.010354810190713961,3.4054529627845346e-16
noncanonical,1,0,raw,497,0.013592115773831603,4.369738823694107e-16
noncanonical,1,0,recovered,497,0.02425190414959432,1.48263071319006e-16
noncanonical,1,0,raw,498,0.005391481935488724,7.854498130102769e-16
noncanonical,1,0,recovered,498,0.014572552876763113,1.7429439350469807e-16
noncanonical,1,0,raw,499,-0.0043397663598917485,0.005011130552207079
noncanonical,1,0,recovered,499,0.014165451044501082,3.9480066509997703e-16
noncanonical,0,1,raw,0,0.02247772671901542,5.329300906182303e-16
noncanonical,0,1,recovered,0,-0.0007025640510285306,0.0008112510879684472
noncanonical,0,1,raw,1,0.0165694356036307,9.677922616311035e-16
noncanonical,0,1,recovered,1,0.017852651272550653,4.1162014988295857e-16
noncanonical,0,1,raw,2,0.01974007250020629,2.9652043658644543e-16
noncanonical,0,1,recovered,2,0.015245435255891036,1.7217185118739973e-16
noncanonical,0,1,raw,3,0.018798174552418,3.8767782985138893e-16
noncanonical,0,1,recovered,3,0.011683071107510068,2.3779003229949316e-16
noncanonical,0,1,raw,4,0.011862749392951923,1.0443562779336027e-15
noncanonical,0,1,recovered,4,0.007790585223439712,3.706640031537942e-16
noncanonical,0,1,raw,5,0.01929673014931737,2.506548335313657e-16
noncanonical,0,1,recovered,5,0.013899833573424438,4.396711319492805e-16
noncanonical,0,1,raw,6,0.01385703670549317,6.41424139776988e-16
noncanonical,0,1,recovered,6,0.008878494107221309,5.863864124740365e-16
noncanonical,0,1,raw,7,0.016074432481249425,3.694014114408976e-16
noncanonical,0,1,recovered,7,0.00287383934962664,5.486637418439698e-16
noncanonical,0,1,raw,8,0.01929122823999352,5.219727611821094e-16
noncanonical,0,1,recovered,8,0.015018259176996708,2.499162911842744e-16
noncanonical,0,1,raw,9,0.012207124184704411,5.287003144850143e-16
noncanonical,0,1,recovered,9,0.011245999196451103,2.274770879901655e-16
noncanonical,0,1,raw,10,0.018951605249819023,5.090844487295028e-16
noncanonical,0,1,recovered,10,0.0033069533944913593,4.884109248593569e-16
noncanonical,0,1,raw,11,0.018531058133096245,6.60102441434528e-16
noncanonical,0,1,recovered,11,0.00953851626760463,3.1464376438051565e-16
noncanonical,0,1,raw,12,0.01944262535852802,3.533779311622131e-16
noncanonical,0,1,recovered,12,0.008278359785788286,3.672953093506504e-16
noncanonical,0,1,raw,13,0.019092834138416916,6.306782509831479e-16
noncanonical,0,1,recovered,13,-0.0015469523500214871,0.0017862667114166711
noncanonical,0,1,raw,14,0.011620411643932214,2.215205200731856e-16
noncanonical,0,1,recovered,14,0.008032579049831385,6.069134056659629e-16
noncanonical,0,1,raw,15,0.018285554933476098,2.4543502005054253e-16
noncanonical,0,1,recovered,15,0.017433462802661445,2.5278796193976655e-16
noncanonical,0,1,raw,16,0.008099220180906298,8.175753421607155e-16
noncanonical,0,1,recovered,16,-0.0033887354739021757,0.003912974676139787
noncanonical,0,1,raw,17,0.010371131548145587,7.130053775176216e-16
noncanonical,0,1,recovered,17,0.0015325612115143987,8.006738423300504e-16
noncanonical,0,1,raw,18,0.01771792357995664,5.928990087904545e-16
noncanonical,0,1,recovered,18,0.009376440080593665,4.2577150781841876e-16
noncanonical,0,1,raw,19,0.01174240501897908,4.517390511030132e-16
noncanonical,0,1,recovered,19,0.006585305991716184,3.4628487284663513e-16
noncanonical,0,1,raw,20,0.0163919627226238,9.952561180201966e-16
noncanonical,0,1,recovered,20,0.002584688125483023,4.374609456696512e-16
noncanonical,0,1,raw,21,0.01652628019248653,5.783612441677798e-16
noncanonical,0,1,recovered,21,0.007644584372027704,5.669396727346585e-16
noncanonical,0,1,raw,22,0.018803472599133647,4.529357057781866e-16
noncanonical,0,1,recovered,22,0.009479791522252737,2.7594664197224504e-16
noncanonical,0,1,raw,23,0.020087737116201796,1.2848564086366192e-15
noncanonical,0,1,recovered,23,0.008261492970813144,3.45842615120601e-16
noncanonical,0,1,raw,24,0.012129810498136172,1.0205801855648452e-15
noncanonical,0,1,recovered,24,0.013456167523997593,5.010085921227334e-16
noncanonical,0,1,raw,25,0.020658713479650672,3.696520805895957e-16
noncanonical,0,1,recovered,25,0.01513039725432792,2.630427036700006e-16
noncanonical,0,1,raw,26,0.014584987212378456,6.062929561353809e-16
noncanonical,0,1,recovered,26,0.022643485741252113,4.4039817137972e-16
noncanonical,0,1,raw,27,0.017114825317807152,7.672486002279518e-16
noncanonical,0,1,recovered,27,0.013464531137249606,3.176942518735062e-16
noncanonical,0,1,raw,28,0.015573879982441256,5.880127277154696e-16
noncanonical,0,1,recovered,28,0.01142543784052157,6.126220839958871e-16
noncanonical,0,1,raw,29,0.017641309990926175,4.783374164785523e-16
noncanonical,0,1,recovered,29,0.010492395632079815,2.0143904495452986e-16
noncanonical,0,1,raw,30,0.01173028329649328,6.744450050535278e-16
noncanonical,0,1,recovered,30,0.01081553026743635,3.4422987000240356e-16
noncanonical,0,1,raw,31,0.008249773658089297,5.490752626855878e-16
noncanonical,0,1,recovered,31,0.001860093800598005,3.5032020114916677e-16
noncanonical,0,1,raw,32,0.014154768655441585,4.3364617313679244e-16
noncanonical,0,1,recovered,32,0.0028077774459508943,2.27468626004745e-16
noncanonical,0,1,raw,33,0.01566478110539843,1.0758857715490692e-15
noncanonical,0,1,recovered,33,-0.00046143193818507373,0.000532815707447478
noncanonical,0,1,raw,34,0.015112652435355263,3.9003732766182403e-16
noncanonical,0,1,recovered,34,0.00656810125265504,3.2753975524194713e-16
noncanonical,0,1,raw,35,0.01987310269954088,8.397098720018456e-16
noncanonical,0,1,recovered,35,0.008490669808673863,2.320974764098284e-16
noncanonical,0,1,raw,36,0.010866937396930572,5.4028665149508e-16
noncanonical,0,1,recovered,36,0.013773946587706578,4.315510365503354e-16
noncanonical,0,1,raw,37,0.013427981595977249,3.3910308329179637e-16
noncanonical,0,1,recovered,37,0.0029916368893187686,5.384600120746969e-16
noncanonical,0,1,raw,38,0.011613127670161323,4.468416896398146e-16
noncanonical,0,1,recovered,38,0.013693747871210242,1.5672148966243738e-16
noncanonical,0,1,raw,39,0.0226580308395691,4.531245248456573e-16
noncanonical,0,1,recovered,39,0.005808517468717801,5.644172821546816e-16
noncanonical,0,1,raw,40,0.013237469666843442,2.5378076602594744e-16
noncanonical,0,1,recovered,40,0.004445921268192646,1.4492729604732424e-16
noncanonical,0,1,raw,41,0.013441265693336523,7.555811085261468e-16
noncanonical,0,1,recovered,41,0.018067278436217776,1.2218299479017113e-16
noncanonical,0,1,raw,42,0.014482964673043414,5.751072728570964e-16
noncanonical,0,1,recovered,42,0.011505894465290541,2.8160952938788677e-16
noncanonical,0,1,raw,43,0.01288398190556703,6.433822732137074e-16
noncanonical,0,1,recovered,43,0.010993126292404835,4.3162294106012524e-16
noncanonical,0,1,raw,44,0.012456253366342287,4.496682991960775e-16
noncanonical,0,1,recovered,44,0.013712688606099916,5.473897869842463e-16
noncanonical,0,1,raw,45,0.017810130626895397,6.111264595690047e-16
noncanonical,0,1,recovered,45,0.006060067508050437,3.469213840655184e-16
noncanonical,0,1,raw,46,0.016762129632411794,8.904058643685626e-16
noncanonical,0,1,recovered,46,0.01702291186693577,4.510656322678613e-16
noncanonical,0,1,raw,47,0.014166834994427596,3.370010109897073e-16
noncanonical,0,1,recovered,47,0.01006045069663555,3.403597805182632e-16
noncanonical,0,1,raw,48,0.020328346752398446,3.122731511926647e-16
noncanonical,0,1,recovered,48,0.008436901916206727,9.00731883224588e-16
noncanonical,0,1,raw,49,0.014694233086517457,2.251458000974621e-16
noncanonical,0,1,recovered,49,0.006508062276793898,7.384790626393187e-16
noncanonical,0,1,raw,50,0.020757660666680777,1.110321953665743e-15
noncanonical,0,1,recovered,50,-0.0030752367783277355,0.0035509775635784962
noncanonical,0,1,raw,51,0.01310395642560247,1.996223194279122e-16
noncanonical,0,1,recovered,51,0.008163795830313222,2.9041467806650273e-16
noncanonical,0,1,raw,52,0.010670223969348741,4.84518542244836e-16
noncanonical,0,1,recovered,52,0.0015509374281753511,9.213954491701374e-16
noncanonical,0,1,raw,53,0.008218769686465089,6.534418044741976e-16
noncanonical,0,1,recovered,53,0.009784914273703621,8.073297571602829e-16
noncanonical,0,1,raw,54,0.011266695607864106,2.354891112013297e-16
noncanonical,0,1,recovered,54,0.008606700369398007,7.695381109747799e-16
noncanonical,0,1,raw,55,0.022910608351570806,6.84528263513283e-16
noncanonical,0,1,recovered,55,0.010169951837933528,4.2904770226012457e-16
noncanonical,0,1,raw,56,0.018425636865125643,1.0523643169785866e-15
noncanonical,0,1,recovered,56,0.0030846453960634563,8.254522668408321e-16
noncanonical,0,1,raw,57,0.019151847916104386,6.603452400431913e-16
noncanonical,0,1,recovered,57,0.009860705280626129,4.934274484576894e-16
noncanonical,0,1,raw,58,0.01761567464175587,5.677844219034208e-16
noncanonical,0,1,recovered,58,0.002775342166071242,2.682799070143489e-16
noncanonical,0,1,raw,59,0.020712015140237672,5.501651642330741e-16
noncanonical,0,1,recovered,59,0.008850920477007966,4.2510150037339086e-16
noncanonical,0,1,raw,60,0.017604873391252024,5.447383896244297e-16
noncanonical,0,1,recovered,60,0.013906652900117139,7.952336100517514e-16
noncanonical,0,1,raw,61,0.018096078705408403,9.087315019792863e-16
noncanonical,0,1,recovered,61,0.01500474463112895,4.981988144037474e-16
noncanonical,0,1,raw,62,0.013457861503665668,6.8768939629904215e-16
noncanonical,0,1,recovered,62,0.003240349956009201,2.244844198171787e-16
noncanonical,0,1,raw,63,0.011468660972706296,4.3831138726579594e-16
noncanonical,0,1,recovered,63,0.007094686224310718,7.751812312568543e-16
noncanonical,0,1,raw,64,0.008059129741863723,6.660140900261042e-16
noncanonical,0,1,recovered,64,-0.004250438144446463,0.004907983213740031
noncanonical,0,1,raw,65,0.01638815273756824,5.169450490511883e-16
noncanonical,0,1,recovered,65,0.00757531234231006,8.670236178470145e-16
noncanonical,0,1,raw,66,0.011957373093836333,6.875405354819566e-16
noncanonical,0,1,recovered,66,0.0032830238353266216,2.9885615464794774e-16
noncanonical,0,1,raw,67,0.020310621993278516,6.363385661795271e-16
noncanonical,0,1,recovered,67,0.010327312402860249,4.64794221508608e-16
noncanonical,0,1,raw,68,0.011289386306434888,2.4342944098665707e-16
noncanonical,0,1,recovered,68,0.008177868729317972,4.191224389575546e-16
noncanonical,0,1,raw,69,0.01371964375687987,2.4476819155710075e-16
noncanonical,0,1,recovered,69,0.01280954905205614,6.601175589336596e-16
noncanonical,0,1,raw,70,0.019737292534130677,4.0089005391508357e-16
noncanonical,0,1,recovered,70,0.010781902796432064,3.657502316528121e-16
noncanonical,0,1,raw,71,0.01307613539329336,3.7870658869380255e-16
noncanonical,0,1,recovered,71,0.012278455721678263,3.032672982148389e-16
noncanonical,0,1,raw,72,0.017378944128070877,3.592126461431433e-16
noncanonical,0,1,recovered,72,0.013148390613599372,5.955210567976679e-16
noncanonical,0,1,raw,73,0.011976812751024345,4.3889403863643907e-16
noncanonical,0,1,recovered,73,0.01081727654532113,4.631926892019792e-16
noncanonical,0,1,raw,74,0.02078791415156827,5.911122744042925e-16
noncanonical,0,1,recovered,74,0.004865822914533485,3.0148167114451363e-16
noncanonical,0,1,raw,75,0.015782266502610772,5.590104345235538e-16
noncanonical,0,1,recovered,75,0.015851554385326216,3.4871083754262886e-16
noncanonical,0,1,raw,76,0.021772147894528145,4.165707359450366e-16
noncanonical,0,1,recovered,76,0.01586208600357321,3.340891192470623e-16
noncanonical,0,1,raw,77,0.019001450197138763,4.781173741821193e-16
noncanonical,0,1,recovered,77,0.003082617552136874,2.8396432633635813e-16
noncanonical,0,1,raw,78,0.00947264245535201,4.0063759899750804e-16
noncanonical,0,1,recovered,78,0.005313181020292602,2.5422837141424586e-16
noncanonical,0,1,raw,79,0.019406593049684357,6.487570826680199e-16
noncanonical,0,1,recovered,79,0.00539947138000796,3.5283093866456586e-16
noncanonical,0,1,raw,80,0.01827722576828059,5.04373367698349e-16
noncanonical,0,1,recovered,80,0.010313892465788975,5.952291650446575e-16
noncanonical,0,1,raw,81,0.012113327763532402,1.2891948554142226e-15
noncanonical,0,1,recovered,81,0.002096533637995875,2.0403290699728027e-16
noncanonical,0,1,raw,82,0.018215406475607602,3.90311577423842e-16
noncanonical,0,1,recovered,82,0.006314533594847537,2.633726033271805e-16
noncanonical,0,1,raw,83,0.010939217548089117,6.046317022966262e-16
noncanonical,0,1,recovered,83,0.012467212384815815,3.2907205956858515e-16
noncanonical,0,1,raw,84,0.012732584352175665,2.5421616435971845e-16
noncanonical,0,1,recovered,84,0.0020999202952789583,4.420167666623341e-16
noncanonical,0,1,raw,85,0.01435038614015186,5.510703468207146e-16
noncanonical,0,1,recovered,85,0.021121580404504518,2.5682586920408996e-16
noncanonical,0,1,raw,86,0.012795084951680398,3.6531068807023007e-16
noncanonical,0,1,recovered,86,0.009020653325127923,1.6626472743479187e-16
noncanonical,0,1,raw,87,0.017703550766594738,7.891752630222404e-16
noncanonical,0,1,recovered,87,-0.002434182455342813,0.002810751791697531
noncanonical,0,1,raw,88,0.01776208129298814,6.195044226808814e-16
noncanonical,0,1,recovered,88,0.00505972714389756,5.472290103402096e-16
noncanonical,0,1,raw,89,0.0212102299639436,4.391318081707474e-16
noncanonical,0,1,recovered,89,0.016445144477064737,1.9852142946724053e-16
noncanonical,0,1,raw,90,0.016080911177220145,3.213607407191199e-16
noncanonical,0,1,recovered,90,0.010729488445033089,2.823234144511161e-16
noncanonical,0,1,raw,91,0.013154853026521782,1.0499925698273847e-15
noncanonical,0,1,recovered,91,0.0070948991091503355,3.81149111032314e-16
noncanonical,0,1,raw,92,0.008725019050670484,3.800411795761997e-16
noncanonical,0,1,recovered,92,0.004471088583519484,5.252799186639103e-16
noncanonical,0,1,raw,93,0.017304113512622593,5.349925062480819e-16
noncanonical,0,1,recovered,93,0.013673230019383812,2.343811395063606e-16
noncanonical,0,1,raw,94,0.017372073578744106,8.46131769943919e-16
noncanonical,0,1,recovered,94,0.0055869617784170085,1.7762292317742773e-16
noncanonical,0,1,raw,95,0.020185938466726394,2.291512012770438e-16
noncanonical,0,1,recovered,95,-0.00029275439116239907,0.00033804365308806074
noncanonical,0,1,raw,96,0.008654517997365652,5.442527305510695e-16
noncanonical,0,1,recovered,96,0.013029148943381145,2.2009512395468757e-16
noncanonical,0,1,raw,97,0.013207366936863384,3.7603507598363544e-16
noncanonical,0,1,recovered,97,0.004118027367463717,3.801975330830336e-16
noncanonical,0,1,raw,98,0.01542894644765729,7.578508970852352e-16
noncanonical,0,1,recovered,98,0.009500578162399211,2.616415049138475e-16
noncanonical,0,1,raw,99,0.026494011179492218,4.6624608987269535e-16
noncanonical,0,1,recovered,99,0.0095046473738267,2.5582981129344394e-16
noncanonical,0,1,raw,100,0.019282683603032938,3.983126825337171e-16
noncanonical,0,1,recovered,100,0.009587273663402437,2.977300499438646e-16
noncanonical,0,1,raw,101,0.02481485660685324,1.0195353455038069e-15
noncanonical,0,1,recovered,101,0.0135004517062415,3.805534180917389e-16
noncanonical,0,1,raw,102,0.018186177133845988,5.95131519950297e-16
noncanonical,0,1,recovered,102,0.009180022190945773,4.618530222546459e-16
noncanonical,0,1,raw,103,0.019572215111322656,3.6686735769335244e-16
noncanonical,0,1,recovered,103,0.01559043460604641,3.454849988951636e-16
noncanonical,0,1,raw,104,0.01979655710663442,7.465960067843673e-16
noncanonical,0,1,recovered,104,0.0127625028638246,6.242096066256792e-16
noncanonical,0,1,raw,105,0.016156122528654726,7.10241106833564e-16
noncanonical,0,1,recovered,105,0.006427285136764638,4.914881581795248e-16
noncanonical,0,1,raw,106,0.013261311733558056,2.648742964380907e-16
noncanonical,0,1,recovered,106,-0.003142136847672473,0.003628227109668449
noncanonical,0,1,raw,107,0.016764119184578694,5.938667742033584e-16
noncanonical,0,1,recovered,107,0.0046996077513233965,2.1959930875648445e-16
noncanonical,0,1,raw,108,0.014908757224951108,3.8848560002300864e-16
noncanonical,0,1,recovered,108,0.009785261485663053,5.023687005599912e-16
noncanonical,0,1,raw,109,0.019787063814368507,5.027556242657379e-16
noncanonical,0,1,recovered,109,0.002006201586271034,9.373913418957625e-16
noncanonical,0,1,raw,110,0.013012775534229202,5.709773872579191e-16
noncanonical,0,1,recovered,110,0.004712342902332834,2.741137559863517e-16
noncanonical,0,1,raw,111,0.018041284578447954,4.855140373982916e-16
noncanonical,0,1,recovered,111,0.015196903358488369,2.711445488322504e-16
noncanonical,0,1,raw,112,0.012819897847471588,4.06320122776699e-16
noncanonical,0,1,recovered,112,0.006946047628439161,6.16912217523344e-16
noncanonical,0,1,raw,113,0.0180575030184229,2.8825720493397745e-16
noncanonical,0,1,recovered,113,0.0023059901675453413,6.708851710816889e-16
noncanonical,0,1,raw,114,0.01726721948348212,8.256513835104415e-16
noncanonical,0,1,recovered,114,0.009696891311762991,4.2489793227464284e-16
noncanonical,0,1,raw,115,0.014888353707296992,4.2360832681552107e-16
noncanonical,0,1,recovered,115,0.004489630134166845,5.777348675780455e-16
noncanonical,0,1,raw,116,0.013485976616570083,8.041685310919979e-16
noncanonical,0,1,recovered,116,0.01920604730634361,9.38750501595866e-16
noncanonical,0,1,raw,117,0.009566217678675843,3.8304161529842535e-16
noncanonical,0,1,recovered,117,0.013767922837545063,2.07972756116784e-16
noncanonical,0,1,raw,118,0.02021800274223438,8.098560309849221e-16
noncanonical,0,1,recovered,118,0.009495110462532758,3.8193277199904376e-16
noncanonical,0,1,raw,119,0.015333085598158193,2.8278453623744523e-16
noncanonical,0,1,recovered,119,0.022846181008255497,3.8880693212042884e-16
noncanonical,0,1,raw,120,0.0133908798883641,2.44222453657746e-16
noncanonical,0,1,recovered,120,0.0038758349531309803,7.256011030909103e-16
noncanonical,0,1,raw,121,0.016479180918948996,3.544296535209414e-16
noncanonical,0,1,recovered,121,0.008309432949012154,3.801073655322723e-16
noncanonical,0,1,raw,122,0.016315706280432073,1.0287352659900566e-15
noncanonical,0,1,recovered,122,0.010384081776675592,7.010628312406577e-16
noncanonical,0,1,raw,123,0.01644908850571004,1.210588054308203e-15
noncanonical,0,1,recovered,123,0.011078451374883135,5.334231717028029e-16
noncanonical,0,1,raw,124,0.013829662157644302,7.6998917746151e-16
noncanonical,0,1,recovered,124,0.013504062038087327,7.3457960921992155e-16
noncanonical,0,1,raw,125,0.016760608178057537,3.463022526992319e-16
noncanonical,0,1,recovered,125,0.00707897967721651,2.3925116633207366e-16
noncanonical,0,1,raw,126,0.016601263753060796,6.035610834360273e-16
noncanonical,0,1,recovered,126,0.01094133744270306,4.615025737200432e-16
noncanonical,0,1,raw,127,0.019874188670638636,6.568090675923634e-16
noncanonical,0,1,recovered,127,0.014453220880641972,3.3081195448629963e-16
noncanonical,0,1,raw,128,0.009238999720830698,7.997998271530745e-16
noncanonical,0,1,recovered,128,0.012642447078805238,1.4985164531473184e-16
noncanonical,0,1,raw,129,0.02334588537968241,6.748640438076388e-16
noncanonical,0,1,recovered,129,0.018518614501085908,5.339751065061209e-16
noncanonical,0,1,raw,130,0.018696038014111578,7.219243025029803e-16
noncanonical,0,1,recovered,130,0.004302625878263291,3.763007253773839e-16
noncanonical,0,1,raw,131,0.018344500936837975,4.1576822285484746e-16
noncanonical,0,1,recovered,131,0.01429324717880618,4.418703696702075e-16
noncanonical,0,1,raw,132,0.008636293655760756,4.133799999664436e-16
noncanonical,0,1,recovered,132,0.01248135905037703,2.3384066826036705e-16
noncanonical,0,1,raw,133,0.019846429616503607,9.27292061668579e-16
noncanonical,0,1,recovered,133,0.01342738377988567,6.527598710362152e-16
noncanonical,0,1,raw,134,0.014573555170758073,5.246040130630529e-16
noncanonical,0,1,recovered,134,0.0020356884909047386,1.680033451929222e-16
noncanonical,0,1,raw,135,0.01529010743836444,9.679875519118368e-16
noncanonical,0,1,recovered,135,0.008798887086754918,1.6735811601447004e-16
noncanonical,0,1,raw,136,0.018650915264253737,4.526844130986452e-16
noncanonical,0,1,recovered,136,0.006667027882155735,2.2066496230506948e-16
noncanonical,0,1,raw,137,0.018287846556194257,5.045794441751936e-16
noncanonical,0,1,recovered,137,0.009309149536038133,5.65380486084455e-16
noncanonical,0,1,raw,138,0.0163177285110104,4.78648920787193e-16
noncanonical,0,1,recovered,138,0.018217011902723623,1.993571714277597e-16
noncanonical,0,1,raw,139,0.014705540177696663,8.597145422974496e-16
noncanonical,0,1,recovered,139,0.00018580253273254736,1.6182660852503539e-16
noncanonical,0,1,raw,140,0.016094979243000792,2.0154434791940404e-16
noncanonical,0,1,recovered,140,0.009522142241312067,1.6097565563405822e-16
noncanonical,0,1,raw,141,0.00627981018191262,4.2908596451446047e-16
noncanonical,0,1,recovered,141,0.00736645112976697,2.360666431870262e-16
noncanonical,0,1,raw,142,0.014776408656751788,6.1592761071666245e-16
noncanonical,0,1,recovered,142,0.010813329258432817,5.094967910299048e-16
noncanonical,0,1,raw,143,0.01748101024306132,4.657922314986486e-16
noncanonical,0,1,recovered,143,0.006594650928593563,5.541979979501919e-16
noncanonical,0,1,raw,144,0.012070026848245295,3.990830231858672e-16
noncanonical,0,1,recovered,144,0.009587284910629313,1.8621354590077586e-16
noncanonical,0,1,raw,145,0.02222928102449319,3.268147208189416e-16
noncanonical,0,1,recovered,145,0.005191452081476261,7.020769564433263e-16
noncanonical,0,1,raw,146,0.019843014110280305,5.119785881232152e-16
noncanonical,0,1,recovered,146,0.0001030259325023335,4.904913373087082e-16
noncanonical,0,1,raw,147,0.01961809724953231,5.90327727642347e-16
noncanonical,0,1,recovered,147,-0.0019390449523400226,0.002239016250408287
noncanonical,0,1,raw,148,0.017700738997711657,6.323585353848116e-16
noncanonical,0,1,recovered,148,0.004842826143526781,2.635267072909678e-16
noncanonical,0,1,raw,149,0.01423239900622959,2.0961102425469628e-16
noncanonical,0,1,recovered,149,0.012765844769282497,2.8096429379288243e-16
noncanonical,0,1,raw,150,0.01553687674879816,8.002778921774249e-16
noncanonical,0,1,recovered,150,0.008247302027756155,2.3603243152840343e-16
noncanonical,0,1,raw,151,0.01441995256936285,4.64072276922472e-16
noncanonical,0,1,recovered,151,-0.001668087667073506,0.0019261417272333384
noncanonical,0,1,raw,152,0.01614644293551896,8.724079148900771e-16
noncanonical,0,1,recovered,152,0.0034530595369635683,1.955311651450493e-16
noncanonical,0,1,raw,153,0.018591913161550042,5.24968139266755e-16
noncanonical,0,1,recovered,153,0.0032715287261772387,4.757592789895109e-16
noncanonical,0,1,raw,154,0.017939293410530507,3.5854892054030373e-16
noncanonical,0,1,recovered,154,0.001332922967937877,3.8418936135519796e-16
noncanonical,0,1,raw,155,0.01684084974521005,3.4757945699585676e-16
noncanonical,0,1,recovered,155,0.0010058882796131934,4.016634117582442e-16
noncanonical,0,1,raw,156,0.011558099335509543,4.100196321513366e-16
noncanonical,0,1,recovered,156,-0.0025734543041894035,0.0029715690705415967
noncanonical,0,1,raw,157,0.012180250564205592,4.0555863037839585e-16
noncanonical,0,1,recovered,157,0.010209996261932561,3.1867031378595855e-16
noncanonical,0,1,raw,158,0.017250650159721635,5.675293735705859e-16
noncanonical,0,1,recovered,158,0.0010959225847299724,2.702823598477083e-16
noncanonical,0,1,raw,159,0.017689082866403093,1.878136106911078e-16
noncanonical,0,1,recovered,159,0.004177499286272939,3.893908442184454e-16
noncanonical,0,1,raw,160,0.014763788306946768,7.057521581286901e-16
noncanonical,0,1,recovered,160,0.002764529943053229,4.4080039066595797e-16
noncanonical,0,1,raw,161,0.014860523337968872,5.316796569777105e-16
noncanonical,0,1,recovered,161,0.008963125913408492,3.7798117873518116e-16
noncanonical,0,1,raw,162,0.01473925920982546,7.944664219821225e-16
noncanonical,0,1,recovered,162,0.006938171836781955,3.222079947218043e-16
noncanonical,0,1,raw,163,0.018991333020332724,8.157704299108278e-16
noncanonical,0,1,recovered,163,0.0027748119319783784,4.266132617627173e-16
noncanonical,0,1,raw,164,0.012421895493186093,6.464016625695405e-16
noncanonical,0,1,recovered,164,0.006344029467490966,2.966478588003058e-16
noncanonical,0,1,raw,165,0.010540265572045307,2.2630418738574014e-16
noncanonical,0,1,recovered,165,0.004068113847413569,3.9819095707103883e-16
noncanonical,0,1,raw,166,0.015237554681848266,5.274153148217529e-16
noncanonical,0,1,recovered,166,0.008580129915891459,5.935112434435961e-16
noncanonical,0,1,raw,167,0.01964434823488243,5.83941939952155e-16
noncanonical,0,1,recovered,167,0.007744378015462893,6.540764456901257e-16
noncanonical,0,1,raw,168,0.017275084269035092,4.2650711017172667e-16
noncanonical,0,1,recovered,168,0.014170610959315669,4.627342419658006e-16
noncanonical,0,1,raw,169,0.017145838547054842,7.52211997521068e-16
noncanonical,0,1,recovered,169,0.008451881125936832,3.1644575952017587e-16
noncanonical,0,1,raw,170,0.009310569947933089,8.620668126623425e-16
noncanonical,0,1,recovered,170,0.007758959844849826,3.8357755126691955e-16
noncanonical,0,1,raw,171,0.016007368125105743,2.189912332674786e-16
noncanonical,0,1,recovered,171,0.01190875112623474,3.3462252106678557e-16
noncanonical,0,1,raw,172,0.01653912601085603,7.409782483033032e-16
noncanonical,0,1,recovered,172,0.013883046951342244,4.1455195624818813e-16
noncanonical,0,1,raw,173,0.010600482434855072,4.575976707095573e-16
noncanonical,0,1,recovered,173,0.0017319015672977549,3.0783155647554907e-16
noncanonical,0,1,raw,174,0.019498820462403945,5.584789271947768e-16
noncanonical,0,1,recovered,174,0.00804338185015168,4.1671293221635474e-16
noncanonical,0,1,raw,175,0.023104259878488458,6.503951081880826e-16
noncanonical,0,1,recovered,175,0.006013420837753643,1.9302745249896454e-16
noncanonical,0,1,raw,176,0.01836180541401668,3.507877780050924e-16
noncanonical,0,1,recovered,176,0.007985648665130076,6.171764847126483e-16
noncanonical,0,1,raw,177,0.01747211898837907,4.3181070786891995e-16
noncanonical,0,1,recovered,177,0.008648074778442004,5.644522699086834e-16
noncanonical,0,1,raw,178,0.018962999744845752,3.4358474616071543e-16
noncanonical,0,1,recovered,178,0.005914346535296506,2.8919604802097194e-16
noncanonical,0,1,raw,179,0.014041678156969793,7.422673271798852e-16
noncanonical,0,1,recovered,179,0.003468136236575745,3.2702474370301985e-16
noncanonical,0,1,raw,180,0.020284601885488945,4.89012921070824e-16
noncanonical,0,1,recovered,180,0.009420974452410363,4.1810074755795726e-16
noncanonical,0,1,raw,181,0.020429829988328468,3.5990261363900255e-16
noncanonical,0,1,recovered,181,0.005267862767342085,2.1130541266525513e-16
noncanonical,0,1,raw,182,0.018206618247377696,4.679868724183833e-16
noncanonical,0,1,recovered,182,0.012324158228796867,3.083619271271581e-16
noncanonical,0,1,raw,183,0.02142355222636792,1.0986402453955806e-15
noncanonical,0,1,recovered,183,0.013307573091142397,1.7504946883522686e-16
noncanonical,0,1,raw,184,0.016689464313033205,2.425792302833763e-16
noncanonical,0,1,recovered,184,0.008416400225760165,6.833775746927796e-16
noncanonical,0,1,raw,185,0.013460729974396644,2.7311291601279133e-16
noncanonical,0,1,recovered,185,0.006701740257735659,5.144673546687368e-16
noncanonical,0,1,raw,186,0.01789581088064691,4.503758598341995e-16
noncanonical,0,1,recovered,186,0.007766477748046452,2.0901528319152265e-16
noncanonical,0,1,raw,187,0.019997999466975072,6.649537702844284e-16
noncanonical,0,1,recovered,187,0.007598547573110642,2.5138232170826397e-16
noncanonical,0,1,raw,188,0.018184408394269765,2.955680686474079e-16
noncanonical,0,1,recovered,188,0.009986386151771977,4.885857215896304e-16
noncanonical,0,1,raw,189,0.012028614656510051,3.3747227305446467e-16
noncanonical,0,1,recovered,189,0.011000076287125167,3.239333375790135e-16
noncanonical,0,1,raw,190,0.019077340289866438,3.689688936337262e-16
noncanonical,0,1,recovered,190,0.007546805911701034,3.754295231789848e-16
noncanonical,0,1,raw,191,0.01783281955367187,2.610054545237902e-16
noncanonical,0,1,recovered,191,0.0051217808218518126,1.505416180578287e-16
noncanonical,0,1,raw,192,0.022947450182513096,1.7105728122405228e-16
noncanonical,0,1,recovered,192,0.005588852865343125,6.849083533196648e-16
noncanonical,0,1,raw,193,0.015651037823041693,2.2271528915361403e-16
noncanonical,0,1,recovered,193,0.009528129664603237,4.463534857215561e-16
noncanonical,0,1,raw,194,0.016079047057163693,8.573038256592873e-16
noncanonical,0,1,recovered,194,0.019328123670184407,7.479668689053495e-16
noncanonical,0,1,raw,195,0.01696262490339572,4.1376744780914017e-16
noncanonical,0,1,recovered,195,0.006039553459312214,7.848528817890943e-16
noncanonical,0,1,raw,196,0.01217444867631244,8.286233128904746e-16
noncanonical,0,1,recovered,196,0.0043006939381381015,3.135577164451932e-16
noncanonical,0,1,raw,197,0.011658551528508585,3.7473088823255223e-16
noncanonical,0,1,recovered,197,0.0011394193503332449,2.7315853523777624e-16
noncanonical,0,1,raw,198,0.023425417615696286,3.163017829638528e-16
noncanonical,0,1,recovered,198,0.012324254263122357,3.9758922132572824e-16
noncanonical,0,1,raw,199,0.01908479956491955,3.5646100851996806e-16
noncanonical,0,1,recovered,199,0.00953703082805024,5.615847425657844e-16
noncanonical,0,1,raw,200,0.020425777126860212,4.095679004130846e-16
noncanonical,0,1,recovered,200,0.006386619868996161,4.946243910766442e-16
noncanonical,0,1,raw,201,0.01500924702002998,1.116452753171364e-15
noncanonical,0,1,recovered,201,0.012155738931333293,2.863844053161489e-16
noncanonical,0,1,raw,202,0.016577908714354116,5.953261622713929e-16
noncanonical,0,1,recovered,202,-0.0025774607347565878,0.002976195298074791
noncanonical,0,1,raw,203,0.005626038935721291,1.1422951983014175e-15
noncanonical,0,1,recovered,203,0.015683097429320905,6.522548735596932e-16
noncanonical,0,1,raw,204,0.01497096143211453,4.724985673877448e-16
noncanonical,0,1,recovered,204,0.006031641461816117,5.205963570102711e-16
noncanonical,0,1,raw,205,0.011447744513840119,3.7312284954809764e-16
noncanonical,0,1,recovered,205,0.02018540150895067,3.0667788723541553e-16
noncanonical,0,1,raw,206,0.01247304480778206,4.192781245551029e-16
noncanonical,0,1,recovered,206,0.008251941785510856,7.50371240138456e-16
noncanonical,0,1,raw,207,0.015936959385455945,3.431098200891824e-16
noncanonical,0,1,recovered,207,0.009743150526919184,3.154026766264891e-16
noncanonical,0,1,raw,208,0.013549570933410802,7.5509238313582285e-16
noncanonical,0,1,recovered,208,0.010264098901041102,2.9798641389438367e-16
noncanonical,0,1,raw,209,0.018262124520805736,8.863828005858139e-16
noncanonical,0,1,recovered,209,0.01520967089455449,6.407766923571825e-16
noncanonical,0,1,raw,210,0.011223926369261143,4.173803804695445e-16
noncanonical,0,1,recovered,210,0.0004531734023722177,4.906972069658948e-16
noncanonical,0,1,raw,211,0.012897601013809712,6.550045707990425e-16
noncanonical,0,1,recovered,211,0.007569121599957464,3.847255317199981e-16
noncanonical,0,1,raw,212,0.016537518878307445,3.0270878056812176e-16
noncanonical,0,1,recovered,212,0.003901492496342118,4.05627260039134e-16
noncanonical,0,1,raw,213,0.019506615881649578,6.420155689784703e-16
noncanonical,0,1,recovered,213,0.005154097142987162,2.916941522505232e-16
noncanonical,0,1,raw,214,0.01899364928183584,4.430028318382116e-16
noncanonical,0,1,recovered,214,0.009148972697943547,3.4261955177324006e-16
noncanonical,0,1,raw,215,0.00664051982469069,7.004470996687338e-16
noncanonical,0,1,recovered,215,0.013811850186656444,5.6997926087955435e-16
noncanonical,0,1,raw,216,0.016393822680528546,3.8969839918791714e-16
noncanonical,0,1,recovered,216,0.005031768367705587,4.2982872081491147e-16
noncanonical,0,1,raw,217,0.019789215692422566,2.0922124374369986e-16
noncanonical,0,1,recovered,217,0.003904092114549527,4.094012868379128e-16
noncanonical,0,1,raw,218,0.02079281432561986,6.092686239102424e-16
noncanonical,0,1,recovered,218,0.016173394567521347,2.902392812937545e-16
noncanonical,0,1,raw,219,0.01702598999716605,3.309540073539657e-16
noncanonical,0,1,recovered,219,0.0066167020967597325,3.2732323952838796e-16
noncanonical,0,1,raw,220,0.021255604096998892,8.873939324984488e-16
noncanonical,0,1,recovered,220,0.010110791125253791,4.291851240831914e-16
noncanonical,0,1,raw,221,0.007357313824029067,3.393951125543466e-16
noncanonical,0,1,recovered,221,0.007650001861323077,3.5670775447050605e-16
noncanonical,0,1,raw,222,0.021440654019015147,4.567914499108293e-16
noncanonical,0,1,recovered,222,0.009252805371113516,2.1373604257748495e-16
noncanonical,0,1,raw,223,0.015710061130596923,3.282342529280532e-16
noncanonical,0,1,recovered,223,0.019373011752679175,1.680238141077997e-16
noncanonical,0,1,raw,224,0.013492755969508274,3.71524438190135e-16
noncanonical,0,1,recovered,224,0.011472071128924462,2.6990149874271757e-16
noncanonical,0,1,raw,225,0.014411013328339254,3.588975809593484e-16
noncanonical,0,1,recovered,225,0.01867677212442002,3.495397854866118e-16
noncanonical,0,1,raw,226,0.018437204812998525,1.0830601453318916e-15
noncanonical,0,1,recovered,226,0.013425694574999657,2.848487786597068e-16
noncanonical,0,1,raw,227,0.015916540942366234,1.0770684188285377e-15
noncanonical,0,1,recovered,227,0.006224365966303625,3.3288008422645797e-16
noncanonical,0,1,raw,228,0.02137248979574075,5.202641478269743e-16
noncanonical,0,1,recovered,228,0.010014269156532736,2.6436468654062115e-16
noncanonical,0,1,raw,229,0.01951935780079532,6.183674830797583e-16
noncanonical,0,1,recovered,229,0.007112809457991316,6.076657504464218e-16
noncanonical,0,1,raw,230,0.015863258763702575,9.342496577466224e-16
noncanonical,0,1,recovered,230,0.00887929897677265,2.6627126855464447e-16
noncanonical,0,1,raw,231,0.015549853914432994,9.095891494069801e-16
noncanonical,0,1,recovered,231,0.006064127875706649,3.2587935957639244e-16
noncanonical,0,1,raw,232,0.01370698058965843,1.0462520179839283e-15
noncanonical,0,1,recovered,232,0.011507713390756853,2.6203800567038384e-16
noncanonical,0,1,raw,233,0.02123250597511124,1.1514122122180914e-15
noncanonical,0,1,recovered,233,0.011817167376847322,3.4823307954567985e-16
noncanonical,0,1,raw,234,0.017534991399002952,3.6944112266168186e-16
noncanonical,0,1,recovered,234,0.016388687734713855,2.039729806990713e-16
noncanonical,0,1,raw,235,0.011295045390941965,1.0712206397944287e-15
noncanonical,0,1,recovered,235,0.008200024243407666,1.6590999980483157e-16
noncanonical,0,1,raw,236,0.017762996374191112,6.157154259388518e-16
noncanonical,0,1,recovered,236,0.00561232060358338,5.858237404321581e-16
noncanonical,0,1,raw,237,0.020086129012800828,5.989536320827176e-16
noncanonical,0,1,recovered,237,0.00536369801910549,2.84032166024346e-16
noncanonical,0,1,raw,238,0.012955059508176341,4.898858789019068e-16
noncanonical,0,1,recovered,238,0.0023584544226521436,3.6576874340080944e-16
noncanonical,0,1,raw,239,0.01822318544511697,1.438827379131831e-16
noncanonical,0,1,recovered,239,0.006127072076329922,7.706822642802542e-16
noncanonical,0,1,raw,240,0.01623635952914696,8.593337995116772e-16
noncanonical,0,1,recovered,240,0.013745048787145366,6.028870719018167e-16
noncanonical,0,1,raw,241,0.01981422528217927,1.0594312140356046e-15
noncanonical,0,1,recovered,241,0.009197970255472435,5.32005803929076e-16
noncanonical,0,1,raw,242,0.015910780418574962,4.2494097735504935e-16
noncanonical,0,1,recovered,242,0.015002154493686738,2.8258027774422295e-16
noncanonical,0,1,raw,243,0.018260466619194025,4.331744677623497e-16
noncanonical,0,1,recovered,243,0.0027136951563532536,3.621266743273294e-16
noncanonical,0,1,raw,244,0.016665325482052004,5.759452568930814e-16
noncanonical,0,1,recovered,244,0.00015961241257726166,4.2624983373768007e-16
noncanonical,0,1,raw,245,0.01935754958958107,5.078938104735346e-16
noncanonical,0,1,recovered,245,0.007808660209159375,2.8313548958147564e-16
noncanonical,0,1,raw,246,0.01687775435722879,1.2955818384062394e-15
noncanonical,0,1,recovered,246,0.0006919187981529631,4.362068863756716e-16
noncanonical,0,1,raw,247,0.017593891745167334,5.570294616180016e-16
noncanonical,0,1,recovered,247,0.000152945995479244,5.403700391219892e-16
noncanonical,0,1,raw,248,0.01563941973448482,2.5935711398236664e-16
noncanonical,0,1,recovered,248,0.001814457203418348,5.844743957205627e-16
noncanonical,0,1,raw,249,0.012874706655896283,2.7354178014763673e-16
noncanonical,0,1,recovered,249,0.008877132279458761,6.81534694466336e-16
noncanonical,0,1,raw,250,0.016213641322637952,1.2518039023290582e-15
noncanonical,0,1,recovered,250,0.005359668310553648,4.627844296721064e-16
noncanonical,0,1,raw,251,0.00988343599059017,1.2599422808281841e-15
noncanonical,0,1,recovered,251,0.01883054801017543,2.1668859302982576e-16
noncanonical,0,1,raw,252,0.012331421362413003,3.674057707779925e-16
noncanonical,0,1,recovered,252,0.01555261441783467,4.1294845490205125e-16
noncanonical,0,1,raw,253,0.013622260952311064,5.963078831130134e-16
noncanonical,0,1,recovered,253,0.01670587162700831,5.204174041936408e-16
noncanonical,0,1,raw,254,0.019569702243328917,4.0316929203591957e-16
noncanonical,0,1,recovered,254,0.0031404048007802024,5.106875360157103e-16
noncanonical,0,1,raw,255,0.017063555424693774,9.05148389827805e-16
noncanonical,0,1,recovered,255,0.013250490753014087,5.141209421646104e-16
noncanonical,0,1,raw,256,0.014715477050708402,3.205485482709244e-16
noncanonical,0,1,recovered,256,0.005013801033676523,2.659535332353949e-16
noncanonical,0,1,raw,257,0.015773462700315585,1.3151126192255152e-15
noncanonical,0,1,recovered,257,0.004138785716807974,3.8793329463460217e-16
noncanonical,0,1,raw,258,0.017472378367623494,1.0447262430597067e-15
noncanonical,0,1,recovered,258,0.010182940735600754,4.310011156217871e-16
noncanonical,0,1,raw,259,0.01043174690673565,2.7224728898874237e-16
noncanonical,0,1,recovered,259,0.011077068994351536,5.686788294889825e-16
noncanonical,0,1,raw,260,0.01717594359434936,4.685347292679455e-16
noncanonical,0,1,recovered,260,0.018326118472433376,3.490659992267849e-16
noncanonical,0,1,raw,261,0.022423448928192456,9.398844514773207e-16
noncanonical,0,1,recovered,261,0.00761038214634111,5.829319428428617e-16
noncanonical,0,1,raw,262,0.018354222537845542,1.1315253313073519e-15
noncanonical,0,1,recovered,262,0.012191772472527987,2.452318640516776e-16
noncanonical,0,1,raw,263,0.01301088133651879,9.395466071996024e-16
noncanonical,0,1,recovered,263,0.0012265883729352608,9.743835370490129e-17
noncanonical,0,1,raw,264,0.018014803061245106,8.966423022712565e-16
noncanonical,0,1,recovered,264,0.009962700144391714,3.4731231601780663e-16
noncanonical,0,1,raw,265,0.01206260072824787,5.614946451471818e-16
noncanonical,0,1,recovered,265,0.006364906262570697,5.617683257461091e-16
noncanonical,0,1,raw,266,0.015989743534119208,3.6651037098435163e-16
noncanonical,0,1,recovered,266,0.005039770938559202,1.4548425743791632e-16
noncanonical,0,1,raw,267,0.01559726296457461,6.19901105204212e-16
noncanonical,0,1,recovered,267,0.009143704127193038,3.4948250929114833e-16
noncanonical,0,1,raw,268,0.01985075095655778,4.879509182698708e-16
noncanonical,0,1,recovered,268,0.00046110252944446,2.391465900900253e-16
noncanonical,0,1,raw,269,0.01900180267123965,6.574533316991663e-16
noncanonical,0,1,recovered,269,0.019878418687112424,2.1883938011137009e-16
noncanonical,0,1,raw,270,0.01736350865479829,6.219149994213815e-16
noncanonical,0,1,recovered,270,0.010240624976970866,3.3296044656604964e-16
noncanonical,0,1,raw,271,0.024439338404450173,5.633567279201658e-16
noncanonical,0,1,recovered,271,0.009343272963319292,1.5603865389177156e-16
noncanonical,0,1,raw,272,0.008641433377626363,4.3820399201656377e-16
noncanonical,0,1,recovered,272,0.0012359244238525288,6.624724759901142e-16
noncanonical,0,1,raw,273,0.0010196839651986963,5.427383959726375e-16
noncanonical,0,1,recovered,273,0.007299323567352391,1.4541701735444937e-16
noncanonical,0,1,raw,274,0.021310973792792298,5.740507213548724e-16
noncanonical,0,1,recovered,274,0.0023506460843613656,6.733072522785511e-16
noncanonical,0,1,raw,275,0.016155359779904184,6.241253854707784e-16
noncanonical,0,1,recovered,275,0.0005920341483262239,3.952982981418555e-16
noncanonical,0,1,raw,276,0.015265055573908039,7.865462259745631e-16
noncanonical,0,1,recovered,276,0.015341605138286002,2.262420029383613e-16
noncanonical,0,1,raw,277,0.021376188714850454,8.310852020274719e-16
noncanonical,0,1,recovered,277,0.012283163178033938,5.324417852746488e-16
noncanonical,0,1,raw,278,0.019863151552147646,5.47996922052104e-16
noncanonical,0,1,recovered,278,0.006482224601220944,3.948030172686862e-16
noncanonical,0,1,raw,279,0.013872584775302432,4.047917851695877e-16
noncanonical,0,1,recovered,279,0.01079665927214769,6.881215865270911e-16
noncanonical,0,1,raw,280,0.01715192833244118,4.434721411512992e-16
noncanonical,0,1,recovered,280,0.008546009985186759,4.585801470659312e-16
noncanonical,0,1,raw,281,0.012701714234157457,2.471832584306564e-16
noncanonical,0,1,recovered,281,0.012467721644008521,3.2027207385290587e-16
noncanonical,0,1,raw,282,0.006511108119242641,3.6820961567999336e-16
noncanonical,0,1,recovered,282,0.010391400997008882,3.816258583653545e-16
noncanonical,0,1,raw,283,0.01800437259938979,2.6527092819049853e-16
noncanonical,0,1,recovered,283,0.0075452526112434,6.194450751117166e-16
noncanonical,0,1,raw,284,0.014637170457804815,6.072287962677508e-16
noncanonical,0,1,recovered,284,-0.0009289533687870529,0.0010726629550677903
noncanonical,0,1,raw,285,0.0174567196408999,1.0600250351385647e-15
noncanonical,0,1,recovered,285,0.00599577804097492,2.8931975094525843e-16
noncanonical,0,1,raw,286,0.014673334463283496,5.871548892754975e-16
noncanonical,0,1,recovered,286,0.005662547026357084,2.8861975010599563e-16
noncanonical,0,1,raw,287,0.013021970321310201,5.627486805258292e-16
noncanonical,0,1,recovered,287,0.007847032727565706,3.509086617199771e-16
noncanonical,0,1,raw,288,0.016569882503165528,6.088465474668619e-16
noncanonical,0,1,recovered,288,0.011820006197094751,3.628641806789239e-16
noncanonical,0,1,raw,289,0.023063670465133204,9.84843516374471e-16
noncanonical,0,1,recovered,289,0.011228762257922386,8.206876204535984e-16
noncanonical,0,1,raw,290,0.019233828552490066,1.2253640800278558e-15
noncanonical,0,1,recovered,290,-0.003503580751016273,0.004045586579453429
noncanonical,0,1,raw,291,0.02067777000582471,3.115410749812974e-16
noncanonical,0,1,recovered,291,0.013649958225015567,2.884816079481924e-16
noncanonical,0,1,raw,292,0.010029351666887617,2.0151542061010012e-16
noncanonical,0,1,recovered,292,0.013748601420050428,2.243930780966709e-16
noncanonical,0,1,raw,293,0.017154233581960898,2.770754968981214e-16
noncanonical,0,1,recovered,293,0.003947060024812948,3.530343413308797e-16
noncanonical,0,1,raw,294,0.017631134926744414,5.437370856198992e-16
noncanonical,0,1,recovered,294,0.00463032323455352,7.053379082042865e-16
noncanonical,0,1,raw,295,0.01285946651935012,5.631422482677425e-16
noncanonical,0,1,recovered,295,0.019002754428763084,2.2491130567116794e-16
noncanonical,0,1,raw,296,0.011710894397693183,5.494660450202247e-16
noncanonical,0,1,recovered,296,-0.0025906617805988414,0.0029914385528160147
noncanonical,0,1,raw,297,0.021044373110394445,2.304343617011855e-16
noncanonical,0,1,recovered,297,0.004575132318969935,7.263511773329038e-16
noncanonical,0,1,raw,298,0.01247274844910912,3.528808759334462e-16
noncanonical,0,1,recovered,298,0.010515330922859834,1.1274823938854262e-15
noncanonical,0,1,raw,299,0.012510264593790442,2.629486471651198e-16
noncanonical,0,1,recovered,299,0.012513234865480371,3.1383905712011635e-16
noncanonical,0,1,raw,300,0.016400485024259864,2.390907449485151e-16
noncanonical,0,1,recovered,300,0.012859620014638829,4.877142874047534e-16
noncanonical,0,1,raw,301,0.015137533350508613,2.5784725743378394e-16
noncanonical,0,1,recovered,301,0.01397337844168791,3.539081688096111e-16
noncanonical,0,1,raw,302,0.022686079468409327,4.2784063625294654e-16
noncanonical,0,1,recovered,302,0.0035035695549330264,4.2898031518820236e-16
noncanonical,0,1,raw,303,0.01749094854772273,5.207743454526186e-16
noncanonical,0,1,recovered,303,0.006903033051176241,1.7749896255861088e-16
noncanonical,0,1,raw,304,0.022874802127346598,5.677030004836751e-16
noncanonical,0,1,recovered,304,-0.00034688968705627897,0.00040055370840216164
noncanonical,0,1,raw,305,0.022781147946858694,1.4596778494895962e-15
noncanonical,0,1,recovered,305,0.0072424909271944626,3.8122452667527815e-16
noncanonical,0,1,raw,306,0.02069843174111772,6.012635306598985e-16
noncanonical,0,1,recovered,306,0.008522703743899754,4.1598153080108695e-16
noncanonical,0,1,raw,307,0.0158727552567826,1.1664511099588542e-15
noncanonical,0,1,recovered,307,0.010979673382710272,1.9399452265345491e-16
noncanonical,0,1,raw,308,0.016567418879543057,4.715210081417866e-16
noncanonical,0,1,recovered,308,0.011411509477196949,8.135819004217033e-16
noncanonical,0,1,raw,309,0.013389776817257854,3.7423618581876656e-16
noncanonical,0,1,recovered,309,0.007195690078641169,1.998360786330215e-16
noncanonical,0,1,raw,310,0.016684860213237306,6.259996694636945e-16
noncanonical,0,1,recovered,310,0.012922200617463813,6.41674556698723e-16
noncanonical,0,1,raw,311,0.010626614462074043,3.210058803021564e-16
noncanonical,0,1,recovered,311,0.00567268293137467,6.700416442977046e-16
noncanonical,0,1,raw,312,0.0161698700587446,7.242860035442932e-16
noncanonical,0,1,recovered,312,0.011982859555709657,4.858788136232136e-16
noncanonical,0,1,raw,313,0.016371848832877324,2.7796634814186227e-16
noncanonical,0,1,recovered,313,0.014862953700821668,6.929932607389278e-16
noncanonical,0,1,raw,314,0.01984889759303958,7.431196669678313e-16
noncanonical,0,1,recovered,314,0.008756765845022687,2.2153070828172284e-16
noncanonical,0,1,raw,315,0.013286987358338834,4.198466486204006e-16
noncanonical,0,1,recovered,315,0.006516090156832636,6.107188519595494e-16
noncanonical,0,1,raw,316,0.013186063974143025,3.402011504878559e-16
noncanonical,0,1,recovered,316,0.01879193724941197,1.5925479570533947e-16
noncanonical,0,1,raw,317,0.016835548446199947,5.043635790685396e-16
noncanonical,0,1,recovered,317,0.009093914891075382,4.664241274350789e-16
noncanonical,0,1,raw,318,0.018603665819152338,2.910512410172087e-16
noncanonical,0,1,recovered,318,0.005403560677603312,5.536363926639918e-16
noncanonical,0,1,raw,319,0.020857122382720132,4.992874255725004e-16
noncanonical,0,1,recovered,319,0.0024935293768266775,3.2093204772402713e-16
noncanonical,0,1,raw,320,0.017124954937153897,4.401880047479801e-16
noncanonical,0,1,recovered,320,0.0161404295056685,5.610003593540484e-16
noncanonical,0,1,raw,321,0.010596063655878974,1.0709560930752735e-15
noncanonical,0,1,recovered,321,0.008152640156355175,3.310404277793505e-16
noncanonical,0,1,raw,322,0.007555273531821124,1.1609130593917648e-15
noncanonical,0,1,recovered,322,0.0047046640202215865,3.862365812279751e-16
noncanonical,0,1,raw,323,0.017445864459132984,3.0844696247411557e-16
noncanonical,0,1,recovered,323,0.008550074987053173,1.9590786241074574e-16
noncanonical,0,1,raw,324,0.018352849252205757,9.350174118928016e-16
noncanonical,0,1,recovered,324,0.0032372407317841625,5.819109311760395e-16
noncanonical,0,1,raw,325,0.01972698639519779,6.322394799105564e-16
noncanonical,0,1,recovered,325,0.008607227934580054,6.567513649744541e-16
noncanonical,0,1,raw,326,0.017185789553409388,2.308683721311016e-16
noncanonical,0,1,recovered,326,0.01588164533604243,4.616616112752648e-16
noncanonical,0,1,raw,327,0.012888737370316664,5.112198002697174e-16
noncanonical,0,1,recovered,327,0.019035357743060092,1.66176187254435e-16
noncanonical,0,1,raw,328,0.016965601445890703,9.703979397970562e-16
noncanonical,0,1,recovered,328,0.015552235009103908,3.3699263943771957e-16
noncanonical,0,1,raw,329,0.019193804663889525,1.0697697075634742e-15
noncanonical,0,1,recovered,329,-0.0006022329583536284,0.0006953987212407867
noncanonical,0,1,raw,330,0.009176659167373834,6.079225127642858e-16
noncanonical,0,1,recovered,330,0.006640053597547329,4.79998722448435e-16
noncanonical,0,1,raw,331,0.009236574381682334,4.800846795101581e-16
noncanonical,0,1,recovered,331,0.0042514789876137845,6.768256567993617e-16
noncanonical,0,1,raw,332,0.022551548122073113,5.158806715696163e-16
noncanonical,0,1,recovered,332,0.004455252792353613,6.872990091959841e-16
noncanonical,0,1,raw,333,0.017810324172367328,1.218722567393942e-15
noncanonical,0,1,recovered,333,0.013369724901884905,7.6553561476427e-16
noncanonical,0,1,raw,334,0.015212018601869519,5.684224560218881e-16
noncanonical,0,1,recovered,334,0.00860374558264724,3.1480392128921767e-16
noncanonical,0,1,raw,335,0.014263359954662607,7.419520498034865e-16
noncanonical,0,1,recovered,335,0.016381597502481932,3.563886918206853e-16
noncanonical,0,1,raw,336,0.00881778365060796,7.387651451480737e-16
noncanonical,0,1,recovered,336,0.010585969187582846,5.302468493693467e-16
noncanonical,0,1,raw,337,0.004604718899377276,4.807805751713344e-16
noncanonical,0,1,recovered,337,0.0026835504846348,6.982033025103002e-16
noncanonical,0,1,raw,338,0.018149535619676662,1.2598597191863539e-16
noncanonical,0,1,recovered,338,0.012657409046091096,5.782067161441514e-16
noncanonical,0,1,raw,339,0.014492574674984111,5.339286989162434e-16
noncanonical,0,1,recovered,339,0.014262249749658104,5.2468252226081e-16
noncanonical,0,1,raw,340,0.004432267138282499,7.267663286873832e-16
noncanonical,0,1,recovered,340,0.013968529808808165,8.733736208480404e-16
noncanonical,0,1,raw,341,0.013352575434461958,7.269153758399124e-16
noncanonical,0,1,recovered,341,0.022125718428085202,1.4760830251194339e-16
noncanonical,0,1,raw,342,0.011586228031602388,4.2304762974319745e-16
noncanonical,0,1,recovered,342,0.01239750327905547,2.2886128813070016e-16
noncanonical,0,1,raw,343,0.014962075769242385,7.614917403023944e-16
noncanonical,0,1,recovered,343,0.0078053139511613445,6.007759218780324e-16
noncanonical,0,1,raw,344,0.010112470130184972,5.256230023304235e-16
noncanonical,0,1,recovered,344,0.011510905327114431,4.0998098421977966e-16
noncanonical,0,1,raw,345,0.019954096906719107,5.344356175290933e-16
noncanonical,0,1,recovered,345,0.0061302974566226805,5.076282274396038e-16
noncanonical,0,1,raw,346,0.01716423567096107,9.034889270997186e-16
noncanonical,0,1,recovered,346,0.01501260704291712,1.8017763902419272e-16
noncanonical,0,1,raw,347,0.01354118967247108,7.5265884198504925e-16
noncanonical,0,1,recovered,347,0.01103707656837527,8.010358934168842e-16
noncanonical,0,1,raw,348,0.018998316169079526,4.560861359830162e-16
noncanonical,0,1,recovered,348,0.01059524849467788,6.053666107315681e-16
noncanonical,0,1,raw,349,0.016434441044023872,8.081093455864609e-16
noncanonical,0,1,recovered,349,0.011725947687863567,5.640626171608162e-16
noncanonical,0,1,raw,350,0.022744541920786003,2.5513486436185613e-16
noncanonical,0,1,recovered,350,0.01043183835686091,3.258025904721273e-16
noncanonical,0,1,raw,351,0.015987513735583277,3.37951365088886e-16
noncanonical,0,1,recovered,351,-0.003786580962402993,0.00437236707590322
noncanonical,0,1,raw,352,0.021133863732930247,7.297184201665744e-16
noncanonical,0,1,recovered,352,0.018514895170863657,3.9605405253533087e-16
noncanonical,0,1,raw,353,0.009864640507040235,5.356747025121037e-16
noncanonical,0,1,recovered,353,0.006962189745655387,3.219337852439407e-16
noncanonical,0,1,raw,354,0.013009595388671188,4.1622621659938803e-16
noncanonical,0,1,recovered,354,0.006009790908472939,4.087013663500116e-16
noncanonical,0,1,raw,355,0.014099848839621162,2.763442265734749e-16
noncanonical,0,1,recovered,355,0.005951978388135045,4.757718303632778e-16
noncanonical,0,1,raw,356,0.018907866923269526,4.3630949264405964e-16
noncanonical,0,1,recovered,356,0.01043964579924865,4.645076407850258e-16
noncanonical,0,1,raw,357,0.01694566585611582,6.220320246785554e-16
noncanonical,0,1,recovered,357,0.008715564247914608,3.381732074612157e-16
noncanonical,0,1,raw,358,0.012767071910022349,6.784454502109474e-16
noncanonical,0,1,recovered,358,0.005944273982116293,2.4137803128830856e-16
noncanonical,0,1,raw,359,0.018624846621767964,5.829471068815675e-16
noncanonical,0,1,recovered,359,0.002954951289885545,4.972581893676649e-16
noncanonical,0,1,raw,360,0.01619664349475313,3.3912915022604494e-16
noncanonical,0,1,recovered,360,0.007546094082128694,5.716078373308607e-16
noncanonical,0,1,raw,361,0.01549764642051278,7.091646319855448e-16
noncanonical,0,1,recovered,361,0.004486403779003451,2.8220734981963503e-16
noncanonical,0,1,raw,362,0.018092109194379383,5.727008343693403e-16
noncanonical,0,1,recovered,362,0.013270277291057717,6.520315065719322e-16
noncanonical,0,1,raw,363,0.007855901406118323,6.586665885624464e-16
noncanonical,0,1,recovered,363,0.004123389754291966,4.33169691669535e-16
noncanonical,0,1,raw,364,0.010140192998761404,5.089032321888666e-16
noncanonical,0,1,recovered,364,0.004527184123030124,1.4217377942590368e-16
noncanonical,0,1,raw,365,0.018970597354663353,2.663831564143767e-16
noncanonical,0,1,recovered,365,0.002541415002612655,3.581983455408264e-16
noncanonical,0,1,raw,366,0.01869417018266406,4.2383380826881095e-16
noncanonical,0,1,recovered,366,0.01128669443676113,4.2352572914312137e-16
noncanonical,0,1,raw,367,0.017355415215388404,1.1195477827924605e-15
noncanonical,0,1,recovered,367,0.010166052943976506,5.291690868341259e-16
noncanonical,0,1,raw,368,0.016141171198003377,1.1692461295170141e-15
noncanonical,0,1,recovered,368,0.012877490664742319,4.050473680769626e-16
noncanonical,0,1,raw,369,0.01780812355639049,3.591249452125461e-16
noncanonical,0,1,recovered,369,0.0031387319200754816,5.392622374119223e-16
noncanonical,0,1,raw,370,0.01670228563810346,8.81313476548067e-16
noncanonical,0,1,recovered,370,0.012414690990751306,4.397263111031265e-16
noncanonical,0,1,raw,371,0.01916303717088502,1.0776410245106805e-15
noncanonical,0,1,recovered,371,0.010531575938738498,4.720826919216013e-16
noncanonical,0,1,raw,372,0.02326329322785147,2.1726156336161116e-16
noncanonical,0,1,recovered,372,0.007057002439414798,2.68907319067175e-16
noncanonical,0,1,raw,373,0.011988857595069062,1.8155437221844515e-16
noncanonical,0,1,recovered,373,0.009059245095729184,3.083687506401236e-16
noncanonical,0,1,raw,374,0.01604113553451525,3.861875175880283e-16
noncanonical,0,1,recovered,374,0.012089982640840304,3.089835432306132e-16
noncanonical,0,1,raw,375,0.010584633412691974,8.922863470385369e-16
noncanonical,0,1,recovered,375,0.0018996510615269383,5.960650498848499e-16
noncanonical,0,1,raw,376,0.014296434650747855,4.7235153730216985e-16
noncanonical,0,1,recovered,376,-0.007962354046873376,0.009194134504691002
noncanonical,0,1,raw,377,0.010959027418791966,3.121399789924701e-16
noncanonical,0,1,recovered,377,-0.0009808086188396532,0.0011325402402214452
noncanonical,0,1,raw,378,0.008471936618944772,5.617106537737817e-16
noncanonical,0,1,recovered,378,0.003622529989507723,3.325696189747118e-16
noncanonical,0,1,raw,379,0.016156156234200265,1.4426455544541194e-15
noncanonical,0,1,recovered,379,0.006464478066157127,1.6328070319190123e-16
noncanonical,0,1,raw,380,0.018702185294672744,8.37980300986985e-16
noncanonical,0,1,recovered,380,0.01009354456649151,4.0512386062567306e-16
noncanonical,0,1,raw,381,0.015086213245890927,5.039020859323738e-16
noncanonical,0,1,recovered,381,0.009580183413632771,3.932894923803484e-16
noncanonical,0,1,raw,382,0.01105622773931798,7.231685382422499e-16
noncanonical,0,1,recovered,382,0.013814010695358897,3.7733375919482064e-16
noncanonical,0,1,raw,383,0.01783975543324305,6.592143934252285e-16
noncanonical,0,1,recovered,383,0.005703735370261979,6.646730577127399e-16
noncanonical,0,1,raw,384,0.013661009239034889,5.736916350122908e-16
noncanonical,0,1,recovered,384,0.0013611687588580366,3.5914484582856015e-16
noncanonical,0,1,raw,385,0.011156508005321121,6.042679591831428e-16
noncanonical,0,1,recovered,385,0.009285241756960475,1.923666767454225e-16
noncanonical,0,1,raw,386,0.01614560975894708,5.012360334665844e-16
noncanonical,0,1,recovered,386,0.004117256349060543,1.9811195264479929e-16
noncanonical,0,1,raw,387,0.01160566889326936,4.753595619756442e-16
noncanonical,0,1,recovered,387,-0.0017111889513491518,0.0019759108033915607
noncanonical,0,1,raw,388,0.01629894161951315,4.94382875710571e-16
noncanonical,0,1,recovered,388,0.00029252185688199024,5.417782122625351e-16
noncanonical,0,1,raw,389,0.01872545808695663,5.755976134258389e-16
noncanonical,0,1,recovered,389,0.0071986055688748815,3.923056681735895e-16
noncanonical,0,1,raw,390,0.014293677488368928,9.03211394149517e-16
noncanonical,0,1,recovered,390,0.009137893168949494,6.741214440578403e-16
noncanonical,0,1,raw,391,0.009587292167590394,3.496710514711488e-16
noncanonical,0,1,recovered,391,0.0017507419970498052,3.7031026383783858e-16
noncanonical,0,1,raw,392,0.014476646980312077,6.325782941092008e-16
noncanonical,0,1,recovered,392,0.012230056325809669,5.223243186103097e-16
noncanonical,0,1,raw,393,0.01777049182029018,2.999996717288951e-16
noncanonical,0,1,recovered,393,0.002902151519010162,6.523702042240101e-16
noncanonical,0,1,raw,394,0.017335602014251352,3.5071847221297023e-16
noncanonical,0,1,recovered,394,0.008647397918502386,3.0247709478053576e-16
noncanonical,0,1,raw,395,0.022308612617446516,3.0811675228384783e-16
noncanonical,0,1,recovered,395,0.005127856900648404,2.675280229877122e-16
noncanonical,0,1,raw,396,0.012351903078127925,5.597239262263092e-16
noncanonical,0,1,recovered,396,0.017957594893844485,2.630961727301118e-16
noncanonical,0,1,raw,397,0.014488289065738472,4.2860517840273757e-16
noncanonical,0,1,recovered,397,0.013575962168720937,3.7111744662241396e-16
noncanonical,0,1,raw,398,0.017463250260497228,2.461766924486319e-16
noncanonical,0,1,recovered,398,0.009639144649158521,3.1777608711724545e-16
noncanonical,0,1,raw,399,0.01379007457659997,3.4749990456296814e-16
noncanonical,0,1,recovered,399,0.005698421234363321,5.024491867977007e-16
noncanonical,0,1,raw,400,0.011154386114023845,4.638642141169728e-16
noncanonical,0,1,recovered,400,0.020898350440334328,3.888042235081756e-16
noncanonical,0,1,raw,401,0.020259558886190503,7.592426932454722e-16
noncanonical,0,1,recovered,401,0.010177583577108639,3.377458049376015e-16
noncanonical,0,1,raw,402,0.0124377647560305,2.6169343614805066e-16
noncanonical,0,1,recovered,402,0.008328364136146781,5.40319024739687e-16
noncanonical,0,1,raw,403,0.014112241067821956,2.436246430929574e-16
noncanonical,0,1,recovered,403,0.008059030711836331,7.467881935643197e-16
noncanonical,0,1,raw,404,0.014943283429821264,5.486537792786664e-16
noncanonical,0,1,recovered,404,0.01554054513189101,7.362756843824069e-16
noncanonical,0,1,raw,405,0.018843960290423668,8.94169605825974e-16
noncanonical,0,1,recovered,405,0.00762707604426681,4.0834963205257987e-16
noncanonical,0,1,raw,406,0.016217965912583513,7.72049701546409e-16
noncanonical,0,1,recovered,406,0.005401719126230994,3.2390866069296127e-16
noncanonical,0,1,raw,407,0.01722190374265229,4.495433064895296e-16
noncanonical,0,1,recovered,407,0.01461140569037567,5.486978488698096e-16
noncanonical,0,1,raw,408,0.019982020420809706,3.821946604613381e-16
noncanonical,0,1,recovered,408,0.009918093225144864,5.580754148373191e-16
noncanonical,0,1,raw,409,0.01473501559758167,3.4800613175521814e-16
noncanonical,0,1,recovered,409,0.013360384972245993,2.6535103395082966e-16
noncanonical,0,1,raw,410,0.013110458318268969,1.4466630536899809e-15
noncanonical,0,1,recovered,410,0.010707323496410608,3.383361236920166e-16
noncanonical,0,1,raw,411,0.017021121477352907,7.986470763793523e-16
noncanonical,0,1,recovered,411,0.013358944241517054,2.6788421992941515e-16
noncanonical,0,1,raw,412,0.018767504143616564,4.659924649475065e-16
noncanonical,0,1,recovered,412,0.013933818906344302,2.609694223114217e-16
noncanonical,0,1,raw,413,0.019989790467746103,6.144310598366659e-16
noncanonical,0,1,recovered,413,0.015089261393214995,2.437843954562501e-16
noncanonical,0,1,raw,414,0.015764295151007766,9.472021069895527e-16
noncanonical,0,1,recovered,414,0.008115850844333368,5.475381988808783e-16
noncanonical,0,1,raw,415,0.006153819835492392,7.442510215696513e-16
noncanonical,0,1,recovered,415,0.010663335189008381,3.762140919780234e-16
noncanonical,0,1,raw,416,0.015377015858546408,6.486845294319159e-16
noncanonical,0,1,recovered,416,0.010228865402078006,5.066251113229094e-16
noncanonical,0,1,raw,417,0.017188677270554887,2.991299450475338e-16
noncanonical,0,1,recovered,417,0.011753441810338227,2.924006224242077e-16
noncanonical,0,1,raw,418,0.022997088084809828,8.84613993665447e-16
noncanonical,0,1,recovered,418,0.012255693192292236,9.844433454150837e-16
noncanonical,0,1,raw,419,0.0168827673535498,3.4932287340874853e-16
noncanonical,0,1,recovered,419,0.016770470739599787,3.765460212006754e-16
noncanonical,0,1,raw,420,0.021662825536268224,5.164110375180662e-16
noncanonical,0,1,recovered,420,-1.6764372241595032e-05,1.9357829652990044e-05
noncanonical,0,1,raw,421,0.012485650875926091,4.992659534935825e-16
noncanonical,0,1,recovered,421,0.008879972943091945,4.751895723900224e-16
noncanonical,0,1,raw,422,0.016081827254971703,4.1585178893675416e-16
noncanonical,0,1,recovered,422,0.012396837284055684,3.551040106687124e-16
noncanonical,0,1,raw,423,0.01124419820233299,3.137548462542542e-16
noncanonical,0,1,recovered,423,0.010540732477275171,2.471684682024278e-16
noncanonical,0,1,raw,424,0.01897354055522986,2.8885571390643236e-16
noncanonical,0,1,recovered,424,0.00716212672991157,3.2126123351626026e-16
noncanonical,0,1,raw,425,0.022275174406732195,3.3021946947937307e-16
noncanonical,0,1,recovered,425,0.009742104434494112,3.01966635755789e-16
noncanonical,0,1,raw,426,0.011227941193819684,3.5008120906103424e-16
noncanonical,0,1,recovered,426,0.01681029489835932,5.660527236131373e-16
noncanonical,0,1,raw,427,0.015969437412238545,8.044498397687417e-16
noncanonical,0,1,recovered,427,0.00466831395509448,2.5162727790382806e-16
noncanonical,0,1,raw,428,0.02373077212040601,1.0815301813599617e-15
noncanonical,0,1,recovered,428,0.013365539980211892,3.4272644202809793e-16
noncanonical,0,1,raw,429,0.009852975744903208,5.167510923278821e-16
noncanonical,0,1,recovered,429,0.012325397311316507,2.796841514203032e-16
noncanonical,0,1,raw,430,0.02270756055940842,3.5821370350017178e-16
noncanonical,0,1,recovered,430,0.006520428676018521,6.776168861470655e-16
noncanonical,0,1,raw,431,0.015977402552506664,5.35348622431964e-16
noncanonical,0,1,recovered,431,0.00819143314292408,5.273762650958762e-16
noncanonical,0,1,raw,432,0.006490109569003658,5.276939282726136e-16
noncanonical,0,1,recovered,432,0.013809667593217532,2.7375501559877885e-16
noncanonical,0,1,raw,433,0.010498546174558636,1.0113302571230144e-15
noncanonical,0,1,recovered,433,0.0066023846715976805,9.640204330667817e-16
noncanonical,0,1,raw,434,0.01801183710404103,3.384561755448826e-16
noncanonical,0,1,recovered,434,0.006034810238122803,3.3754137331057327e-16
noncanonical,0,1,raw,435,0.014369061097437014,3.2273200412805e-16
noncanonical,0,1,recovered,435,0.008368123730500082,7.245347296564547e-16
noncanonical,0,1,raw,436,0.011085029097758993,4.278016130314272e-16
noncanonical,0,1,recovered,436,0.0002061240830790237,3.320105349730718e-16
noncanonical,0,1,raw,437,0.014247658079131335,5.775424380284051e-16
noncanonical,0,1,recovered,437,0.016000615823440745,3.747551043392661e-16
noncanonical,0,1,raw,438,0.013551512760392284,2.6503827168163153e-16
noncanonical,0,1,recovered,438,0.013490960766657067,5.798335113294204e-16
noncanonical,0,1,raw,439,0.01992370451160799,4.086793918252862e-16
noncanonical,0,1,recovered,439,0.015261704520944136,5.9449406315181e-16
noncanonical,0,1,raw,440,0.011440727436183101,6.362226943422006e-16
noncanonical,0,1,recovered,440,0.012338329712258844,4.1418498346844366e-16
noncanonical,0,1,raw,441,0.018775650146443817,4.612123149352852e-16
noncanonical,0,1,recovered,441,0.009930404877570648,4.921626343418462e-16
noncanonical,0,1,raw,442,0.009301662100111933,4.971246554450298e-16
noncanonical,0,1,recovered,442,0.007437983929752907,3.8379017242735704e-16
noncanonical,0,1,raw,443,0.01905524671915624,6.110110201570514e-16
noncanonical,0,1,recovered,443,0.020889797463250467,1.3423386206836392e-16
noncanonical,0,1,raw,444,0.014638859414658069,4.120115476056937e-16
noncanonical,0,1,recovered,444,0.005146698427097475,5.361460317522085e-16
noncanonical,0,1,raw,445,0.01200533796567398,8.337428702936767e-16
noncanonical,0,1,recovered,445,0.005937579587430269,2.7936589221083277e-16
noncanonical,0,1,raw,446,0.014502517328697985,2.4953576631950395e-16
noncanonical,0,1,recovered,446,0.015540592301595137,4.7266061992513775e-16
noncanonical,0,1,raw,447,0.0212871233357978,8.698440987222461e-16
noncanonical,0,1,recovered,447,0.013320209154142896,2.898000815565878e-16
noncanonical,0,1,raw,448,0.009975171716876782,2.956800416764668e-16
noncanonical,0,1,recovered,448,0.010764553498659596,4.145027276934847e-16
noncanonical,0,1,raw,449,0.016781125410941983,4.958624445899476e-16
noncanonical,0,1,recovered,449,0.005040590626707816,2.6470098283659873e-16
noncanonical,0,1,raw,450,0.020240139190174224,4.3474035822527637e-16
noncanonical,0,1,recovered,450,0.008393958585393626,2.578204954274299e-16
noncanonical,0,1,raw,451,0.01829300596043039,4.456015531379779e-16
noncanonical,0,1,recovered,451,0.0024013546686852687,4.778180209557197e-16
noncanonical,0,1,raw,452,0.007480226891207892,6.420173999195431e-16
noncanonical,0,1,recovered,452,0.0048693747712768845,3.057620825815832e-16
noncanonical,0,1,raw,453,0.015547796893889696,3.2163248966926805e-16
noncanonical,0,1,recovered,453,0.01729359812260186,6.9008343186208165e-16
noncanonical,0,1,raw,454,0.015937168800036972,4.0408336421104314e-16
noncanonical,0,1,recovered,454,0.01894742782258687,2.62291250821641e-16
noncanonical,0,1,raw,455,0.019259553444626272,7.168145247097216e-16
noncanonical,0,1,recovered,455,0.00886197457779855,6.7690651624566e-16
noncanonical,0,1,raw,456,0.020691942865427883,3.5665393654618894e-16
noncanonical,0,1,recovered,456,0.006223246212706957,6.244482251750181e-16
noncanonical,0,1,raw,457,0.011316794591417479,4.993186902818409e-16
noncanonical,0,1,recovered,457,0.008695952596787312,8.521238675475389e-16
noncanonical,0,1,raw,458,0.020428993606316472,7.203894873333576e-16
noncanonical,0,1,recovered,458,0.008885335803849323,7.314539241698982e-16
noncanonical,0,1,raw,459,0.021075542322263708,3.5501660019470903e-16
noncanonical,0,1,recovered,459,-0.0021638579743468588,0.002498607967954409
noncanonical,0,1,raw,460,0.020270272615396056,7.47581542461774e-16
noncanonical,0,1,recovered,460,0.0080362275356385,7.968562323160033e-16
noncanonical,0,1,raw,461,0.017823574058494322,4.396941097339196e-16
noncanonical,0,1,recovered,461,0.0067032718030567776,2.7976214702135386e-16
noncanonical,0,1,raw,462,0.018247377561449243,9.510039539579025e-16
noncanonical,0,1,recovered,462,0.007680117272716437,7.09384259962071e-16
noncanonical,0,1,raw,463,0.007400854418918821,1.1780572265516923e-15
noncanonical,0,1,recovered,463,0.010368582114315248,5.198678756905022e-16
noncanonical,0,1,raw,464,0.02389214159558416,6.548186201828315e-16
noncanonical,0,1,recovered,464,0.014191161118036342,5.295568450203848e-16
noncanonical,0,1,raw,465,0.021216726146829203,5.817275617396894e-16
noncanonical,0,1,recovered,465,0.013994368088701196,5.988897270724835e-16
noncanonical,0,1,raw,466,0.022439245658878015,5.077662451660006e-16
noncanonical,0,1,recovered,466,0.006781695906761821,5.255493754451529e-16
noncanonical,0,1,raw,467,0.02109124077471504,3.4057453177194943e-16
noncanonical,0,1,recovered,467,0.01676584148234194,2.362649432638373e-16
noncanonical,0,1,raw,468,0.018311617027169144,4.3738860338415e-16
noncanonical,0,1,recovered,468,0.003981054721434278,2.862799651664685e-16
noncanonical,0,1,raw,469,0.015033789374059948,6.116361059980774e-16
noncanonical,0,1,recovered,469,0.00821853092029531,7.511765788251803e-16
noncanonical,0,1,raw,470,0.015391773838240646,3.2457891376839e-16
noncanonical,0,1,recovered,470,0.01737275192716506,2.4924918968695185e-16
noncanonical,0,1,raw,471,0.01484232301071302,6.380778216371525e-16
noncanonical,0,1,recovered,471,0.015613568365732492,1.7584515903971417e-16
noncanonical,0,1,raw,472,0.013140026720855288,8.20613135986321e-16
noncanonical,0,1,recovered,472,0.0040788159387061705,3.788912920187251e-16
noncanonical,0,1,raw,473,0.013477031415016695,4.220397797172834e-16
noncanonical,0,1,recovered,473,0.008545850257103011,2.444881503165602e-16
noncanonical,0,1,raw,474,0.013640085463242205,3.0294913608301494e-16
noncanonical,0,1,recovered,474,0.01702660215319214,2.0287482584688318e-16
noncanonical,0,1,raw,475,0.02272704909227035,9.51206002964925e-16
noncanonical,0,1,recovered,475,0.0071107107274774725,3.840556915240641e-16
noncanonical,0,1,raw,476,0.020832933427409158,5.285632261925687e-16
noncanonical,0,1,recovered,476,0.009910657318057344,2.362227487590353e-16
noncanonical,0,1,raw,477,0.015545131810107039,6.152539254886525e-16
noncanonical,0,1,recovered,477,0.007637871530654204,1.4153153731376024e-16
noncanonical,0,1,raw,478,0.017680119233422473,5.914969063701092e-16
noncanonical,0,1,recovered,478,0.014640238948712091,4.3184383631442137e-16
noncanonical,0,1,raw,479,0.014159091458462371,9.419207034532475e-16
noncanonical,0,1,recovered,479,0.0052070162071860965,4.2163818180144056e-16
noncanonical,0,1,raw,480,0.022594332267724754,4.529053464891385e-16
noncanonical,0,1,recovered,480,0.0031347459475279177,4.65029769429053e-16
noncanonical,0,1,raw,481,0.014946587486042138,6.049158118619774e-16
noncanonical,0,1,recovered,481,0.009532836738014427,5.75225319679631e-16
noncanonical,0,1,raw,482,0.021180200369506737,3.96327371763362e-16
noncanonical,0,1,recovered,482,0.01158710833578835,4.0618467769248484e-16
noncanonical,0,1,raw,483,0.01779374443875455,5.741423699243377e-16
noncanonical,0,1,recovered,483,0.0052113677513933795,3.2828123578267885e-16
noncanonical,0,1,raw,484,0.015380150904262264,7.438248317953051e-16
noncanonical,0,1,recovered,484,0.005699693220700879,3.109349686568921e-16
noncanonical,0,1,raw,485,0.014922293359209526,1.0244036017859148e-15
noncanonical,0,1,recovered,485,0.007170324386465108,2.1994590351764307e-16
noncanonical,0,1,raw,486,0.01985816759657457,5.039632944476499e-16
noncanonical,0,1,recovered,486,0.013554981409900298,1.9486705598680135e-16
noncanonical,0,1,raw,487,0.014563355503655563,3.055805695359397e-16
noncanonical,0,1,recovered,487,0.009841046796103176,3.5547760289464507e-16
noncanonical,0,1,raw,488,0.018540566723856605,1.0911009467240752e-15
noncanonical,0,1,recovered,488,0.010133817269192307,2.771829807352767e-16
noncanonical,0,1,raw,489,0.017419743996894655,8.260929346539663e-16
noncanonical,0,1,recovered,489,0.014540087216142897,5.40005044278082e-16
noncanonical,0,1,raw,490,0.011956215543954717,5.888115838852023e-16
noncanonical,0,1,recovered,490,0.009034902952149454,7.010134329811493e-16
noncanonical,0,1,raw,491,0.016251576452455375,4.616547236851755e-16
noncanonical,0,1,recovered,491,0.00698575091303659,1.6991049708274937e-16
noncanonical,0,1,raw,492,0.012018579069017078,5.397485538440279e-16
noncanonical,0,1,recovered,492,0.009189979033491839,4.3949284846607343e-16
noncanonical,0,1,raw,493,0.021593622439199385,6.192686437810777e-16
noncanonical,0,1,recovered,493,0.011219458200662561,3.4572880026362437e-16
noncanonical,0,1,raw,494,0.0151644281559583,5.571302175897268e-16
noncanonical,0,1,recovered,494,0.0049943863464828216,6.00830685369979e-16
noncanonical,0,1,raw,495,0.01577434443601305,4.3511830727961747e-16
noncanonical,0,1,recovered,495,0.007431142201459365,2.690471666573504e-16
noncanonical,0,1,raw,496,0.014891547063599526,3.681927591070521e-16
noncanonical,0,1,recovered,496,0.009679022864377579,5.155931154379847e-16
noncanonical,0,1,raw,497,0.013296405497159103,5.816810030488517e-16
noncanonical,0,1,recovered,497,0.01078602861479262,4.472917289938836e-16
noncanonical,0,1,raw,498,0.022674122281974147,3.4929393264657547e-16
noncanonical,0,1,recovered,498,0.0027454395342610253,7.5367796014311e-16
noncanonical,0,1,raw,499,0.014170092196879215,3.603927009575339e-16
noncanonical,0,1,recovered,499,0.0012915077598083134,5.788874517976722e-16
noncanonical,1,1,raw,0,0.0023564261523824313,5.191781320309495e-16
noncanonical,1,1,recovered,0,-0.0024334155590291172,0.0028098662561113004
noncanonical,1,1,raw,1,0.011363339925961382,3.819092572499297e-16
noncanonical,1,1,recovered,1,0.005443209808095619,5.117243136959537e-16
noncanonical,1,1,raw,2,0.0008768578298529797,7.329619825954959e-16
noncanonical,1,1,recovered,2,0.011083575708152674,2.2942107377476643e-16
noncanonical,1,1,raw,3,0.004373656832340975,4.913076230971676e-16
noncanonical,1,1,recovered,3,-0.002704151672745355,0.003122485392378143
noncanonical,1,1,raw,4,0.01151035251597178,3.5142994798481876e-16
noncanonical,1,1,recovered,4,0.00316150165155233,4.195790126751491e-16
noncanonical,1,1,raw,5,0.01292785392408442,4.486474179454903e-16
noncanonical,1,1,recovered,5,0.01205206583170192,6.58000257448493e-16
noncanonical,1,1,raw,6,0.01236980742749512,3.188155067019561e-16
noncanonical,1,1,recovered,6,0.007270838022491972,6.282804860393451e-16
noncanonical,1,1,raw,7,0.007104965884789291,5.081248556596951e-16
noncanonical,1,1,recovered,7,0.011476539029006513,7.708590679211871e-16
noncanonical,1,1,raw,8,0.007366780877132953,2.4523447119789054e-16
noncanonical,1,1,recovered,8,0.013090817690917043,4.533964966800517e-16
noncanonical,1,1,raw,9,0.008507368524082777,4.3049508456227365e-16
noncanonical,1,1,recovered,9,0.0074706266127204275,4.4063390211887296e-16
noncanonical,1,1,raw,10,0.010545077396474013,4.86772340546624e-16
noncanonical,1,1,recovered,10,0.008429176334812443,2.9624962841411294e-16
noncanonical,1,1,raw,11,0.002535784309380393,6.179701299668937e-16
noncanonical,1,1,recovered,11,0.006645695437075694,3.7380234388751946e-16
noncanonical,1,1,raw,12,0.010470289023210658,6.475967076051729e-16
noncanonical,1,1,recovered,12,0.005684216516012488,3.135587661334963e-16
noncanonical,1,1,raw,13,0.0033010544374198524,2.4915231311216454e-16
noncanonical,1,1,recovered,13,0.0014191418952036775,2.013778797946782e-16
noncanonical,1,1,raw,14,0.012216065792204179,3.6944828168243327e-16
noncanonical,1,1,recovered,14,0.005059537789854281,6.255979193580706e-16
noncanonical,1,1,raw,15,0.006467760737050391,9.428963680244817e-17
noncanonical,1,1,recovered,15,0.008822743483998722,2.7582376021946148e-16
noncanonical,1,1,raw,16,0.0075345509530723945,6.217976496632156e-16
noncanonical,1,1,recovered,16,0.0070844388917321475,6.68426176749905e-16
noncanonical,1,1,raw,17,0.004936632786654056,2.460037288417835e-16
noncanonical,1,1,recovered,17,0.009344853997394912,1.468533332234236e-16
noncanonical,1,1,raw,18,0.007527158155531505,3.826403688150219e-16
noncanonical,1,1,recovered,18,0.00783739076623066,1.5425389009615505e-16
noncanonical,1,1,raw,19,0.004939146237512904,6.141515243508497e-16
noncanonical,1,1,recovered,19,-0.0016713562605245723,0.0019299159738512665
noncanonical,1,1,raw,20,0.008387288593143362,4.942471379388697e-16
noncanonical,1,1,recovered,20,0.011962920711302574,4.882578782368204e-16
noncanonical,1,1,raw,21,1.390107989814029e-05,2.0296727997901886e-16
noncanonical,1,1,recovered,21,0.00176660529739521,8.067483015828324e-16
noncanonical,1,1,raw,22,0.005531588245274381,4.512673987540656e-16
noncanonical,1,1,recovered,22,0.00924609149596694,6.4052660343515565e-16
noncanonical,1,1,raw,23,0.00869655588307796,3.1447291021660713e-16
noncanonical,1,1,recovered,23,0.009962321619447479,2.8606988557773116e-16
noncanonical,1,1,raw,24,0.006702185620803253,6.560044962251972e-16
noncanonical,1,1,recovered,24,0.00420614310440429,3.024640367793098e-16
noncanonical,1,1,raw,25,0.0013002980832311614,2.603096939306729e-16
noncanonical,1,1,recovered,25,0.007125650175513316,3.8528487627647233e-16
noncanonical,1,1,raw,26,-0.00017801885156933642,0.0002055584637487988
noncanonical,1,1,recovered,26,0.007307833578510958,4.2093795042230595e-16
noncanonical,1,1,raw,27,0.006991355160034148,2.9980258412504453e-16
noncanonical,1,1,recovered,27,-0.0036887244035233926,0.004259372054681183
noncanonical,1,1,raw,28,0.0069167774310193815,5.263750519322946e-16
noncanonical,1,1,recovered,28,0.004556166368641785,4.745994669210452e-16
noncanonical,1,1,raw,29,-0.0007030541982529738,0.0008118170612324713
noncanonical,1,1,recovered,29,0.0039887073723328705,4.457818499519945e-16
noncanonical,1,1,raw,30,0.0036334778166673826,4.97824081083897e-16
noncanonical,1,1,recovered,30,0.007641533789366762,2.361170801554568e-16
noncanonical,1,1,raw,31,0.004575478371359458,1.7635087428685735e-16
noncanonical,1,1,recovered,31,0.0015022357677455828,3.481019129203528e-16
noncanonical,1,1,raw,32,0.002048062945833801,3.9251592729225004e-16
noncanonical,1,1,recovered,32,0.006983126257741614,5.877482477045937e-16
noncanonical,1,1,raw,33,0.0030208111403235895,2.59312330607108e-16
noncanonical,1,1,recovered,33,0.003578208137035878,6.209148506510079e-16
noncanonical,1,1,raw,34,0.005024133687600675,3.2776921835540294e-16
noncanonical,1,1,recovered,34,0.010449897733080634,5.186460571072567e-16
noncanonical,1,1,raw,35,0.0066637889313428,4.2448485402595174e-16
noncanonical,1,1,recovered,35,0.003207506927425105,1.799378620452758e-16
noncanonical,1,1,raw,36,0.011677193962562775,2.9749622536838808e-16
noncanonical,1,1,recovered,36,0.004091338540737441,1.125516745359459e-16
noncanonical,1,1,raw,37,0.0010974249734559864,3.0782945622271637e-16
noncanonical,1,1,recovered,37,0.007431843259718768,2.972682793990213e-16
noncanonical,1,1,raw,38,0.003869527652584125,1.1173322801665173e-16
noncanonical,1,1,recovered,38,0.0063355025786493565,5.518888749706967e-16
noncanonical,1,1,raw,39,0.011526787052907259,3.3921551729171285e-16
noncanonical,1,1,recovered,39,0.008907931900740601,4.596046696805855e-16
noncanonical,1,1,raw,40,0.005335483826746372,2.795617351582709e-16
noncanonical,1,1,recovered,40,0.00234281241000465,7.577317640699836e-16
noncanonical,1,1,raw,41,0.0011592316535126343,3.855191199145159e-16
noncanonical,1,1,recovered,41,0.007591684895416243,2.860530953332311e-16
noncanonical,1,1,raw,42,0.006409289774648167,3.1333975502477277e-16
noncanonical,1,1,recovered,42,0.0038350254396079878,2.409088444330892e-16
noncanonical,1,1,raw,43,0.004745016528890224,1.9582888332172566e-16
noncanonical,1,1,recovered,43,0.005091174137524496,2.621953262347859e-16
noncanonical,1,1,raw,44,0.001341127263749173,4.3486277357144757e-16
noncanonical,1,1,recovered,44,-0.0011705091517403108,0.0013515875476924038
noncanonical,1,1,raw,45,0.0060677540380727054,4.1544389183313376e-16
noncanonical,1,1,recovered,45,0.007128981980403717,5.746377887741365e-16
noncanonical,1,1,raw,46,0.011343189797509617,3.7584058704825397e-16
noncanonical,1,1,recovered,46,0.0033196944420463698,5.167802086742877e-16
noncanonical,1,1,raw,47,0.007185515260422021,2.831434607382785e-16
noncanonical,1,1,recovered,47,0.008747135611542044,3.4862385562548538e-16
noncanonical,1,1,raw,48,0.0023541864303363615,2.775838021177858e-16
noncanonical,1,1,recovered,48,-0.005022861683648376,0.0057999010903132175
noncanonical,1,1,raw,49,0.005679424821282766,3.029092453022724e-16
noncanonical,1,1,recovered,49,0.009533726131131248,1.9066724042259205e-16
noncanonical,1,1,raw,50,0.00786604048037194,2.9320178597574105e-16
noncanonical,1,1,recovered,50,0.008591545527810135,1.878542261369296e-16
noncanonical,1,1,raw,51,0.0028871883821172356,6.354536218294495e-16
noncanonical,1,1,recovered,51,0.00983556959996588,2.2184318442537219e-16
noncanonical,1,1,raw,52,0.0011358027013070315,3.325605614868321e-16
noncanonical,1,1,recovered,52,0.014754732471989072,3.9369696427035915e-16
noncanonical,1,1,raw,53,0.012945198264400251,3.7028397928778935e-16
noncanonical,1,1,recovered,53,0.0006763637727316521,1.3902439981798613e-16
noncanonical,1,1,raw,54,0.008505971031409236,3.763430507083299e-16
noncanonical,1,1,recovered,54,0.004473926525433463,5.215347392002777e-16
noncanonical,1,1,raw,55,0.0031186732143380536,6.078173144459393e-16
noncanonical,1,1,recovered,55,0.008437164752981072,3.1610917921104416e-16
noncanonical,1,1,raw,56,0.010663996370187053,4.496256344630299e-16
noncanonical,1,1,recovered,56,0.010697678872482104,3.9345838750522155e-16
noncanonical,1,1,raw,57,0.0023975936661476105,5.493458223878854e-16
noncanonical,1,1,recovered,57,0.005789523385458673,1.918742576568559e-16
noncanonical,1,1,raw,58,0.002879605327135436,8.849513437697313e-16
noncanonical,1,1,recovered,58,0.00382479691385124,3.0377789339738476e-16
noncanonical,1,1,raw,59,-6.506394239011298e-05,7.512936930696372e-05
noncanonical,1,1,recovered,59,0.008512103542183508,6.399636837917077e-16
noncanonical,1,1,raw,60,0.001299866052875708,3.8640941090626615e-16
noncanonical,1,1,recovered,60,0.007339230186845052,2.0641324451813469e-16
noncanonical,1,1,raw,61,0.007903575168405987,2.661663116479272e-16
noncanonical,1,1,recovered,61,0.008489245072695224,5.237397473804456e-16
noncanonical,1,1,raw,62,0.0047583497594817815,3.342111649005425e-16
noncanonical,1,1,recovered,62,0.009648741055851343,1.8578379220273368e-16
noncanonical,1,1,raw,63,0.004931027130450772,1.996030628039686e-16
noncanonical,1,1,recovered,63,0.006436946644894409,2.464940732826951e-16
noncanonical,1,1,raw,64,0.008206386930155787,4.3082216378500913e-16
noncanonical,1,1,recovered,64,0.003648627053328352,3.780781960461728e-16
noncanonical,1,1,raw,65,0.00862997871316614,2.401499031959672e-16
noncanonical,1,1,recovered,65,0.011405973814262348,5.722774430440705e-16
noncanonical,1,1,raw,66,-0.00042217433651708307,0.0004874849336659778
noncanonical,1,1,recovered,66,0.009521646645816458,6.954760004076482e-16
noncanonical,1,1,raw,67,0.00568295390362248,3.7402404203345447e-16
noncanonical,1,1,recovered,67,-4.943099854017044e-05,5.707800062715123e-05
noncanonical,1,1,raw,68,0.002534597305402349,3.1351077679049505e-16
noncanonical,1,1,recovered,68,0.0074108798166425925,7.092990320964843e-16
noncanonical,1,1,raw,69,0.004624980673482207,2.729785963139211e-16
noncanonical,1,1,recovered,69,0.005435248649755534,5.849984049938592e-16
noncanonical,1,1,raw,70,0.007860184700954632,2.9480149890454086e-16
noncanonical,1,1,recovered,70,0.006541232259953955,4.896303106125504e-16
noncanonical,1,1,raw,71,0.011288995361602288,4.799691381835022e-16
noncanonical,1,1,recovered,71,0.0036366433511791215,5.49823391037818e-16
noncanonical,1,1,raw,72,0.004517365404613482,3.9490637975624e-16
noncanonical,1,1,recovered,72,-0.0012747614165095661,0.0014719676939485332
noncanonical,1,1,raw,73,-0.0014807571701358094,0.0017098311015647325
noncanonical,1,1,recovered,73,0.003972681223725755,1.5838980366673926e-16
noncanonical,1,1,raw,74,0.004782317101134794,2.1915542544569037e-16
noncanonical,1,1,recovered,74,0.003606709195861641,9.379512137714268e-16
noncanonical,1,1,raw,75,0.0036988597305762094,5.09203027011759e-16
noncanonical,1,1,recovered,75,0.010377622566596243,4.614531556941009e-16
noncanonical,1,1,raw,76,0.005513960074763395,3.444638444996548e-16
noncanonical,1,1,recovered,76,0.0024759935576311493,2.724116590960791e-16
noncanonical,1,1,raw,77,0.002815795576597218,4.510039170569925e-16
noncanonical,1,1,recovered,77,0.004901328452624011,2.694161900320971e-16
noncanonical,1,1,raw,78,-0.0008918037331335169,0.0010297662507778086
noncanonical,1,1,recovered,78,0.00811726585655833,7.770739506981069e-16
noncanonical,1,1,raw,79,0.0066165274777728236,4.109840772392907e-16
noncanonical,1,1,recovered,79,0.005539206328336176,5.031494404636167e-16
noncanonical,1,1,raw,80,0.0014902839667134474,7.735384291164679e-16
noncanonical,1,1,recovered,80,0.009386910028649578,2.687275190038333e-16
noncanonical,1,1,raw,81,0.008796444929998952,3.421052164901751e-16
noncanonical,1,1,recovered,81,0.0027616818830423634,5.448137384979185e-16
noncanonical,1,1,raw,82,0.013030060804667351,6.390508708882386e-16
noncanonical,1,1,recovered,82,0.0018258753025894691,2.2931693570591204e-16
noncanonical,1,1,raw,83,0.012016004094212917,2.1164803888815775e-16
noncanonical,1,1,recovered,83,0.003856487721853422,4.086226667788871e-16
noncanonical,1,1,raw,84,0.006035150340545282,4.422030973419743e-16
noncanonical,1,1,recovered,84,0.011891252159423498,2.899176882195232e-16
noncanonical,1,1,raw,85,0.0036162892626517146,1.7222427800552611e-16
noncanonical,1,1,recovered,85,0.010159411522633725,4.093193905335637e-16
noncanonical,1,1,raw,86,0.005824599166327573,1.0998488851987842e-15
noncanonical,1,1,recovered,86,0.005183959138020631,1.9505420835824646e-16
noncanonical,1,1,raw,87,0.008460756827902802,6.753999992349266e-16
noncanonical,1,1,recovered,87,0.014009464750717399,5.287095413737724e-16
noncanonical,1,1,raw,88,0.006614514351884825,3.498257758816336e-16
noncanonical,1,1,recovered,88,0.003839504261131245,2.691904350376551e-16
noncanonical,1,1,raw,89,0.0016156577077731376,2.1188228828387837e-16
noncanonical,1,1,recovered,89,0.003285162866022047,4.2624420787202323e-16
noncanonical,1,1,raw,90,0.005951379776347224,2.4643760357799944e-16
noncanonical,1,1,recovered,90,0.0069091442101139,2.512663066590122e-16
noncanonical,1,1,raw,91,0.00356946441671541,8.118162992977333e-16
noncanonical,1,1,recovered,91,0.006479726072537927,4.362127879679993e-16
noncanonical,1,1,raw,92,0.0075962495007114664,3.6668196938058397e-16
noncanonical,1,1,recovered,92,0.009793301326038627,1.6148568085572927e-16
noncanonical,1,1,raw,93,0.00187034527957675,4.0850896285393837e-16
noncanonical,1,1,recovered,93,0.013668567752063293,5.23998807736439e-16
noncanonical,1,1,raw,94,0.004336049817405787,5.416072077578244e-16
noncanonical,1,1,recovered,94,0.007578669862480678,2.72754755545309e-16
noncanonical,1,1,raw,95,0.006490368928687311,4.545957183353115e-16
noncanonical,1,1,recovered,95,-0.0013650790024909573,0.0015762574591067528
noncanonical,1,1,raw,96,0.009753921890746576,2.573156913251823e-16
noncanonical,1,1,recovered,96,0.011899369057190412,3.9605013473621297e-16
noncanonical,1,1,raw,97,0.006340724177231394,2.870962439434515e-16
noncanonical,1,1,recovered,97,0.0034728035822805896,2.4215713166902847e-16
noncanonical,1,1,raw,98,0.011885942819894994,2.9703756147823293e-16
noncanonical,1,1,recovered,98,0.003043538735652846,7.488674153276526e-16
noncanonical,1,1,raw,99,0.0023325324523051204,5.427671794635306e-16
noncanonical,1,1,recovered,99,0.004362052808588087,5.8705846419607185e-16
noncanonical,1,1,raw,100,-0.0008276972771701469,0.0009557424915635378
noncanonical,1,1,recovered,100,0.012529432360083864,7.067537999218351e-16
noncanonical,1,1,raw,101,0.00839796000208006,3.087992035200812e-16
noncanonical,1,1,recovered,101,0.00580334775539066,2.657526160055392e-16
noncanonical,1,1,raw,102,0.006290662728636164,2.4617568969603994e-16
noncanonical,1,1,recovered,102,0.0034671195542468293,5.662644194348348e-16
noncanonical,1,1,raw,103,0.007682368093899611,3.139961803270299e-16
noncanonical,1,1,recovered,103,0.002585211146579344,4.1454310915084637e-16
noncanonical,1,1,raw,104,0.005634656166501946,8.150747970087887e-16
noncanonical,1,1,recovered,104,0.0038294737702266814,3.8204712414442625e-16
noncanonical,1,1,raw,105,0.01067626030475099,4.22082231220788e-16
noncanonical,1,1,recovered,105,0.012888760242218036,4.24300411218032e-16
noncanonical,1,1,raw,106,-0.008986532097281513,0.010376753450893492
noncanonical,1,1,recovered,106,0.005648063105864071,4.80152394144864e-16
noncanonical,1,1,raw,107,-0.00010401452141641804,0.00012010562387888618
noncanonical,1,1,recovered,107,0.006311371220449641,3.193469969384577e-16
noncanonical,1,1,raw,108,0.013071104448348643,6.7835439443970855e-16
noncanonical,1,1,recovered,108,0.015341372500446608,5.211097948910169e-16
noncanonical,1,1,raw,109,0.012416970908274611,3.816472961445647e-16
noncanonical,1,1,recovered,109,0.005488021029073148,5.572338467076468e-16
noncanonical,1,1,raw,110,-0.00047363858357198085,0.0005469107274477952
noncanonical,1,1,recovered,110,0.010209417460055943,4.423753195723086e-16
noncanonical,1,1,raw,111,0.0072902138460722,1.6103055965204637e-16
noncanonical,1,1,recovered,111,-0.0036167681710303884,0.0041762841542817225
noncanonical,1,1,raw,112,0.00927171049337063,2.902062307017369e-16
noncanonical,1,1,recovered,112,-0.0008633121104270918,0.000996866958699446
noncanonical,1,1,raw,113,0.0014389442088545076,3.9878459255526513e-16
noncanonical,1,1,recovered,113,0.007532014506928587,2.7666630164248156e-16
noncanonical,1,1,raw,114,0.007377641846892628,4.033110835709733e-16
noncanonical,1,1,recovered,114,-0.0025997741536968014,0.0030019606149383274
noncanonical,1,1,raw,115,0.004433514660225628,5.005125357554712e-16
noncanonical,1,1,recovered,115,0.00019154191851063204,1.9161432313483193e-16
noncanonical,1,1,raw,116,0.010404817981469807,3.5486067951484343e-16
noncanonical,1,1,recovered,116,0.001168320909832897,2.677205937276132e-16
noncanonical,1,1,raw,117,0.003122809505493058,4.296164481419857e-16
noncanonical,1,1,recovered,117,0.005203886469544397,3.766113232043055e-16
noncanonical,1,1,raw,118,0.000591992313731886,3.6609151996973163e-16
noncanonical,1,1,recovered,118,0.009161568467798809,2.637152351646089e-16
noncanonical,1,1,raw,119,0.006304543860022116,1.664365814182376e-16
noncanonical,1,1,recovered,119,0.0027423119855628647,7.094128271515475e-16
noncanonical,1,1,raw,120,0.005445649968307863,2.637507139857446e-16
noncanonical,1,1,recovered,120,0.011879309523300411,3.239158099254344e-16
noncanonical,1,1,raw,121,0.002939266911478805,3.606436495775725e-16
noncanonical,1,1,recovered,121,0.005659834749846798,5.227892927802961e-16
noncanonical,1,1,raw,122,0.011605083009203957,5.620843910788825e-16
noncanonical,1,1,recovered,122,-0.0016104797962322487,0.0018596218877583487
noncanonical,1,1,raw,123,-0.002850616288499354,0.0032916081630427413
noncanonical,1,1,recovered,123,0.010760906966382235,2.590828531118701e-16
noncanonical,1,1,raw,124,0.008181158608083425,4.216346132462165e-16
noncanonical,1,1,recovered,124,0.007987581348034362,5.60686891941056e-16
noncanonical,1,1,raw,125,0.0026973333081725956,9.746400317602715e-16
noncanonical,1,1,recovered,125,0.008098700032844627,4.399927792132555e-16
noncanonical,1,1,raw,126,0.00028866515725099626,4.74026283379755e-16
noncanonical,1,1,recovered,126,0.003647110918731336,2.723108387769536e-16
noncanonical,1,1,raw,127,0.008566006813530754,2.433973750353472e-16
noncanonical,1,1,recovered,127,0.008550256733382324,6.014154571870418e-16
noncanonical,1,1,raw,128,0.007138007094140613,4.6891993388505e-16
noncanonical,1,1,recovered,128,-0.0004276370161772559,0.0004937926928107505
noncanonical,1,1,raw,129,0.008414788362745755,4.012469211250734e-16
noncanonical,1,1,recovered,129,0.005755584191167354,4.3395454369142407e-16
noncanonical,1,1,raw,130,0.00669378594848804,6.689886920935371e-16
noncanonical,1,1,recovered,130,0.006698539983860082,3.195477654391797e-16
noncanonical,1,1,raw,131,0.0061018138532013535,7.151840664720144e-16
noncanonical,1,1,recovered,131,-0.002311920018372146,0.0026695752899041393
noncanonical,1,1,raw,132,-0.0016676493385141197,0.0019256355890102013
noncanonical,1,1,recovered,132,0.010761099507143497,1.7663566779849783e-16
noncanonical,1,1,raw,133,-4.5249571678687834e-05,5.2249704778814106e-05
noncanonical,1,1,recovered,133,0.011166911767343957,4.1601101732372104e-16
noncanonical,1,1,raw,134,0.0065403275826676445,4.0567744971980847e-16
noncanonical,1,1,recovered,134,0.0023901243261081544,2.568952472918743e-16
noncanonical,1,1,raw,135,0.014858806850874482,7.298137664014864e-16
noncanonical,1,1,recovered,135,0.006064400213077092,4.088978477741718e-16
noncanonical,1,1,raw,136,0.004363019357810452,3.0001752893531506e-16
noncanonical,1,1,recovered,136,0.0007385663855048896,4.340471746297035e-16
noncanonical,1,1,raw,137,0.007364830911934706,5.343361081120316e-16
noncanonical,1,1,recovered,137,0.0018955464193754696,9.544233633413182e-16
noncanonical,1,1,raw,138,0.00765150417107951,5.054856104830993e-16
noncanonical,1,1,recovered,138,0.005029083416551609,2.69806842090927e-16
noncanonical,1,1,raw,139,0.006873915008734013,2.798381045921433e-16
noncanonical,1,1,recovered,139,0.009293445079713945,8.431333031915747e-16
noncanonical,1,1,raw,140,0.007079515815588908,2.848119658383544e-16
noncanonical,1,1,recovered,140,0.00020611587630823568,4.475927994634703e-16
noncanonical,1,1,raw,141,0.008091095456063402,2.3676473309870634e-16
noncanonical,1,1,recovered,141,0.012274320379606074,3.7772097477242563e-16
noncanonical,1,1,raw,142,0.0023155202692987957,4.1494673591372153e-16
noncanonical,1,1,recovered,142,-0.0004155567619530289,0.000479843616754276
noncanonical,1,1,raw,143,0.002739758778943081,4.357736423271729e-16
noncanonical,1,1,recovered,143,0.001866946842188165,4.901399708968571e-16
noncanonical,1,1,raw,144,0.006294673764719562,6.291749217290072e-16
noncanonical,1,1,recovered,144,0.004323972232587112,3.4748921500814203e-16
noncanonical,1,1,raw,145,0.000885292451859458,1.9150540144070505e-16
noncanonical,1,1,recovered,145,0.0070467219625639805,7.52509683055281e-16
noncanonical,1,1,raw,146,0.0014632360237534295,4.165514341387749e-16
noncanonical,1,1,recovered,146,0.003090918210447466,5.516881761202059e-16
noncanonical,1,1,raw,147,0.003216657399100077,2.892331156833659e-16
noncanonical,1,1,recovered,147,0.007087233226857669,2.0216134999350649e-16
noncanonical,1,1,raw,148,0.0070458733713633665,8.258344105873021e-16
noncanonical,1,1,recovered,148,0.007104250751481141,7.124486427967415e-16
noncanonical,1,1,raw,149,0.012657685748013566,3.0473742807684997e-16
noncanonical,1,1,recovered,149,0.009553846258971556,2.182746445967924e-16
noncanonical,1,1,raw,150,0.00838471205891993,2.830175982007165e-16
noncanonical,1,1,recovered,150,0.0045193382052429116,4.268812238699668e-16
noncanonical,1,1,raw,151,0.0024757327838326876,2.8615120995710964e-16
noncanonical,1,1,recovered,151,0.005008699759114573,6.416601943108844e-16
noncanonical,1,1,raw,152,0.0073789465262432,2.0336234226284306e-16
noncanonical,1,1,recovered,152,0.003730397471350153,4.288619836314524e-16
noncanonical,1,1,raw,153,0.010997482635640697,2.6709531219299234e-16
noncanonical,1,1,recovered,153,0.010934957355976528,4.772468591281412e-16
noncanonical,1,1,raw,154,0.009437430601735203,4.646161412856824e-16
noncanonical,1,1,recovered,154,0.00903706675978365,8.674430086862777e-16
noncanonical,1,1,raw,155,-0.004694594709219173,0.005420851038207692
noncanonical,1,1,recovered,155,0.001630547018803249,1.9144592860105022e-16
noncanonical,1,1,raw,156,0.00867857175690534,7.036514531868746e-16
noncanonical,1,1,recovered,156,0.0035830928035565437,2.289481773975831e-16
noncanonical,1,1,raw,157,0.002446655767999789,4.4338309650552714e-16
noncanonical,1,1,recovered,157,0.00391571106736682,5.182571668301344e-16
noncanonical,1,1,raw,158,-0.0030486497845601188,0.0035202775475612473
noncanonical,1,1,recovered,158,0.00740557492460225,1.5218831233628257e-16
noncanonical,1,1,raw,159,0.0012178475742840246,1.6040865491783925e-16
noncanonical,1,1,recovered,159,-5.996872128014391e-05,6.924591474808391e-05
noncanonical,1,1,raw,160,0.0039610696639964665,1.4540190021933053e-16
noncanonical,1,1,recovered,160,0.003994376507537312,3.032217506203731e-16
noncanonical,1,1,raw,161,0.007773089274803799,5.520913319481539e-16
noncanonical,1,1,recovered,161,0.01104677420146641,6.401265517460705e-16
noncanonical,1,1,raw,162,0.001970495369193109,8.04516235778096e-16
noncanonical,1,1,recovered,162,0.004190843132465434,1.7797078761234517e-16
noncanonical,1,1,raw,163,0.008598784231282868,2.2664296649328547e-16
noncanonical,1,1,recovered,163,0.007742398820041157,1.8827744347768543e-16
noncanonical,1,1,raw,164,0.0016316311578364051,1.8877625597151937e-16
noncanonical,1,1,recovered,164,0.012883449731891638,4.1981920950393156e-16
noncanonical,1,1,raw,165,0.01342897343526972,4.937746900703322e-16
noncanonical,1,1,recovered,165,0.00721390364917977,4.146592406321966e-16
noncanonical,1,1,raw,166,0.006884704306673465,5.21305200818649e-16
noncanonical,1,1,recovered,166,0.0090603378054018,4.262625812884275e-16
noncanonical,1,1,raw,167,0.004688936412491696,1.7244752765618176e-16
noncanonical,1,1,recovered,167,0.008820705213981483,7.160096758123408e-16
noncanonical,1,1,raw,168,0.0038822245666238356,1.9688538297471522e-16
noncanonical,1,1,recovered,168,0.0002888602447443929,1.1701028109526735e-16
noncanonical,1,1,raw,169,0.009723464914183893,2.998112099692038e-16
noncanonical,1,1,recovered,169,0.007557042339075445,4.459908713810188e-16
noncanonical,1,1,raw,170,0.007833575905931516,6.816025782496856e-16
noncanonical,1,1,recovered,170,-0.0016924993260077137,0.0019543298829475374
noncanonical,1,1,raw,171,0.007828039981073382,3.4132530376658676e-16
noncanonical,1,1,recovered,171,0.004934817069969234,9.64648397453603e-16
noncanonical,1,1,raw,172,0.0027442537088225704,4.776301531129185e-16
noncanonical,1,1,recovered,172,0.007673593094850809,6.158165263296372e-16
noncanonical,1,1,raw,173,0.008145319020483741,6.302145578157891e-16
noncanonical,1,1,recovered,173,0.005587236673742692,1.4525598352981706e-16
noncanonical,1,1,raw,174,0.010900839560534083,5.600374301983077e-16
noncanonical,1,1,recovered,174,0.010238451304100712,2.527604317304177e-16
noncanonical,1,1,raw,175,0.0007854304995485875,3.2486272297276106e-16
noncanonical,1,1,recovered,175,0.006222953173023919,5.859002056949154e-16
noncanonical,1,1,raw,176,0.011567775208828457,5.615209390103384e-16
noncanonical,1,1,recovered,176,0.004098693641977653,2.574797778976178e-16
noncanonical,1,1,raw,177,0.007228858902709908,3.226727016536182e-16
noncanonical,1,1,recovered,177,0.009337117202966684,2.063829456437971e-16
noncanonical,1,1,raw,178,0.0062320726131853965,3.3706187289714113e-16
noncanonical,1,1,recovered,178,0.009299431860543914,5.399760482431303e-16
noncanonical,1,1,raw,179,0.004807684916033434,3.9536570593276495e-16
noncanonical,1,1,recovered,179,0.001905990296371951,3.572040587767945e-16
noncanonical,1,1,raw,180,-0.000980324109395081,0.0011319807769046165
noncanonical,1,1,recovered,180,0.004897261124554502,5.603516188621405e-16
noncanonical,1,1,raw,181,0.003734852635430234,2.9270920710895033e-16
noncanonical,1,1,recovered,181,0.005613398947434891,5.30143687844938e-16
noncanonical,1,1,raw,182,0.008663957031769908,3.5118779490220673e-16
noncanonical,1,1,recovered,182,0.003755868591381754,5.395789158006782e-16
noncanonical,1,1,raw,183,0.005338219755537401,4.221465038722371e-16
noncanonical,1,1,recovered,183,0.0034962926066373808,2.5944430152902177e-16
noncanonical,1,1,raw,184,0.0036477709166798395,5.076267454150786e-16
noncanonical,1,1,recovered,184,0.007129407331636881,2.9580468902889407e-16
noncanonical,1,1,raw,185,0.004571845100417983,1.017323450792898e-15
noncanonical,1,1,recovered,185,0.008690857055166597,8.471180814694114e-16
noncanonical,1,1,raw,186,0.010053959245260632,2.2451541727411297e-16
noncanonical,1,1,recovered,186,0.01166527048923377,4.891461701657686e-16
noncanonical,1,1,raw,187,0.005903231412811496,8.659700271468709e-16
noncanonical,1,1,recovered,187,0.008888474463733528,2.2995393894339374e-16
noncanonical,1,1,raw,188,0.009002657566902703,4.726004313386052e-16
noncanonical,1,1,recovered,188,-0.0037753314134357768,0.004359377215654324
noncanonical,1,1,raw,189,0.006945504734629315,1.4418698668115317e-16
noncanonical,1,1,recovered,189,0.0035036118795856094,3.554025966927784e-16
noncanonical,1,1,raw,190,0.008995498577923252,4.427991047009203e-16
noncanonical,1,1,recovered,190,-0.0009256141155698437,0.0010688071175801732
noncanonical,1,1,raw,191,0.007577864956986842,1.6547752646201525e-16
noncanonical,1,1,recovered,191,8.403502254235174e-06,5.322252058429758e-16
noncanonical,1,1,raw,192,0.009174760964066908,2.6561103379817436e-16
noncanonical,1,1,recovered,192,0.010959160418209837,1.3188507254303767e-16
noncanonical,1,1,raw,193,0.012095372810577614,3.2513587228115125e-16
noncanonical,1,1,recovered,193,0.006312155645221106,3.170014333511935e-16
noncanonical,1,1,raw,194,0.006023053001228726,9.218690996641996e-16
noncanonical,1,1,recovered,194,0.00434181625549402,4.828081680260742e-16
noncanonical,1,1,raw,195,0.008327558029159373,2.4467442918841653e-16
noncanonical,1,1,recovered,195,0.003547659622705386,3.697785276417241e-16
noncanonical,1,1,raw,196,0.0007627750576616048,4.536297743588842e-16
noncanonical,1,1,recovered,196,0.006714347008339133,5.308240162148674e-16
noncanonical,1,1,raw,197,0.007748307935512656,6.068139213938168e-16
noncanonical,1,1,recovered,197,0.006363961312337032,6.40287542389882e-16
noncanonical,1,1,raw,198,0.00791834475753332,5.739641372818896e-16
noncanonical,1,1,recovered,198,0.0029153991128535034,3.522983790107541e-16
noncanonical,1,1,raw,199,0.005424221431507988,5.944465911766115e-16
noncanonical,1,1,recovered,199,0.0007058979652643619,6.484827003263009e-16
noncanonical,1,1,raw,200,0.00441618626424983,5.216522900969376e-16
noncanonical,1,1,recovered,200,0.005793503697004735,4.146288499885027e-16
noncanonical,1,1,raw,201,0.005992866798168486,5.997770356403934e-16
noncanonical,1,1,recovered,201,0.009073560140405765,2.0862348811674574e-16
noncanonical,1,1,raw,202,0.009930785753893022,2.91545330873754e-16
noncanonical,1,1,recovered,202,0.009791768358555665,2.517099978054039e-16
noncanonical,1,1,raw,203,-0.00076510144163668,0.0008834630465725195
noncanonical,1,1,recovered,203,0.005688478484771595,3.870776378234529e-16
noncanonical,1,1,raw,204,0.005722198818473777,2.831660444639964e-16
noncanonical,1,1,recovered,204,0.010823282154217247,2.080793849558657e-16
noncanonical,1,1,raw,205,0.002149326348933654,2.7847191960296785e-16
noncanonical,1,1,recovered,205,0.0064808467717882194,4.911265968114341e-16
noncanonical,1,1,raw,206,0.008179107001951215,3.8435821827410647e-16
noncanonical,1,1,recovered,206,0.010868100221530527,7.166651646995026e-16
noncanonical,1,1,raw,207,0.012941031555305745,2.206903043131841e-16
noncanonical,1,1,recovered,207,0.002301437204063313,4.500396669363388e-16
noncanonical,1,1,raw,208,0.005856150502614573,2.1416986240964512e-16
noncanonical,1,1,recovered,208,0.009024711326257394,1.2470870241935482e-16
noncanonical,1,1,raw,209,0.004548928023288653,3.566763479361425e-16
noncanonical,1,1,recovered,209,0.005390311043723058,4.767452826312519e-16
noncanonical,1,1,raw,210,-0.002221634757705948,0.002565322850805215
noncanonical,1,1,recovered,210,0.0007074329327315342,1.5082526551165416e-16
noncanonical,1,1,raw,211,0.007500335794587536,4.538436623024496e-16
noncanonical,1,1,recovered,211,0.004005356209242064,3.798595110262592e-16
noncanonical,1,1,raw,212,0.0055465900932244435,4.286733022762034e-16
noncanonical,1,1,recovered,212,0.008595160105400922,1.7472610129302074e-16
noncanonical,1,1,raw,213,0.006478086959804139,1.843179407774431e-16
noncanonical,1,1,recovered,213,0.004799967909395346,3.465661020728983e-16
noncanonical,1,1,raw,214,0.002233696893465972,2.458982000209221e-16
noncanonical,1,1,recovered,214,0.0007488559238536452,5.165055626334192e-16
noncanonical,1,1,raw,215,0.005720303692125004,3.384189417949101e-16
noncanonical,1,1,recovered,215,0.00633251600890344,3.584775737845664e-16
noncanonical,1,1,raw,216,-0.00026190609662578106,0.00030242311077857437
noncanonical,1,1,recovered,216,0.014603482632655141,2.6047040513666645e-16
noncanonical,1,1,raw,217,0.010148873861953876,3.0217832962513844e-16
noncanonical,1,1,recovered,217,0.011948411147766028,3.1324985616867124e-16
noncanonical,1,1,raw,218,0.006613677088711055,6.466410809443664e-16
noncanonical,1,1,recovered,218,0.0018308263542354448,4.1566733316319605e-16
noncanonical,1,1,raw,219,0.010561653511551049,3.6904088772648637e-16
noncanonical,1,1,recovered,219,0.002604916240909029,3.3430705475540257e-16
noncanonical,1,1,raw,220,0.004316427579662546,5.030443847192425e-16
noncanonical,1,1,recovered,220,0.007430961061922163,1.586840166408371e-16
noncanonical,1,1,raw,221,0.004865094913368857,2.762033070306971e-16
noncanonical,1,1,recovered,221,0.010976083331584412,6.313387372433601e-16
noncanonical,1,1,raw,222,0.006644222372569384,1.673730760960296e-16
noncanonical,1,1,recovered,222,0.010331766942018728,1.7925898519131022e-16
noncanonical,1,1,raw,223,0.007955578875280086,3.175103046122992e-16
noncanonical,1,1,recovered,223,0.013724119954725677,2.988017519982343e-16
noncanonical,1,1,raw,224,0.003731114215976589,1.5705475892013784e-16
noncanonical,1,1,recovered,224,0.0028434843181425465,2.5633731226119413e-16
noncanonical,1,1,raw,225,0.006383929618939235,3.563563907571416e-16
noncanonical,1,1,recovered,225,0.0058042081119483065,1.010914303353623e-15
noncanonical,1,1,raw,226,0.005974876323414752,2.325526467263076e-16
noncanonical,1,1,recovered,226,0.0014644692554518055,1.2611550401655234e-16
noncanonical,1,1,raw,227,0.004344310695344497,2.1384914246794934e-16
noncanonical,1,1,recovered,227,0.012177865680831259,5.967903380052612e-16
noncanonical,1,1,raw,228,0.00979940602767545,2.751589770694148e-16
noncanonical,1,1,recovered,228,-0.0037668045843464995,0.004349531281514201
noncanonical,1,1,raw,229,0.0020293707982423086,3.7592264738414914e-16
noncanonical,1,1,recovered,229,0.006004350160508223,4.457801623152982e-16
noncanonical,1,1,raw,230,0.005397736579763295,2.4101597257852953e-16
noncanonical,1,1,recovered,230,0.010894123534708729,3.071944080958653e-16
noncanonical,1,1,raw,231,0.006475155259536632,3.6404712778334103e-16
noncanonical,1,1,recovered,231,0.0012650152761681918,4.814232706570796e-16
noncanonical,1,1,raw,232,0.0019085622835481849,2.6653350205225293e-16
noncanonical,1,1,recovered,232,0.005638550237038227,1.452053961525852e-16
noncanonical,1,1,raw,233,0.008603999604124776,3.3365673400397123e-16
noncanonical,1,1,recovered,233,0.0021166749990868274,4.2717455524500517e-16
noncanonical,1,1,raw,234,0.005573076901273937,3.6076670483015055e-16
noncanonical,1,1,recovered,234,0.003985848774871326,3.2785370181701864e-16
noncanonical,1,1,raw,235,0.0014973689823790334,6.396835450556987e-16
noncanonical,1,1,recovered,235,0.0001661677662323986,4.0895025178911526e-16
noncanonical,1,1,raw,236,0.010605436814834529,2.0409120300351375e-16
noncanonical,1,1,recovered,236,0.00576621389210318,2.9333213504821073e-16
noncanonical,1,1,raw,237,0.010153068210115485,4.800803146304464e-16
noncanonical,1,1,recovered,237,0.006624553135188973,2.985419932654463e-16
noncanonical,1,1,raw,238,-0.0045209870242088205,0.0052203861508593515
noncanonical,1,1,recovered,238,0.005410260442640676,2.2075783328023188e-16
noncanonical,1,1,raw,239,0.007998959734965571,7.89796625955817e-16
noncanonical,1,1,recovered,239,-0.0009851949975990537,0.0011376051941359927
noncanonical,1,1,raw,240,0.007081145885607561,4.152854036337471e-16
noncanonical,1,1,recovered,240,0.01176437403622264,2.112030284572726e-16
noncanonical,1,1,raw,241,0.012865210046536254,2.3399584753486934e-16
noncanonical,1,1,recovered,241,0.0052319627806811046,2.1646888535446124e-16
noncanonical,1,1,raw,242,0.011202389528190162,2.1254787435023234e-16
noncanonical,1,1,recovered,242,0.008689004235832227,2.471973344818943e-16
noncanonical,1,1,raw,243,0.005381094887532115,4.02105781948618e-16
noncanonical,1,1,recovered,243,0.009139965786272889,2.5991128022912665e-16
noncanonical,1,1,raw,244,0.00415331099933768,4.454462009538585e-16
noncanonical,1,1,recovered,244,0.006671156954000755,2.6668235242476367e-16
noncanonical,1,1,raw,245,0.0037932903924936044,4.849940626296179e-16
noncanonical,1,1,recovered,245,0.005069616055222373,3.1173148591401765e-16
noncanonical,1,1,raw,246,0.005676384438493878,3.685605950233612e-16
noncanonical,1,1,recovered,246,-0.00013409331470392053,0.00015483762268156108
noncanonical,1,1,raw,247,0.009393151687212553,3.281752283482623e-16
noncanonical,1,1,recovered,247,0.0016007421957406089,6.579358299045812e-16
noncanonical,1,1,raw,248,0.004459443658483156,5.475093441627879e-16
noncanonical,1,1,recovered,248,-0.005116769913894341,0.0059083369743364094
noncanonical,1,1,raw,249,0.011452386643410403,4.3631873356820625e-16
noncanonical,1,1,recovered,249,0.006547933099200098,3.0299712999248765e-16
noncanonical,1,1,raw,250,0.008361638197617134,5.099198421685513e-16
noncanonical,1,1,recovered,250,0.004430664530345976,4.830598506856515e-16
noncanonical,1,1,raw,251,0.009070888714456637,4.973682427810978e-16
noncanonical,1,1,recovered,251,0.006311752764874483,5.737915035602821e-16
noncanonical,1,1,raw,252,0.005345412732746437,3.0160163345923367e-16
noncanonical,1,1,recovered,252,0.00372063768878905,4.936126914497483e-16
noncanonical,1,1,raw,253,0.006624789166066828,3.14528974961969e-16
noncanonical,1,1,recovered,253,0.012592153917965143,9.053749025000545e-16
noncanonical,1,1,raw,254,0.0064440059417848325,1.9478892218315927e-16
noncanonical,1,1,recovered,254,0.005117276327376808,3.53946430042761e-16
noncanonical,1,1,raw,255,0.007079940410698607,2.6278698926436046e-16
noncanonical,1,1,recovered,255,-0.0007065167055890547,0.0008158152203176606
noncanonical,1,1,raw,256,0.013046373919544411,3.6483723691484e-16
noncanonical,1,1,recovered,256,0.0034979677663604936,3.3362040702468267e-16
noncanonical,1,1,raw,257,0.00571357812012506,4.815103828652446e-16
noncanonical,1,1,recovered,257,0.0030009413158560605,1.362120432074007e-16
noncanonical,1,1,raw,258,0.006131000125477282,5.844692470283109e-16
noncanonical,1,1,recovered,258,0.007303094516469429,1.8829193154686366e-16
noncanonical,1,1,raw,259,0.006261237469063776,6.335746512569841e-16
noncanonical,1,1,recovered,259,0.0013433103562766298,8.002661265406914e-16
noncanonical,1,1,raw,260,0.008740303388928143,4.0651330200702487e-16
noncanonical,1,1,recovered,260,0.014863730890093588,3.0014495719721347e-16
noncanonical,1,1,raw,261,0.003945289094047133,3.389842314995059e-16
noncanonical,1,1,recovered,261,0.011028381407926164,3.8630631764720123e-16
noncanonical,1,1,raw,262,0.008640641747345268,2.7397168918548256e-16
noncanonical,1,1,recovered,262,0.009852939493500388,4.619896267658557e-16
noncanonical,1,1,raw,263,0.009225451965586417,6.670694114950585e-16
noncanonical,1,1,recovered,263,0.007790879786621095,2.5597606885546837e-16
noncanonical,1,1,raw,264,0.006339267599464072,8.017839196958111e-16
noncanonical,1,1,recovered,264,0.00993898193042169,2.1902494026265036e-16
noncanonical,1,1,raw,265,-0.0032811196083504814,0.0037887105782490466
noncanonical,1,1,recovered,265,0.0050673083434822986,4.724265875360581e-16
noncanonical,1,1,raw,266,0.0030936743575454024,3.8246534422147365e-16
noncanonical,1,1,recovered,266,0.010228452530930878,1.3674425102138798e-15
noncanonical,1,1,raw,267,0.0010499755406074831,2.77973336325901e-16
noncanonical,1,1,recovered,267,0.003962958032978045,8.29272215316212e-17
noncanonical,1,1,raw,268,0.004848108756710832,5.116097490260673e-16
noncanonical,1,1,recovered,268,0.0026763825244502937,9.739416539041767e-16
noncanonical,1,1,raw,269,0.010450935813952419,5.373739105212295e-16
noncanonical,1,1,recovered,269,0.008306431550732211,2.4745954461613167e-16
noncanonical,1,1,raw,270,0.008704982183724891,3.2154914086494237e-16
noncanonical,1,1,recovered,270,-0.003513614373992239,0.004057172409305985
noncanonical,1,1,raw,271,0.005543461840795747,1.7738024690435424e-16
noncanonical,1,1,recovered,271,0.006222006602745232,3.104361454200165e-16
noncanonical,1,1,raw,272,0.0060022950675927556,4.417809755660723e-16
noncanonical,1,1,recovered,272,0.0018144536850130083,1.951691601219045e-16
noncanonical,1,1,raw,273,0.003437157981363085,2.963936685141177e-16
noncanonical,1,1,recovered,273,0.010158681443441196,5.290028502841301e-16
noncanonical,1,1,raw,274,0.0060409812680235,1.4873799703361473e-16
noncanonical,1,1,recovered,274,0.005833339578348341,2.7937569603390605e-16
noncanonical,1,1,raw,275,0.005538800504766999,2.229290516845405e-16
noncanonical,1,1,recovered,275,0.0033120687217189637,3.1035585933370543e-16
noncanonical,1,1,raw,276,0.0112791274417715,6.922139694179282e-16
noncanonical,1,1,recovered,276,-0.0015359379535152358,0.001773548381841224
noncanonical,1,1,raw,277,0.010413415898209929,7.158415429505645e-16
noncanonical,1,1,recovered,277,0.0010791499613566696,7.760549202599109e-16
noncanonical,1,1,raw,278,0.0032133345820013117,4.2807443314234307e-16
noncanonical,1,1,recovered,278,0.00880949216617577,4.1368949711358636e-16
noncanonical,1,1,raw,279,0.002950105984078931,6.299973331360468e-16
noncanonical,1,1,recovered,279,0.007813506938059066,8.071049188416702e-16
noncanonical,1,1,raw,280,0.004218753726381394,1.1987844517163525e-16
noncanonical,1,1,recovered,280,0.0018830578823059232,5.965456518487832e-16
noncanonical,1,1,raw,281,0.014103969425363563,4.814444642033908e-16
noncanonical,1,1,recovered,281,0.0018681324244565756,3.727900165616009e-16
noncanonical,1,1,raw,282,0.0019497501908975496,5.167015907735446e-16
noncanonical,1,1,recovered,282,0.009177120803308358,4.887223823495301e-16
noncanonical,1,1,raw,283,0.00954103060839837,5.865767423119324e-16
noncanonical,1,1,recovered,283,0.008616583707850551,1.451684764793986e-16
noncanonical,1,1,raw,284,0.007277164080272205,4.233863762727729e-16
noncanonical,1,1,recovered,284,0.0009449326042060418,5.649472808309782e-16
noncanonical,1,1,raw,285,0.007398397892271912,2.3760409035868915e-16
noncanonical,1,1,recovered,285,0.004630623618939903,6.015068448282092e-16
noncanonical,1,1,raw,286,0.003922326075826248,4.626986697283334e-16
noncanonical,1,1,recovered,286,0.009527277856504708,4.751489085870123e-16
noncanonical,1,1,raw,287,0.0058464266947771725,5.506514151831409e-16
noncanonical,1,1,recovered,287,0.004774237167265279,2.953035547958634e-16
noncanonical,1,1,raw,288,0.00748465782466222,8.389006865565754e-17
noncanonical,1,1,recovered,288,0.011606682614335994,3.0767724520772207e-16
noncanonical,1,1,raw,289,0.006973091581431987,3.324779811662219e-16
noncanonical,1,1,recovered,289,0.0017331832340081127,7.681841027717317e-16
noncanonical,1,1,raw,290,0.0005653765732766243,3.433060052991519e-16
noncanonical,1,1,recovered,290,0.003922054354552909,6.11217837647562e-16
noncanonical,1,1,raw,291,0.007532477916337999,7.661819795809253e-16
noncanonical,1,1,recovered,291,0.0039900324752145085,6.01013409448391e-16
noncanonical,1,1,raw,292,0.005758420409211816,5.746110313551347e-16
noncanonical,1,1,recovered,292,0.002660620249516358,3.46278355177021e-16
noncanonical,1,1,raw,293,0.0004975048087914272,5.144106866114342e-16
noncanonical,1,1,recovered,293,0.008959947526573954,3.7261238407267415e-16
noncanonical,1,1,raw,294,0.0015582519224196997,4.696278247738781e-16
noncanonical,1,1,recovered,294,0.008058618711335605,2.979693719066506e-16
noncanonical,1,1,raw,295,0.00937823480430941,2.504320209541814e-16
noncanonical,1,1,recovered,295,0.007857467767890487,1.4239797580069878e-16
noncanonical,1,1,raw,296,0.010597373809236432,4.742705311757308e-16
noncanonical,1,1,recovered,296,0.0049919062168912,2.255815958972468e-16
noncanonical,1,1,raw,297,0.007155135782008011,4.3213823301159975e-16
noncanonical,1,1,recovered,297,0.015400037769141277,9.448793008668321e-16
noncanonical,1,1,raw,298,0.007124905896851531,6.446928911835678e-16
noncanonical,1,1,recovered,298,0.004736695252896945,3.4317357203224247e-16
noncanonical,1,1,raw,299,0.003735598152957081,4.57949363632476e-16
noncanonical,1,1,recovered,299,-0.002816380200593335,0.0032520757339057206
noncanonical,1,1,raw,300,0.0003568288639005656,5.643253873195507e-16
noncanonical,1,1,recovered,300,0.01236258162595519,2.696217453191036e-16
noncanonical,1,1,raw,301,0.0009474931863358784,4.677202494145335e-16
noncanonical,1,1,recovered,301,0.005823007507651669,2.7502377602557695e-16
noncanonical,1,1,raw,302,0.009311612956105043,1.9957620642813495e-16
noncanonical,1,1,recovered,302,-0.0027096111867293336,0.003128789496114856
noncanonical,1,1,raw,303,0.0035320598186312337,2.6695162394008834e-16
noncanonical,1,1,recovered,303,0.004611569649919317,2.693112802743761e-16
noncanonical,1,1,raw,304,0.006517840715923559,2.508989070409261e-16
noncanonical,1,1,recovered,304,0.012394948926996397,2.7926408883718267e-16
noncanonical,1,1,raw,305,0.004994655919597312,3.1991894319732156e-16
noncanonical,1,1,recovered,305,0.010559472702440972,7.62880742249148e-16
noncanonical,1,1,raw,306,0.008747503086266168,8.187377956635064e-16
noncanonical,1,1,recovered,306,0.003228269786008195,2.6537446740220895e-16
noncanonical,1,1,raw,307,0.005745928396029387,2.996645368503863e-16
noncanonical,1,1,recovered,307,0.006147930583239432,4.898121598884404e-16
noncanonical,1,1,raw,308,0.006027700181239261,8.529087242624727e-16
noncanonical,1,1,recovered,308,0.005782456839048843,3.2831188560618523e-16
noncanonical,1,1,raw,309,-0.0022654014236610028,0.0026158602435465595
noncanonical,1,1,recovered,309,0.007766091267895098,2.807049702995846e-16
noncanonical,1,1,raw,310,0.009196948222883023,4.4225764163776e-16
noncanonical,1,1,recovered,310,0.005883155329933977,3.002011525940327e-16
noncanonical,1,1,raw,311,0.0065739651916141995,2.4909822745485257e-16
noncanonical,1,1,recovered,311,0.005161596468673951,1.641195661837302e-16
noncanonical,1,1,raw,312,0.009613187067674219,2.5107463163453405e-16
noncanonical,1,1,recovered,312,0.005413085238500676,4.603538255842861e-16
noncanonical,1,1,raw,313,0.009947666679603246,2.691975964551554e-16
noncanonical,1,1,recovered,313,0.008939223900038493,2.830245343471727e-16
noncanonical,1,1,raw,314,0.0028516657771898856,3.8467273060677287e-16
noncanonical,1,1,recovered,314,0.005748154817462166,8.914068548538483e-16
noncanonical,1,1,raw,315,0.00542237745896728,8.376954901011489e-16
noncanonical,1,1,recovered,315,0.01178301170776333,3.45186593027546e-16
noncanonical,1,1,raw,316,0.0037452966145258477,4.331255103142936e-16
noncanonical,1,1,recovered,316,0.0063470047298694885,1.6391237888439858e-16
noncanonical,1,1,raw,317,0.007828758180847389,3.7198444071135416e-16
noncanonical,1,1,recovered,317,0.006314110858731052,2.801336723536089e-16
noncanonical,1,1,raw,318,0.0032255171601352794,2.316464862692991e-16
noncanonical,1,1,recovered,318,0.007702680214418536,4.45402815089858e-16
noncanonical,1,1,raw,319,0.003824031112464407,3.5276807395169755e-16
noncanonical,1,1,recovered,319,0.008487286298038396,6.879319429265357e-16
noncanonical,1,1,raw,320,0.00805937750459281,3.197038478931256e-16
noncanonical,1,1,recovered,320,0.005006784118109547,1.8122834168543834e-16
noncanonical,1,1,raw,321,0.010842412229091004,6.140029789335102e-16
noncanonical,1,1,recovered,321,0.004392398212677902,8.40698628155458e-16
noncanonical,1,1,raw,322,-0.0008720528094806752,0.0010069598486022893
noncanonical,1,1,recovered,322,-0.0014133751119906961,0.0016320250027476494
noncanonical,1,1,raw,323,0.00826985645748017,1.0462308954278932e-15
noncanonical,1,1,recovered,323,0.0049513262303050275,3.610975986711793e-16
noncanonical,1,1,raw,324,0.005303409642305777,1.0124831841759696e-15
noncanonical,1,1,recovered,324,-0.0020135342498220463,0.0023250290823145616
noncanonical,1,1,raw,325,0.009178096533615428,1.5675300747364348e-16
noncanonical,1,1,recovered,325,0.004135295049234426,1.9594608021692386e-16
noncanonical,1,1,raw,326,0.004480166081920195,3.088952045217467e-16
noncanonical,1,1,recovered,326,-0.0018283349356108768,0.0021111793344873752
noncanonical,1,1,raw,327,0.0029661430209555117,5.585288511550965e-16
noncanonical,1,1,recovered,327,0.01014365480251046,6.321217409273175e-16
noncanonical,1,1,raw,328,0.0066106604654494775,4.512482264800791e-16
noncanonical,1,1,recovered,328,0.005739512383061677,5.814018960994151e-16
noncanonical,1,1,raw,329,0.0015726078413527856,1.6156693322054581e-16
noncanonical,1,1,recovered,329,0.007022297908161027,5.382785904643274e-16
noncanonical,1,1,raw,330,0.009554042535251016,2.8539760041018134e-16
noncanonical,1,1,recovered,330,0.00831964044956381,2.584743891374957e-16
noncanonical,1,1,raw,331,0.00821307786419366,3.475925786919177e-16
noncanonical,1,1,recovered,331,0.005008226331884475,2.1731111791815542e-16
noncanonical,1,1,raw,332,0.00652753450480942,3.317678489354697e-16
noncanonical,1,1,recovered,332,0.008032596070317283,2.8550845685502526e-16
noncanonical,1,1,raw,333,0.002620610744390059,1.489468089716697e-16
noncanonical,1,1,recovered,333,-0.003241464400987101,0.003742920688957184
noncanonical,1,1,raw,334,0.005309583271620251,6.192817032439459e-16
noncanonical,1,1,recovered,334,0.002279843241876963,1.1023893010486532e-15
noncanonical,1,1,raw,335,0.007128006219317107,2.357964003084304e-16
noncanonical,1,1,recovered,335,0.00393177083577577,8.093915385134817e-16
noncanonical,1,1,raw,336,0.005603661281459041,4.1046513916878385e-16
noncanonical,1,1,recovered,336,-0.0024541751448904636,0.0028338373610819643
noncanonical,1,1,raw,337,0.008729397625523466,4.599295516995164e-16
noncanonical,1,1,recovered,337,0.012455510412651699,7.549637880590381e-16
noncanonical,1,1,raw,338,0.002510070959054888,6.959407180755552e-16
noncanonical,1,1,recovered,338,0.0028840116598122076,3.455038139139875e-16
noncanonical,1,1,raw,339,0.010469830393269099,7.450740826364228e-16
noncanonical,1,1,recovered,339,0.0024089524730957113,3.6313787902785595e-16
noncanonical,1,1,raw,340,0.005985695136339904,2.7461349300991195e-16
noncanonical,1,1,recovered,340,0.011036077885514556,2.494409685275957e-16
noncanonical,1,1,raw,341,0.002814353483959629,6.728882146807479e-16
noncanonical,1,1,recovered,341,0.013249905152764151,6.308927631322211e-16
noncanonical,1,1,raw,342,0.005076095396087991,2.476519498889801e-16
noncanonical,1,1,recovered,342,0.000949358782359132,2.8945201066697034e-16
noncanonical,1,1,raw,343,0.01066853400690161,5.354318789830951e-16
noncanonical,1,1,recovered,343,-0.0009952705110490973,0.0011492393949413377
noncanonical,1,1,raw,344,0.008379165365157449,2.0311456347256655e-16
noncanonical,1,1,recovered,344,0.009742164053862214,3.9087093535929124e-16
noncanonical,1,1,raw,345,0.007065371361402926,5.106684768569014e-16
noncanonical,1,1,recovered,345,0.00521909316064045,8.721894953716295e-16
noncanonical,1,1,raw,346,0.013364640996266228,2.431699429121762e-16
noncanonical,1,1,recovered,346,0.003974279422018903,3.5579597157846715e-16
noncanonical,1,1,raw,347,0.003084288434088335,3.5769602669918174e-16
noncanonical,1,1,recovered,347,0.00596225520737353,3.5057780771959735e-16
noncanonical,1,1,raw,348,0.006553331905872376,7.211592572033742e-16
noncanonical,1,1,recovered,348,0.008905343887473934,3.019186127691325e-16
noncanonical,1,1,raw,349,0.008062100503616264,1.7801675649806076e-16
noncanonical,1,1,recovered,349,0.006309945394136118,3.6782133555931267e-16
noncanonical,1,1,raw,350,0.008633500707870476,3.457701423696631e-16
noncanonical,1,1,recovered,350,0.007359152531899781,2.9197014950674e-16
noncanonical,1,1,raw,351,0.0019208202306876105,3.511186015462744e-16
noncanonical,1,1,recovered,351,0.0039877016897835625,4.766139925271568e-16
noncanonical,1,1,raw,352,0.009583670944257069,1.6800194581692156e-16
noncanonical,1,1,recovered,352,0.010139286395285704,4.07877635423835e-16
noncanonical,1,1,raw,353,0.008349787533320602,1.701477679875567e-16
noncanonical,1,1,recovered,353,0.005939292340504983,2.974020511827021e-16
noncanonical,1,1,raw,354,-0.007646868987993038,0.008829843737351281
noncanonical,1,1,recovered,354,0.010676349546966519,2.228951440198215e-16
noncanonical,1,1,raw,355,0.0027014941658020687,3.6555271467772833e-16
noncanonical,1,1,recovered,355,0.006333959246122178,6.010118276495621e-16
noncanonical,1,1,raw,356,0.006221158708104724,3.0194218801059094e-16
noncanonical,1,1,recovered,356,0.00855570933324338,3.3425571412346526e-16
noncanonical,1,1,raw,357,0.008851368821244326,5.639013150035112e-16
noncanonical,1,1,recovered,357,0.005195152744993992,5.826811950553791e-16
noncanonical,1,1,raw,358,0.0033481808798321807,6.307386929836768e-16
noncanonical,1,1,recovered,358,0.009034146475137705,4.040826005875288e-16
noncanonical,1,1,raw,359,0.00010153494913833338,4.677103911174213e-16
noncanonical,1,1,recovered,359,0.0023444395757289092,3.23967011237611e-16
noncanonical,1,1,raw,360,0.006177100188461283,3.557158112954265e-16
noncanonical,1,1,recovered,360,0.00112943334897056,5.659797038296523e-16
noncanonical,1,1,raw,361,0.004372961702469855,4.446787769469952e-16
noncanonical,1,1,recovered,361,0.0005397733727709818,2.0818511222492864e-16
noncanonical,1,1,raw,362,0.009253440172540251,4.271032229117703e-16
noncanonical,1,1,recovered,362,0.0031478329130833933,2.6715656749965725e-16
noncanonical,1,1,raw,363,0.005622397537222548,2.6967976788876556e-16
noncanonical,1,1,recovered,363,0.0070436378600392,7.030820451494002e-16
noncanonical,1,1,raw,364,0.011656914249622445,3.246112168152645e-16
noncanonical,1,1,recovered,364,0.0034555544283028424,2.5787283147462486e-16
noncanonical,1,1,raw,365,0.002234611787759263,2.2975182907235593e-16
noncanonical,1,1,recovered,365,0.004649779345574428,4.76694388580724e-16
noncanonical,1,1,raw,366,0.00850067558741118,5.097066769542393e-16
noncanonical,1,1,recovered,366,0.005218767484059599,3.812950217693447e-16
noncanonical,1,1,raw,367,0.0038372781251533737,7.592468326146228e-16
noncanonical,1,1,recovered,367,0.006646063747593301,3.6559490174238237e-16
noncanonical,1,1,raw,368,0.010603029061209178,2.69907204088302e-16
noncanonical,1,1,recovered,368,0.0007548115316188852,1.2745348772349605e-16
noncanonical,1,1,raw,369,0.0031567867431332303,5.021477650740854e-16
noncanonical,1,1,recovered,369,0.0015930329372838418,6.57621520617585e-16
noncanonical,1,1,raw,370,0.013012390730999242,5.467398943522143e-16
noncanonical,1,1,recovered,370,0.0045474529792474665,3.338340005724142e-16
noncanonical,1,1,raw,371,0.00035964629417870535,2.417186374441321e-16
noncanonical,1,1,recovered,371,0.01016992713262127,9.179142198284044e-16
noncanonical,1,1,raw,372,0.011725849358714294,2.4942890419698515e-16
noncanonical,1,1,recovered,372,0.008025021742307278,1.449415705713984e-16
noncanonical,1,1,raw,373,-0.0006853347025433318,0.0007913563499967898
noncanonical,1,1,recovered,373,0.008885839101462768,2.186325589762363e-16
noncanonical,1,1,raw,374,0.0017960015922227623,4.906538933386797e-16
noncanonical,1,1,recovered,374,0.003697126885007826,2.5865813571429155e-16
noncanonical,1,1,raw,375,0.009965182789511747,3.2552537846696744e-16
noncanonical,1,1,recovered,375,0.006336019229033012,3.8726572460398695e-16
noncanonical,1,1,raw,376,0.005433143231520793,2.599604822803218e-16
noncanonical,1,1,recovered,376,0.01207315552502404,3.7974697650925007e-16
noncanonical,1,1,raw,377,0.009890974638032955,5.198500575973677e-16
noncanonical,1,1,recovered,377,0.004774308604438762,9.536162072936263e-16
noncanonical,1,1,raw,378,0.01121943639059371,1.327137863067914e-16
noncanonical,1,1,recovered,378,-6.737823740244498e-05,7.780168700336813e-05
noncanonical,1,1,raw,379,0.004109628201238391,4.22623286291608e-16
noncanonical,1,1,recovered,379,0.0025926723723191194,3.708199755214134e-16
noncanonical,1,1,raw,380,0.005256444697636944,4.0432784590575757e-16
noncanonical,1,1,recovered,380,0.011107056756816489,8.549537982518907e-16
noncanonical,1,1,raw,381,0.005698295334147884,1.3366942108238058e-16
noncanonical,1,1,recovered,381,0.0017065335404302644,5.636973858887243e-16
noncanonical,1,1,raw,382,0.009026125635423004,3.159285879435655e-16
noncanonical,1,1,recovered,382,0.0038822199089592092,1.9023914422121558e-16
noncanonical,1,1,raw,383,0.0037983234576759294,3.602414718684456e-16
noncanonical,1,1,recovered,383,-0.0007866003371001359,0.0009082878327387905
noncanonical,1,1,raw,384,0.0032414387433263333,3.727784124779446e-16
noncanonical,1,1,recovered,384,0.009095006987454102,4.955604322720665e-16
noncanonical,1,1,raw,385,0.009477355357303329,9.308189792592785e-16
noncanonical,1,1,recovered,385,0.0003616122965727531,2.240348944910196e-16
noncanonical,1,1,raw,386,0.005697723434900869,3.0220867063489703e-16
noncanonical,1,1,recovered,386,0.00498673433333785,3.7215428693478645e-16
noncanonical,1,1,raw,387,0.006525780464187284,4.0040371556824247e-16
noncanonical,1,1,recovered,387,0.00816300286473625,2.951533273933405e-16
noncanonical,1,1,raw,388,0.00866900430736928,2.346065195349993e-16
noncanonical,1,1,recovered,388,0.0029192662916667075,2.807997391572586e-16
noncanonical,1,1,raw,389,0.009854183209131884,5.146482450982573e-16
noncanonical,1,1,recovered,389,0.005275810700379461,3.0379191064530435e-16
noncanonical,1,1,raw,390,0.006705045336800415,4.501753649291665e-16
noncanonical,1,1,recovered,390,0.002207879745213248,6.795956513362889e-16
noncanonical,1,1,raw,391,0.006468639780657832,4.2019200416424517e-16
noncanonical,1,1,recovered,391,0.00478895471918167,7.396927824811094e-16
noncanonical,1,1,raw,392,0.010771465264446856,7.343492043627499e-16
noncanonical,1,1,recovered,392,0.0001835326691570076,3.902391698724005e-16
noncanonical,1,1,raw,393,0.00031709966314564375,3.3928869720764803e-16
noncanonical,1,1,recovered,393,0.0067778839896762595,2.907634663430018e-16
noncanonical,1,1,raw,394,0.007799374984406685,4.340143497869217e-16
noncanonical,1,1,recovered,394,0.005047707569136678,3.5356682309110854e-16
noncanonical,1,1,raw,395,0.005117113863254845,2.6130199085891916e-16
noncanonical,1,1,recovered,395,0.0050281524749210965,2.6880938246456095e-16
noncanonical,1,1,raw,396,-0.002493036347428125,0.002878710412574323
noncanonical,1,1,recovered,396,0.0009708274065218332,2.725783882203374e-16
noncanonical,1,1,raw,397,0.0017947938727148863,2.04074614530962e-16
noncanonical,1,1,recovered,397,-0.000678626750529144,0.0007836106741945499
noncanonical,1,1,raw,398,0.006289356752860062,4.161366242269773e-16
noncanonical,1,1,recovered,398,0.004746791110556584,7.34815204910738e-16
noncanonical,1,1,raw,399,0.005675463111572352,5.59415457785397e-16
noncanonical,1,1,recovered,399,0.008286787610393398,4.315793639994457e-16
noncanonical,1,1,raw,400,0.006389767319259682,5.524372557097121e-16
noncanonical,1,1,recovered,400,0.0009955458532802663,5.113511246320357e-16
noncanonical,1,1,raw,401,0.002906540494171813,8.983435670536298e-16
noncanonical,1,1,recovered,401,0.0014264121541970592,4.1902101031604324e-16
noncanonical,1,1,raw,402,0.007302419312498751,2.593058028297086e-16
noncanonical,1,1,recovered,402,-0.0015866913747341492,0.001832153384647404
noncanonical,1,1,raw,403,0.0005222310876528228,4.274518456035647e-16
noncanonical,1,1,recovered,403,0.00729042151578738,1.9389100013285233e-16
noncanonical,1,1,raw,404,0.004207731415381307,6.631719319968246e-16
noncanonical,1,1,recovered,404,0.007668724673568453,7.69392275100096e-16
noncanonical,1,1,raw,405,0.0010790502687575896,6.825266154362718e-16
noncanonical,1,1,recovered,405,0.010273709699803815,2.49354808869849e-16
noncanonical,1,1,raw,406,0.004754378275330578,5.988540817579287e-16
noncanonical,1,1,recovered,406,0.00612688512842016,7.970400756628422e-16
noncanonical,1,1,raw,407,0.0067315088129724,2.1342563138927738e-16
noncanonical,1,1,recovered,407,0.010853927920397787,7.729271128271201e-16
noncanonical,1,1,raw,408,0.008035885871544723,6.104265054078544e-16
noncanonical,1,1,recovered,408,0.008513657515264107,2.355050841451995e-16
noncanonical,1,1,raw,409,0.00867817108598299,3.4327272199270555e-16
noncanonical,1,1,recovered,409,0.010831430945519409,4.10620099339258e-16
noncanonical,1,1,raw,410,-0.0004962341865032156,0.0005730018823173232
noncanonical,1,1,recovered,410,0.006712642920724027,3.460220320108287e-16
noncanonical,1,1,raw,411,0.004868946770753162,3.398100630518919e-16
noncanonical,1,1,recovered,411,-0.002182278196644872,0.0025198778085589574
noncanonical,1,1,raw,412,0.0072688298421775795,1.8273975942950075e-16
noncanonical,1,1,recovered,412,0.0019437924169288454,3.869007012285108e-16
noncanonical,1,1,raw,413,0.01076515751238095,5.788483003228347e-16
noncanonical,1,1,recovered,413,0.014479882084557073,2.7052966896827164e-16
noncanonical,1,1,raw,414,0.0036587565252713793,2.283768291237223e-16
noncanonical,1,1,recovered,414,0.00905723587753363,5.060775160071888e-16
noncanonical,1,1,raw,415,0.003123678115509872,3.3197300319885636e-16
noncanonical,1,1,recovered,415,0.002807103196241389,3.634817819010294e-16
noncanonical,1,1,raw,416,0.0024174426642843347,3.4868171113108224e-16
noncanonical,1,1,recovered,416,0.009643296290308103,5.621491134875461e-16
noncanonical,1,1,raw,417,0.008006656083832775,3.427660886007106e-16
noncanonical,1,1,recovered,417,0.008764108980442886,3.6906649639748434e-16
noncanonical,1,1,raw,418,0.007303007609449079,1.8233179794567547e-16
noncanonical,1,1,recovered,418,0.009490027250095796,4.3752059486995815e-16
noncanonical,1,1,raw,419,0.002342454338720726,3.8770402667584544e-16
noncanonical,1,1,recovered,419,0.01255286620243042,3.026088188756744e-16
noncanonical,1,1,raw,420,0.005999021435862813,1.6286088067076748e-16
noncanonical,1,1,recovered,420,0.008408355258718475,1.6299594154871695e-16
noncanonical,1,1,raw,421,0.005294890527039731,5.063192981128528e-16
noncanonical,1,1,recovered,421,0.011629672844132622,1.9745866682080688e-16
noncanonical,1,1,raw,422,0.005213766727980549,7.268007468029381e-16
noncanonical,1,1,recovered,422,0.00688789212350795,3.0353261747762243e-16
noncanonical,1,1,raw,423,0.010707475325580938,2.888881052007157e-16
noncanonical,1,1,recovered,423,0.007782603740144667,2.229878900722613e-16
noncanonical,1,1,raw,424,0.003963162436758434,2.920164054692304e-16
noncanonical,1,1,recovered,424,0.005074646821874468,3.025408221737691e-16
noncanonical,1,1,raw,425,0.006112041237646653,5.126534380003402e-16
noncanonical,1,1,recovered,425,0.0010636863435875942,5.384751841774689e-16
noncanonical,1,1,raw,426,0.002229897697969392,4.754060246140979e-16
noncanonical,1,1,recovered,426,0.00468245334358491,7.104757726650123e-16
noncanonical,1,1,raw,427,0.007641095949578931,3.950968388244645e-16
noncanonical,1,1,recovered,427,0.0070745297988735545,5.759207645789633e-16
noncanonical,1,1,raw,428,0.002653616588078449,6.176547430758667e-16
noncanonical,1,1,recovered,428,0.0051143059302130095,4.328282817029881e-16
noncanonical,1,1,raw,429,0.0013159705167717153,4.407010238809409e-16
noncanonical,1,1,recovered,429,-0.0007970121002069918,0.0009203103012037045
noncanonical,1,1,raw,430,0.0022311451539225365,5.278002189433278e-16
noncanonical,1,1,recovered,430,0.00029535642699656276,2.5334243865364557e-16
noncanonical,1,1,raw,431,0.009335177794379841,6.715760927473273e-16
noncanonical,1,1,recovered,431,0.006113169901049586,4.694202273216441e-16
noncanonical,1,1,raw,432,0.010292325126501042,5.10813566365557e-16
noncanonical,1,1,recovered,432,0.013440438118496944,7.534044025745105e-16
noncanonical,1,1,raw,433,0.01202947892187209,3.899616438103609e-16
noncanonical,1,1,recovered,433,0.007651393726929933,4.844283250819073e-16
noncanonical,1,1,raw,434,-0.0002418711816882177,0.0002792887837136841
noncanonical,1,1,recovered,434,0.0008430601442027426,8.09569689348075e-16
noncanonical,1,1,raw,435,0.007136709967927254,5.778951155663545e-16
noncanonical,1,1,recovered,435,0.008671329488039154,8.466050962863085e-16
noncanonical,1,1,raw,436,0.006597849296473394,2.126710580193619e-16
noncanonical,1,1,recovered,436,0.005031424126801197,3.002771073518552e-16
noncanonical,1,1,raw,437,0.008115145441082631,5.219811570235695e-16
noncanonical,1,1,recovered,437,-0.00037561110022421985,0.00043371833965010083
noncanonical,1,1,raw,438,0.012386241156248614,3.295944740736666e-16
noncanonical,1,1,recovered,438,0.007450100556575153,3.5907387937605345e-16
noncanonical,1,1,raw,439,0.0064049674783033935,6.875509258937172e-16
noncanonical,1,1,recovered,439,0.0026714708279327423,2.612206434244984e-16
noncanonical,1,1,raw,440,0.006829993481001164,2.8798232550270114e-16
noncanonical,1,1,recovered,440,0.006723763715941297,2.902221489199389e-16
noncanonical,1,1,raw,441,0.011506914902696602,7.348826337717173e-16
noncanonical,1,1,recovered,441,0.006314467831580846,6.349090884375441e-16
noncanonical,1,1,raw,442,0.005654310277430825,3.5441519293652666e-16
noncanonical,1,1,recovered,442,0.005154738372256183,4.282764913914601e-16
noncanonical,1,1,raw,443,0.011745785272180582,3.5675860708962436e-16
noncanonical,1,1,recovered,443,0.0012857893683870844,2.8766431582197017e-16
noncanonical,1,1,raw,444,0.0037009920591107547,3.0506902269670343e-16
noncanonical,1,1,recovered,444,0.005235329844551532,1.9554535247946042e-16
noncanonical,1,1,raw,445,0.002725367920737111,2.6442017288534813e-16
noncanonical,1,1,recovered,445,0.008041035717568833,3.8310458276896747e-16
noncanonical,1,1,raw,446,0.0066867674306670885,5.964034434801487e-16
noncanonical,1,1,recovered,446,0.006810052924684734,4.917910459528783e-16
noncanonical,1,1,raw,447,0.00917726841486677,1.657092273689327e-16
noncanonical,1,1,recovered,447,-0.002689012160012815,0.0031050037888752796
noncanonical,1,1,raw,448,0.010252699214880756,8.174892432966666e-16
noncanonical,1,1,recovered,448,0.004326503500624723,6.071905623360133e-16
noncanonical,1,1,raw,449,0.00518827461301466,3.3925834609016866e-16
noncanonical,1,1,recovered,449,0.004400141071154343,3.677250645699079e-16
noncanonical,1,1,raw,450,0.003241299569126034,4.2904267773942824e-16
noncanonical,1,1,recovered,450,-0.00367985368746185,0.004249129034069019
noncanonical,1,1,raw,451,0.0025545001777153853,4.1280086137470477e-16
noncanonical,1,1,recovered,451,0.005883798016574779,1.5530983252477396e-16
noncanonical,1,1,raw,452,0.005620617256183594,5.103408611730769e-16
noncanonical,1,1,recovered,452,0.010990840103764637,1.9371232713185562e-16
noncanonical,1,1,raw,453,0.00981335009816359,4.250351301843985e-16
noncanonical,1,1,recovered,453,0.01085002487811717,2.1036785676895892e-16
noncanonical,1,1,raw,454,0.0016805774391434498,2.2586739177556155e-16
noncanonical,1,1,recovered,454,0.004178104156519494,2.939428656869641e-16
noncanonical,1,1,raw,455,0.00421147727821556,4.2055226479184193e-16
noncanonical,1,1,recovered,455,-2.2794543277874492e-05,2.632087139512719e-05
noncanonical,1,1,raw,456,0.007689026557031687,2.715500302042306e-16
noncanonical,1,1,recovered,456,0.0048078439352254665,8.013626868579036e-16
noncanonical,1,1,raw,457,0.00011738338715611154,5.086675431923576e-16
noncanonical,1,1,recovered,457,0.006512218722437531,6.717401681755722e-16
noncanonical,1,1,raw,458,0.008969665204534513,2.0948357220985494e-16
noncanonical,1,1,recovered,458,0.006372444530018288,3.4159409858657854e-16
noncanonical,1,1,raw,459,0.003470532444950429,2.35143480849726e-16
noncanonical,1,1,recovered,459,0.01685514522632654,2.6543718267986e-16
noncanonical,1,1,raw,460,0.0033240761471156777,3.6767237973383294e-16
noncanonical,1,1,recovered,460,0.009722964981435336,3.9361180048103936e-16
noncanonical,1,1,raw,461,0.00631132112822755,5.580722530205201e-16
noncanonical,1,1,recovered,461,0.007121381109241089,3.460387456648678e-16
noncanonical,1,1,raw,462,0.010730593171400031,3.9927434569618576e-16
noncanonical,1,1,recovered,462,0.01200591400166606,5.641869752874694e-16
noncanonical,1,1,raw,463,0.007862889598933403,2.392130366826458e-16
noncanonical,1,1,recovered,463,0.003072884132049692,2.5689730638149753e-16
noncanonical,1,1,raw,464,0.010324122751583568,2.8928627022402017e-16
noncanonical,1,1,recovered,464,0.004178572091053034,4.901906200164897e-16
noncanonical,1,1,raw,465,0.007814864920307661,2.685036256934116e-16
noncanonical,1,1,recovered,465,0.012609691713467933,3.1949924077562116e-16
noncanonical,1,1,raw,466,0.01044987578922211,5.196416219523248e-16
noncanonical,1,1,recovered,466,-0.0025914732164964505,0.0029923755182839694
noncanonical,1,1,raw,467,0.007202034327355687,3.659300387804064e-16
noncanonical,1,1,recovered,467,0.00624050858231237,2.8357659651174985e-16
noncanonical,1,1,raw,468,0.0007979138358626278,6.096994697779725e-16
noncanonical,1,1,recovered,468,0.003983043154041918,1.9717747953539928e-16
noncanonical,1,1,raw,469,0.009650507490481198,6.161138516057052e-16
noncanonical,1,1,recovered,469,0.010573459033630401,3.0584926282137776e-16
noncanonical,1,1,raw,470,0.002519416755307846,9.743897620428108e-16
noncanonical,1,1,recovered,470,0.009137746375078203,8.238698287505967e-16
noncanonical,1,1,raw,471,0.008691359881320465,2.084985896459962e-16
noncanonical,1,1,recovered,471,0.014618830191397297,1.790261732057188e-16
noncanonical,1,1,raw,472,0.013287657248419404,3.5557732208194123e-16
noncanonical,1,1,recovered,472,0.00038044264506925695,1.7168614418155964e-16
noncanonical,1,1,raw,473,0.00712021497824079,4.343365325142016e-16
noncanonical,1,1,recovered,473,-0.0011232851642465666,0.0012970579839089256
noncanonical,1,1,raw,474,0.007828874267770429,2.756982654900581e-16
noncanonical,1,1,recovered,474,0.01103220618583891,3.527301431274252e-16
noncanonical,1,1,raw,475,0.0004014109904948803,4.710910216368842e-16
noncanonical,1,1,recovered,475,0.006352605437056085,8.559346133618545e-16
noncanonical,1,1,raw,476,-0.0022571694470197553,0.0026063547756867036
noncanonical,1,1,recovered,476,0.0032880513205658522,6.461705964898195e-16
noncanonical,1,1,raw,477,0.00721271354588753,3.590480818208052e-16
noncanonical,1,1,recovered,477,0.003180969167064361,2.2292230220287614e-16
noncanonical,1,1,raw,478,0.008252784506551543,5.415686115707226e-16
noncanonical,1,1,recovered,478,0.0056864760236611436,4.0692856223827163e-16
noncanonical,1,1,raw,479,0.007093525635067836,7.140921289271763e-16
noncanonical,1,1,recovered,479,0.00025797702060334927,4.511406799301221e-16
noncanonical,1,1,raw,480,0.011045808650565418,2.9529181170226114e-16
noncanonical,1,1,recovered,480,0.0010040755848446403,7.354320357855437e-16
noncanonical,1,1,raw,481,0.006271959478539152,8.158389015608405e-16
noncanonical,1,1,recovered,481,0.0014578683069338576,2.3381955431466403e-16
noncanonical,1,1,raw,482,0.0073794886988829975,3.7754753037541614e-16
noncanonical,1,1,recovered,482,0.007411208975441313,1.905009551550075e-16
noncanonical,1,1,raw,483,0.008951913633201601,6.442261796807592e-16
noncanonical,1,1,recovered,483,0.008583224388294904,3.7703170689363977e-16
noncanonical,1,1,raw,484,0.007315168719640909,2.5672442264577765e-16
noncanonical,1,1,recovered,484,0.005590824205365483,4.0338435020108544e-16
noncanonical,1,1,raw,485,0.002597484884122185,3.515267691990541e-16
noncanonical,1,1,recovered,485,0.0003582369543208941,3.4836480416209234e-16
noncanonical,1,1,raw,486,0.008682419868628855,5.733733664316583e-16
noncanonical,1,1,recovered,486,0.005137675851650737,4.882134332532129e-16
noncanonical,1,1,raw,487,0.006424814575045099,4.2183083895310727e-16
noncanonical,1,1,recovered,487,0.0052138756047504925,3.277307704540881e-16
noncanonical,1,1,raw,488,0.000597172898620801,3.0434943516721693e-16
noncanonical,1,1,recovered,488,0.0015479452795255102,3.223278902938269e-16
noncanonical,1,1,raw,489,0.004172022787043064,4.389481371669975e-16
noncanonical,1,1,recovered,489,0.005508065431469199,2.1562707008788214e-16
noncanonical,1,1,raw,490,0.0036162397987351816,3.9843212858634815e-16
noncanonical,1,1,recovered,490,0.011242431227631165,3.23381305377062e-16
noncanonical,1,1,raw,491,0.0030880864111642245,5.28570342761436e-16
noncanonical,1,1,recovered,491,0.008631190107710372,1.626191220644544e-16
noncanonical,1,1,raw,492,0.004017504301434311,1.847867312900958e-16
noncanonical,1,1,recovered,492,-0.0007827249724649205,0.0009038129471081412
noncanonical,1,1,raw,493,0.009667434411983183,6.001268347612531e-16
noncanonical,1,1,recovered,493,0.0006759186534110797,1.8057379859253483e-16
noncanonical,1,1,raw,494,0.004191273937900087,7.623199336786439e-16
noncanonical,1,1,recovered,494,0.0035279038741981364,2.356807150798202e-16
noncanonical,1,1,raw,495,0.00410273159028745,4.620995325156321e-16
noncanonical,1,1,recovered,495,0.009180517578163827,3.438643549869188e-16
noncanonical,1,1,raw,496,0.0020024485336201416,2.348100576831428e-16
noncanonical,1,1,recovered,496,0.005721541503492577,5.73223768869977e-16
noncanonical,1,1,raw,497,0.004833568222324294,2.866764842400573e-16
noncanonical,1,1,recovered,497,0.00548359101529446,3.7333563137152527e-16
noncanonical,1,1,raw,498,0.005736596515979793,5.289889842324088e-16
noncanonical,1,1,recovered,498,0.010383245920563191,2.567513621309031e-16
noncanonical,1,1,raw,499,0.0054664558676827705,5.188585175686818e-16
noncanonical,1,1,recovered,499,0.008514393251533952,5.702331422681468e-16
