resource,logical_input,sample,min_eig,projection_frobenius
canonical,zero,0,0.01198233956197467,3.3659628749919705e-16
canonical,one,0,0.01969188034629492,4.2064610355808494e-16
canonical,plus,0,0.013970324026375257,4.2670671502635686e-16
canonical,plus_i,0,0.010236238402420038,4.633140820541158e-16
canonical,zero,1,0.013174137220200312,4.535915509591674e-16
canonical,one,1,0.02260833938244491,7.567753531410441e-16
canonical,plus,1,0.015206071863642591,2.0730875481270787e-16
canonical,plus_i,1,0.0011037229823892877,3.351214371377279e-16
canonical,zero,2,0.005023481172265712,5.667219236158145e-16
canonical,one,2,0.019757133292749505,3.1988085075967515e-16
canonical,plus,2,0.018328869594974106,5.278400946966115e-16
canonical,plus_i,2,0.012535006868471412,2.341057374272442e-16
canonical,zero,3,0.011272425206386938,1.2341973892432062e-16
canonical,one,3,0.02022189236600202,6.467281135871034e-16
canonical,plus,3,0.012818843533196471,3.6612324258659225e-16
canonical,plus_i,3,0.003664944874364424,3.2138064103428943e-16
canonical,zero,4,0.007195224834286895,2.3421336745394586e-16
canonical,one,4,0.017091354559440358,9.398945319011912e-16
canonical,plus,4,0.018767023508393786,2.1009400184781674e-16
canonical,plus_i,4,0.005528536784888937,4.788256179395445e-16
canonical,zero,5,0.007364793063644219,1.3499679851259895e-16
canonical,one,5,0.020986184069923884,1.4032438000687626e-15
canonical,plus,5,0.009284988369619912,3.2482668136994e-16
canonical,plus_i,5,0.010952027098971863,6.538977274773353e-16
canonical,zero,6,0.010420910709429097,3.4670449514668353e-16
canonical,one,6,0.016256130754513442,5.465553375474289e-16
canonical,plus,6,0.013629709412076373,4.1355422009682564e-16
canonical,plus_i,6,0.014519715935921482,5.718341687363048e-16
canonical,zero,7,0.005883772716049827,2.3087550029105974e-16
canonical,one,7,0.021327652623103863,7.931072442749196e-16
canonical,plus,7,0.009855522188661061,1.1311986775329532e-15
canonical,plus_i,7,0.01781005075129536,6.145275511823042e-16
canonical,zero,8,0.009441323060555918,6.482373070887878e-17
canonical,one,8,0.015495092883147337,5.084683021302971e-16
canonical,plus,8,0.009490807798176418,3.803398528714131e-16
canonical,plus_i,8,0.006910855181776491,6.110311048346115e-16
canonical,zero,9,0.008317646101972163,4.593375396985161e-16
canonical,one,9,0.019133467859514437,7.679164504339432e-16
canonical,plus,9,0.013491299927432353,3.7720563777955817e-16
canonical,plus_i,9,-0.0029430193751482266,0.0033983060569442295
canonical,zero,10,0.0024279439330965264,4.477136960730262e-16
canonical,one,10,0.01951859200479215,5.387571546765867e-16
canonical,plus,10,0.017007786187136494,6.64869477021003e-16
canonical,plus_i,10,0.004810322609465502,2.4455351027415905e-16
canonical,zero,11,0.0017747272039994701,6.714458364458577e-16
canonical,one,11,0.019136980462226165,8.109080811091846e-16
canonical,plus,11,0.012195555911631595,4.514219975450802e-16
canonical,plus_i,11,0.005136535428640353,5.42111841421613e-16
canonical,zero,12,0.010731538883074201,1.8317562815470668e-17
canonical,one,12,0.014195966226493434,5.349565585787737e-16
canonical,plus,12,0.016433770898466926,2.6845371247071425e-16
canonical,plus_i,12,0.008502322865777645,4.893215690760618e-16
canonical,zero,13,0.007748210387380116,1.376514965419067e-16
canonical,one,13,0.018885062900738422,6.628514514359093e-16
canonical,plus,13,0.004729161096332619,5.071463414474485e-16
canonical,plus_i,13,0.0036760961021530814,5.183834430435692e-16
canonical,zero,14,0.008553455948596682,2.310483417186866e-16
canonical,one,14,0.018505846022781856,3.462071959692875e-16
canonical,plus,14,0.01496741832899583,3.242285886151821e-16
canonical,plus_i,14,0.008670079636768553,7.523631908070771e-16
canonical,zero,15,0.005210041442689217,4.9845951685628924e-17
canonical,one,15,0.017846148406817707,3.110804466513264e-16
canonical,plus,15,0.013165610390268041,1.2305861060125878e-15
canonical,plus_i,15,0.007901141339155598,4.545613775925536e-16
canonical,zero,16,0.010437580134702393,1.3088920431915786e-16
canonical,one,16,0.01843896745852067,9.65170901842746e-16
canonical,plus,16,0.013635828571560671,8.075331094749781e-16
canonical,plus_i,16,0.015124902188862225,2.841672176865293e-16
canonical,zero,17,0.006794347012272068,1.365096218026977e-16
canonical,one,17,0.022024261674713202,8.002590648722816e-16
canonical,plus,17,0.020341155830982706,2.9467920959120925e-16
canonical,plus_i,17,0.010715558900390302,5.640856238139522e-16
canonical,zero,18,0.00658812883691111,2.3299623247375324e-16
canonical,one,18,0.02393238682239984,4.2883039973512776e-16
canonical,plus,18,0.014585462839089021,3.536366031860315e-16
canonical,plus_i,18,0.014473853968930911,4.301766922895933e-16
canonical,zero,19,0.00943737384534646,2.252872979225148e-16
canonical,one,19,0.017259290197193834,2.4311826148335803e-16
canonical,plus,19,0.0022923818184413945,3.3925266361572755e-16
canonical,plus_i,19,0.005395044908294855,7.734932377166963e-16
canonical,zero,20,0.008396628957823827,1.4970755308590811e-16
canonical,one,20,0.01920991291057681,9.21430136871069e-16
canonical,plus,20,0.002323557338752246,6.552721321732117e-16
canonical,plus_i,20,0.005710173880429325,2.330497046280057e-16
canonical,zero,21,0.008389088880537016,7.569501716823963e-17
canonical,one,21,0.01804302988210949,2.7132726373349576e-16
canonical,plus,21,0.0062368050198291945,6.463992621186846e-16
canonical,plus_i,21,0.009353624483613206,4.553731729569681e-16
canonical,zero,22,0.005989862656555464,9.859970851168229e-17
canonical,one,22,0.014830357432447212,3.0728607852400415e-16
canonical,plus,22,0.02126628857962963,6.610865824759932e-16
canonical,plus_i,22,0.007755604180173936,7.436082940252809e-16
canonical,zero,23,0.009787117729828125,3.373023878828239e-16
canonical,one,23,0.02202810752163414,7.142262601340307e-16
canonical,plus,23,0.017765219810703073,3.3223974079183215e-16
canonical,plus_i,23,0.012112720044231307,2.5115046618985923e-16
canonical,zero,24,0.01051122314414606,5.571228117580841e-16
canonical,one,24,0.015151004520534585,2.914174095565852e-16
canonical,plus,24,0.010467110697021238,3.7932202708579384e-16
canonical,plus_i,24,0.022474924551220698,2.935213026995373e-16
canonical,zero,25,0.007715357929345877,3.415240285239263e-16
canonical,one,25,0.02032040420926487,6.343249947676397e-16
canonical,plus,25,0.011421959162571762,5.179887787248532e-16
canonical,plus_i,25,0.009856667713422688,2.3699424479668846e-16
canonical,zero,26,0.005632727439810725,3.4084240119808787e-16
canonical,one,26,0.018596566016889974,4.3243063518381247e-16
canonical,plus,26,0.009489315977101448,5.615828168427813e-16
canonical,plus_i,26,0.00028887480150565866,3.600397574604539e-16
canonical,zero,27,0.010652580525057386,3.357594553494942e-16
canonical,one,27,0.018159832802577637,1.0501118261971442e-15
canonical,plus,27,0.013073923577312793,7.641275388726742e-16
canonical,plus_i,27,0.011995641718569833,6.841464505351972e-16
canonical,zero,28,0.00966201698474941,2.3579959082064286e-16
canonical,one,28,0.02162352007977184,6.466695523414089e-16
canonical,plus,28,0.011851197613384257,6.52652678219966e-16
canonical,plus_i,28,0.020003055083668366,3.3503440062114266e-16
canonical,zero,29,0.006753788114876027,5.641670564930532e-16
canonical,one,29,0.015258705801491225,6.023288316170673e-16
canonical,plus,29,0.012579606329812129,2.664311633018183e-16
canonical,plus_i,29,0.015955357401792845,6.806414342727739e-16
canonical,zero,30,0.010249291745677765,3.3954871857302384e-16
canonical,one,30,0.020594739947800603,3.2198924454066737e-16
canonical,plus,30,0.021091749248211868,2.517109318105528e-16
canonical,plus_i,30,0.006213912734951525,3.186447866302317e-16
canonical,zero,31,0.0021198218482477832,1.5285981832169035e-16
canonical,one,31,0.018617863618192176,8.237508110818061e-16
canonical,plus,31,0.006422441655750872,4.547093759668061e-16
canonical,plus_i,31,0.015734601446047644,2.0005619045761297e-16
canonical,zero,32,0.006050666367264779,8.949295021002294e-16
canonical,one,32,0.021261212987569122,3.2286987304601824e-16
canonical,plus,32,0.019055742314442233,5.754554576749506e-16
canonical,plus_i,32,0.01758629844673192,8.041114622984487e-16
canonical,zero,33,0.005924545167749253,1.6754344241908193e-16
canonical,one,33,0.01931762734469285,8.11680525271366e-16
canonical,plus,33,0.018734863668337907,6.601817379500986e-16
canonical,plus_i,33,0.01267286589185129,1.189101578484527e-15
canonical,zero,34,0.007430686623876954,3.521090736894573e-16
canonical,one,34,0.018909457491055173,1.2025298863495139e-15
canonical,plus,34,0.0064957195955359075,2.296994315138551e-16
canonical,plus_i,34,0.010231439779078677,2.6646310426879006e-16
canonical,zero,35,0.010857028309928698,2.3710487684711673e-16
canonical,one,35,0.020931386862784524,1.40268470755659e-15
canonical,plus,35,0.007903989308369375,3.845421634036203e-16
canonical,plus_i,35,0.009141719749105192,2.324449051499705e-16
canonical,zero,36,0.005581889922834084,3.40073453478414e-16
canonical,one,36,0.01801696197507992,7.654055798246609e-16
canonical,plus,36,0.014780575906237499,1.729652841042493e-16
canonical,plus_i,36,0.01634138933118797,2.195488250546317e-16
canonical,zero,37,0.00507498963718143,6.731393502814571e-16
canonical,one,37,0.018595279393189793,6.958355822597239e-16
canonical,plus,37,0.01647113019950294,3.5125901600933376e-16
canonical,plus_i,37,0.015757027428020497,3.837433691211606e-16
canonical,zero,38,0.009706170812731969,7.83089140234232e-16
canonical,one,38,0.013840545298081802,6.380470922852563e-16
canonical,plus,38,0.005042075551681319,4.874665567512582e-16
canonical,plus_i,38,0.014624976191816016,6.759724316042246e-16
canonical,zero,39,0.013585415092753302,2.2771611562996064e-16
canonical,one,39,0.015058591590432593,7.953536324905962e-16
canonical,plus,39,0.010354332605685334,3.860100816290578e-16
canonical,plus_i,39,0.010741410641049902,1.6964240842542677e-16
canonical,zero,40,0.005996454365123437,1.1888315136640064e-16
canonical,one,40,0.0209002932111214,1.0496305421555241e-15
canonical,plus,40,0.011724812680991088,3.3660173543910416e-16
canonical,plus_i,40,0.013848006457971816,3.1284055782652917e-16
canonical,zero,41,0.007410460350013701,4.63120635213895e-16
canonical,one,41,0.020364338017193256,9.487662845365293e-16
canonical,plus,41,0.020958242293476936,4.790793866881196e-16
canonical,plus_i,41,0.012640714388266767,7.684700791568412e-16
canonical,zero,42,0.004598277905626356,2.2827891546147913e-16
canonical,one,42,0.01774818602329006,2.731521662187013e-16
canonical,plus,42,0.013493447714722424,3.8405471208623717e-16
canonical,plus_i,42,0.011337943616860887,2.534442649281638e-16
canonical,zero,43,0.009125829569782183,2.3120946246428384e-16
canonical,one,43,0.016737991291067737,1.989898839019262e-16
canonical,plus,43,0.013808095125101661,3.940956110183592e-16
canonical,plus_i,43,0.010110850478694856,6.372152716010512e-16
canonical,zero,44,0.010169026534866106,4.468112780254918e-16
canonical,one,44,0.018825449224466526,7.164077174603971e-16
canonical,plus,44,0.02363936936058331,2.3884144575981065e-16
canonical,plus_i,44,0.013841076578390435,3.8096093570066065e-16
canonical,zero,45,0.008166197644070904,6.694147989014483e-16
canonical,one,45,0.02007072847841002,8.074569393372512e-16
canonical,plus,45,0.012726325913702253,1.8308216831350732e-16
canonical,plus_i,45,0.009598664686239803,4.340350416436961e-16
canonical,zero,46,0.01098850781524918,2.5625769157906733e-16
canonical,one,46,0.019422876658443788,4.0626264153284123e-16
canonical,plus,46,0.013271951368931742,5.372758149921663e-16
canonical,plus_i,46,0.00985067808590168,6.732504049599725e-16
canonical,zero,47,0.011833894430449255,4.485950131857493e-16
canonical,one,47,0.02232731019530673,1.4642509073075386e-15
canonical,plus,47,0.01733537816288391,7.724166738322599e-16
canonical,plus_i,47,0.017612357978050188,3.8629452429921077e-16
canonical,zero,48,0.01192490603789371,2.3729264966827716e-16
canonical,one,48,0.015434030963989775,4.0084947005628916e-16
canonical,plus,48,0.02358029419905725,9.411810247331793e-16
canonical,plus_i,48,0.025683003510979577,4.710612772045264e-16
canonical,zero,49,0.0056096765174809314,1.2645088562864747e-16
canonical,one,49,0.018484664469362033,2.6195545083773666e-16
canonical,plus,49,0.015226499962375545,2.4142979310457555e-16
canonical,plus_i,49,0.0010771614724610652,5.105217803926478e-16
canonical,zero,50,0.006077926829380427,3.3869837279841647e-16
canonical,one,50,0.017800236949262693,1.4678341447417063e-15
canonical,plus,50,0.004156516937461166,5.880853304283578e-16
canonical,plus_i,50,0.0018488339825274954,1.4588320522539619e-15
canonical,zero,51,0.010360150792930588,6.677881334837651e-16
canonical,one,51,0.019255787238966947,7.108072698728308e-16
canonical,plus,51,0.01106007226994545,3.429102317803412e-16
canonical,plus_i,51,0.018563265529018907,3.5861395962295954e-16
canonical,zero,52,0.005078355176334596,1.2761865557361443e-16
canonical,one,52,0.018188250954043826,2.9835541792987246e-16
canonical,plus,52,0.021868432126824874,5.515397726525774e-16
canonical,plus_i,52,0.018608684568199182,2.1485746909718702e-16
canonical,zero,53,0.008366916816096791,1.2574838355904758e-16
canonical,one,53,0.020399867221423028,9.281652933294735e-16
canonical,plus,53,0.017250586296107238,5.029441744389081e-16
canonical,plus_i,53,0.01624462039727108,4.1288707789126073e-16
canonical,zero,54,0.009214053258365553,3.3682338483734186e-16
canonical,one,54,0.02322797218161699,7.102240594717551e-16
canonical,plus,54,0.019743865522598106,5.418102685815906e-16
canonical,plus_i,54,0.008768504943630157,1.7807260735199513e-16
canonical,zero,55,0.007295743883001674,2.301452477297144e-16
canonical,one,55,0.02270100703973775,6.898455268161494e-16
canonical,plus,55,0.017101768050102575,4.4304751400545123e-16
canonical,plus_i,55,0.01893494341233083,4.0862220650289813e-16
canonical,zero,56,0.006108435826554023,1.3736974161954423e-16
canonical,one,56,0.021122646324593937,8.612322405458235e-16
canonical,plus,56,0.022164541614236033,2.5651857949869387e-16
canonical,plus_i,56,0.007293682982132464,4.0194005254129664e-16
canonical,zero,57,0.015296545051146847,1.1502848556749672e-16
canonical,one,57,0.017833391554650115,7.335148259331654e-16
canonical,plus,57,0.017026705565808955,5.525060229996728e-16
canonical,plus_i,57,0.009953242158143008,4.193409208238104e-16
canonical,zero,58,0.0074651883599095034,1.2791306770173817e-16
canonical,one,58,0.021030974310672218,2.903818498427546e-16
canonical,plus,58,0.013618137155028983,3.956538806737841e-16
canonical,plus_i,58,0.002906200473509412,8.690501128415409e-16
canonical,zero,59,0.00940788742545607,3.58811758049383e-16
canonical,one,59,0.01980288347124275,3.9964592137850464e-16
canonical,plus,59,0.01214857431194643,5.070914515460471e-17
canonical,plus_i,59,0.014681082270768456,3.9824704277430755e-16
canonical,zero,60,0.01218578224234575,9.091912815225118e-17
canonical,one,60,0.018534672965721283,3.142777362896522e-16
canonical,plus,60,0.018056590796870827,5.331757511625208e-16
canonical,plus_i,60,0.012146382080582954,8.877598868123631e-16
canonical,zero,61,0.0099226871782012,3.3868337937534517e-16
canonical,one,61,0.018468328800883876,3.4694391592417477e-16
canonical,plus,61,0.010333688256189332,7.006834183017897e-16
canonical,plus_i,61,0.00923015862879157,3.808192184340798e-16
canonical,zero,62,0.00887520231295725,3.4645428921922207e-16
canonical,one,62,0.018704365447815258,3.8230057093345045e-16
canonical,plus,62,0.025396880457718558,3.0001831255140563e-16
canonical,plus_i,62,0.008877519156767094,1.0924179197003667e-15
canonical,zero,63,0.010507637602609749,1.1718176755148098e-16
canonical,one,63,0.015128582765691187,6.109748699215516e-16
canonical,plus,63,0.01249257877568443,2.2832298987958964e-16
canonical,plus_i,63,0.011937455802326838,4.550223822447258e-16
canonical,zero,64,0.0086728631722633,4.458976487607877e-16
canonical,one,64,0.017456969086255308,1.1339962793622704e-15
canonical,plus,64,0.0115846630045215,2.0073621860689309e-16
canonical,plus_i,64,0.015073913309589062,4.418877408898187e-16
canonical,zero,65,0.007798908857716998,1.6329250949235988e-16
canonical,one,65,0.012312981502889052,5.977966335463581e-16
canonical,plus,65,0.01302637045713185,3.433810521080063e-16
canonical,plus_i,65,0.017511915677642396,2.4601023927098586e-16
canonical,zero,66,0.007339045121155085,3.4919686262845343e-16
canonical,one,66,0.01443977091581008,4.535833357469812e-16
canonical,plus,66,0.015332344722420819,8.498418984193818e-16
canonical,plus_i,66,0.022774174368120247,4.650232982595193e-16
canonical,zero,67,0.011011605189004035,1.4864724151923136e-16
canonical,one,67,0.021276192913077994,5.922528424942353e-16
canonical,plus,67,0.014510961928326153,5.186634632843656e-16
canonical,plus_i,67,0.014896680814256009,6.185608949332915e-16
canonical,zero,68,0.008995914406541738,3.389190325398084e-16
canonical,one,68,0.01672850916726214,5.576053354176975e-16
canonical,plus,68,0.02013908304142954,1.6651312366211697e-16
canonical,plus_i,68,0.006898436908058758,7.19109316167611e-16
canonical,zero,69,0.010301777291277818,3.5622666429916205e-16
canonical,one,69,0.019001377015572512,7.432608957933616e-16
canonical,plus,69,0.007688864541486066,2.8503359626149386e-16
canonical,plus_i,69,0.01607988122105971,5.333104856058644e-16
canonical,zero,70,0.010188657100619135,5.730974129967718e-16
canonical,one,70,0.0190732934925202,8.682785427033684e-16
canonical,plus,70,0.016097138736086942,8.652577855674238e-16
canonical,plus_i,70,0.009587221433200134,4.2227958509912753e-16
canonical,zero,71,0.005275003892326027,2.277192128715067e-16
canonical,one,71,0.016506105403757295,6.174669109183395e-16
canonical,plus,71,0.014790136396900142,9.918045383338522e-16
canonical,plus_i,71,0.016895752058357194,4.686306587688624e-16
canonical,zero,72,0.008614424189066381,4.460326978438862e-16
canonical,one,72,0.018048128376596587,8.692750470293964e-16
canonical,plus,72,0.01742559520139482,2.3372220441935827e-16
canonical,plus_i,72,0.01938386847600037,6.914199365375454e-16
canonical,zero,73,0.00889865561362239,4.559733371265631e-16
canonical,one,73,0.018620685096335025,5.410733291667305e-16
canonical,plus,73,0.01679267453104082,7.397210055243714e-16
canonical,plus_i,73,0.016310657985182272,3.149066656457707e-16
canonical,zero,74,0.01036550695049008,3.362336265766683e-16
canonical,one,74,0.020997715338508516,4.027101753325231e-16
canonical,plus,74,0.003858038785495809,7.777028661862781e-16
canonical,plus_i,74,0.006322005206269403,3.398843946087097e-16
canonical,zero,75,0.008250376770601258,1.4581612331177076e-16
canonical,one,75,0.018951447160642038,3.11685063227682e-16
canonical,plus,75,0.005582985419935662,4.1474416386872904e-16
canonical,plus_i,75,0.011973484237186622,4.507427849365909e-16
canonical,zero,76,0.007739448650450211,3.373981417272125e-16
canonical,one,76,0.015863078544576588,6.372619786206667e-16
canonical,plus,76,0.013864809912573089,2.627148716551017e-16
canonical,plus_i,76,0.015655059238088815,5.422815541811253e-16
canonical,zero,77,0.011844973174149823,5.707003782719392e-17
canonical,one,77,0.016317941057304546,6.414840090676709e-16
canonical,plus,77,0.019196522466352558,2.5496304468323527e-16
canonical,plus_i,77,0.010361261129303835,7.304614503903154e-16
canonical,zero,78,0.008093774806380707,1.1231172801690281e-16
canonical,one,78,0.01851512116877192,5.987101638158604e-16
canonical,plus,78,0.01519315498195487,2.2199038819734605e-16
canonical,plus_i,78,0.008890734632604189,2.5024851743963493e-16
canonical,zero,79,0.005936619072168626,6.715043770093092e-16
canonical,one,79,0.017934346869896728,4.818657099283171e-16
canonical,plus,79,0.00905940315944843,7.818404311264426e-16
canonical,plus_i,79,0.014552503189506672,6.577061708729018e-16
canonical,zero,80,0.006172264893615564,4.259797083755691e-17
canonical,one,80,0.02310256286821776,1.5062501680499926e-15
canonical,plus,80,0.031092454360484943,3.1849648947940824e-16
canonical,plus_i,80,0.007408849743606208,5.82409026127761e-16
canonical,zero,81,0.003197526749275975,1.2351037757446587e-16
canonical,one,81,0.022746857461391195,8.934024318600964e-16
canonical,plus,81,0.01723864315909387,7.386521004155404e-16
canonical,plus_i,81,0.00930859178108296,4.792109825363158e-16
canonical,zero,82,0.008243714196900162,2.3001200244168286e-16
canonical,one,82,0.021690320396363927,5.619348213916481e-16
canonical,plus,82,0.017406208116024613,4.038927699212813e-16
canonical,plus_i,82,0.016317349229152924,9.709341786956824e-16
canonical,zero,83,0.006505149207555028,1.1889195119414514e-16
canonical,one,83,0.020932703621367385,9.916310828380175e-16
canonical,plus,83,0.014422083157155905,5.141770020286701e-16
canonical,plus_i,83,0.006953348234478747,5.322142508714303e-16
canonical,zero,84,0.006423877227039483,2.25210587097236e-16
canonical,one,84,0.021931100978115025,2.6024854344887375e-16
canonical,plus,84,0.02265810127823227,5.847107241662506e-16
canonical,plus_i,84,0.01154276715984229,6.257499678152378e-16
canonical,zero,85,0.004532351543526124,7.287129201666891e-17
canonical,one,85,0.019646510623966586,6.433486910791856e-16
canonical,plus,85,0.012356722950211153,4.397754959845692e-16
canonical,plus_i,85,0.014957483239154986,2.5485679777957566e-16
canonical,zero,86,0.010993183229606308,1.1422665488129383e-16
canonical,one,86,0.01900884967566391,7.487781688553418e-16
canonical,plus,86,0.017009852974406676,3.0939171309903047e-16
canonical,plus_i,86,0.018170479346584573,7.244546429391137e-16
canonical,zero,87,0.010124587411885048,1.3027459481302355e-16
canonical,one,87,0.018514468661658425,3.548890338246908e-16
canonical,plus,87,0.010355508738041013,3.9887372081625857e-16
canonical,plus_i,87,0.00753588236759059,3.6253622863524594e-16
canonical,zero,88,0.010359887867573527,2.441758091828323e-16
canonical,one,88,0.018653722991722427,4.1881312725090674e-16
canonical,plus,88,0.020595136842010316,2.9164256514056784e-16
canonical,plus_i,88,0.006326535911690816,2.9154339553436962e-16
canonical,zero,89,0.00834894573482112,2.270436361303432e-16
canonical,one,89,0.0181248008090228,1.1602726814632176e-15
canonical,plus,89,0.004518880158388571,2.3815852539461335e-16
canonical,plus_i,89,0.007537937821853885,6.029006421855177e-16
canonical,zero,90,0.009913699832385004,1.2256571087885982e-16
canonical,one,90,0.014429008445260908,5.99816937583079e-16
canonical,plus,90,0.016878836354907355,4.756054730633668e-16
canonical,plus_i,90,0.005477795804791014,4.945837030487043e-16
canonical,zero,91,0.009075305444993537,1.7224939353433672e-16
canonical,one,91,0.020063699435279227,9.323449937417978e-16
canonical,plus,91,0.01780028026001198,6.032443208813355e-16
canonical,plus_i,91,0.009979219139535025,2.9637021123327224e-16
canonical,zero,92,0.009630174429203123,1.253608029367115e-16
canonical,one,92,0.01788431648428001,6.2623121417351e-16
canonical,plus,92,0.016169111965247365,1.4526474913817221e-15
canonical,plus_i,92,0.020737706747046544,3.814863601817018e-16
canonical,zero,93,0.011195305850692066,6.687286578730764e-16
canonical,one,93,0.021242484690196614,9.281679457907118e-16
canonical,plus,93,0.017298834500632954,2.486003473690174e-16
canonical,plus_i,93,0.01116886033848349,5.277881030660769e-16
canonical,zero,94,0.005749292122559434,2.265286261599012e-16
canonical,one,94,0.021313915798727198,5.272707598194641e-16
canonical,plus,94,0.021659074398400664,4.782652600546015e-16
canonical,plus_i,94,0.015263053231682465,5.121772956273315e-16
canonical,zero,95,0.0098265825614506,1.227998606254775e-16
canonical,one,95,0.016687366787177464,5.706453393673048e-16
canonical,plus,95,0.01773357872193697,4.757576976905894e-16
canonical,plus_i,95,0.01648772573430845,2.010720087485619e-16
canonical,zero,96,0.011029297624660437,5.717308832501267e-16
canonical,one,96,0.017502805637140937,6.207436091823956e-16
canonical,plus,96,0.006074943222419923,2.423589363697419e-16
canonical,plus_i,96,0.01565316798415164,2.4526426529334354e-16
canonical,zero,97,0.00913612323339891,4.55807750203178e-16
canonical,one,97,0.015904699678465636,6.185575502736666e-16
canonical,plus,97,0.016799964504753524,4.732106422279643e-16
canonical,plus_i,97,0.0018996870310149106,7.755089496650829e-16
canonical,zero,98,0.014169142494158696,4.7977232456799775e-17
canonical,one,98,0.021192620863779578,3.8736320838477664e-16
canonical,plus,98,0.013023981010550382,3.727481392549677e-16
canonical,plus_i,98,0.011959380410392153,2.1198523165238438e-16
canonical,zero,99,0.008938060267132997,4.534111448651306e-16
canonical,one,99,0.02286507477116445,7.978053192774707e-16
canonical,plus,99,0.01657565144375049,4.581525886063211e-16
canonical,plus_i,99,0.00044440618798388394,6.888315853575914e-16
canonical,zero,100,0.012183132983696136,4.430369010721386e-17
canonical,one,100,0.01678675775658884,6.527749042225592e-16
canonical,plus,100,0.015107397015759437,3.117329942525206e-16
canonical,plus_i,100,0.019627022747438237,5.042142381192586e-16
canonical,zero,101,0.008544975433991816,1.2067957369614072e-16
canonical,one,101,0.017456067251206138,2.0683159204212177e-16
canonical,plus,101,0.013713763112699517,4.83275794036492e-16
canonical,plus_i,101,0.007620075056587661,2.0362967860246166e-16
canonical,zero,102,0.007537347020981805,4.456690806750456e-16
canonical,one,102,0.019502217462232446,3.8914551936137207e-16
canonical,plus,102,0.005369826363072229,8.70722541969552e-16
canonical,plus_i,102,0.01530772928829979,3.4562433502114773e-16
canonical,zero,103,0.007257899281879176,1.526237062974613e-16
canonical,one,103,0.02116418393371803,9.74957110008612e-16
canonical,plus,103,0.01488637664439916,8.96885590097937e-16
canonical,plus_i,103,0.0026397675298807173,3.4892745631925183e-16
canonical,zero,104,0.010880624756298375,5.634224360145789e-16
canonical,one,104,0.01842678263327673,5.24323062708583e-16
canonical,plus,104,0.01593620694655127,7.242195236480059e-16
canonical,plus_i,104,0.007885947067408323,2.9495209480870005e-16
canonical,zero,105,0.010303594739533135,1.677056453024324e-16
canonical,one,105,0.01968729411760883,9.630998106408578e-16
canonical,plus,105,0.010809364516192724,7.203868724518955e-16
canonical,plus_i,105,-0.0020277566406773423,0.0023414516846921845
canonical,zero,106,0.010374365195188962,6.170491659482604e-17
canonical,one,106,0.015169323976816891,8.196336844600197e-16
canonical,plus,106,0.015338141138738125,3.164242136497007e-16
canonical,plus_i,106,0.012314804127893368,4.708864657567644e-16
canonical,zero,107,0.0063187910248047735,5.624131956912335e-16
canonical,one,107,0.02121325831416079,4.572016670898915e-16
canonical,plus,107,0.016765758027211596,6.021727189464432e-16
canonical,plus_i,107,0.01551785052428894,4.486168143094063e-16
canonical,zero,108,0.015914563431782512,4.146587870568736e-17
canonical,one,108,0.017099290900989432,4.291922725478823e-16
canonical,plus,108,0.011142435087331279,8.752311737954772e-16
canonical,plus_i,108,0.010640622275880312,4.889259975704301e-16
canonical,zero,109,0.010843268233951797,6.751030319913586e-16
canonical,one,109,0.018027731423877907,4.345239924028477e-16
canonical,plus,109,0.004371090744373363,6.623645833915129e-16
canonical,plus_i,109,0.004981350284611194,6.846589667918472e-16
canonical,zero,110,0.007402533849107305,5.657556844836077e-16
canonical,one,110,0.01985983605743111,3.6858766422735755e-16
canonical,plus,110,0.014532400506384113,6.165908180510081e-16
canonical,plus_i,110,0.0018784955625987107,3.227075267861483e-16
canonical,zero,111,0.010344248510287205,2.25480897873485e-16
canonical,one,111,0.0164595217561035,7.103477948363712e-16
canonical,plus,111,0.012168267499846296,4.039159361361596e-16
canonical,plus_i,111,0.01588066286328459,6.270480476031677e-16
canonical,zero,112,0.008168569757925959,4.471603083808486e-16
canonical,one,112,0.019907846318404646,3.793688258665204e-16
canonical,plus,112,0.0017393571995171617,2.0386230125305694e-16
canonical,plus_i,112,0.013430200608748557,4.343296040398166e-16
canonical,zero,113,0.006879087575868721,1.473532467643817e-16
canonical,one,113,0.020970838206356868,5.683738353984811e-16
canonical,plus,113,0.01977294441022845,5.415286722293936e-16
canonical,plus_i,113,0.00839592799038414,4.3463135035944923e-16
canonical,zero,114,0.010691154686291922,1.4019434234249534e-16
canonical,one,114,0.022046179810758185,5.656735963564422e-16
canonical,plus,114,0.009764916113689008,6.074669346282413e-16
canonical,plus_i,114,0.0012928113774092881,4.1146419504807404e-16
canonical,zero,115,0.0071491793533964175,2.2742499333708446e-16
canonical,one,115,0.018488135745056873,6.204262596745186e-16
canonical,plus,115,0.009490999894519092,2.5934551093509623e-16
canonical,plus_i,115,0.01574999558433966,2.341732127817012e-16
canonical,zero,116,0.010290257304816653,1.3589106477053114e-16
canonical,one,116,0.015147077115663559,9.656274382326417e-16
canonical,plus,116,0.015614138449482656,7.254722669993602e-16
canonical,plus_i,116,0.007133697728097896,5.453961538960635e-16
canonical,zero,117,0.006644889029217686,2.2865080954946125e-16
canonical,one,117,0.018918747625083814,3.1645676406474486e-16
canonical,plus,117,0.012094628611579554,2.081957271676468e-16
canonical,plus_i,117,0.006295519428233065,5.292079542917601e-16
canonical,zero,118,0.010837511900925793,1.154536598748957e-16
canonical,one,118,0.020561234737143566,2.597890487984918e-16
canonical,plus,118,0.01965039881464005,4.551806640569238e-16
canonical,plus_i,118,0.01758909521522315,5.090146186897622e-16
canonical,zero,119,0.009686959977626869,1.8307112457678463e-16
canonical,one,119,0.020621795761380003,4.1578405533715134e-16
canonical,plus,119,0.021070806032500854,6.91846184772052e-16
canonical,plus_i,119,0.011743267586216874,3.795760682545544e-16
canonical,zero,120,0.010636455865724362,5.1211211084781066e-17
canonical,one,120,0.017121811789733068,3.239248097500873e-16
canonical,plus,120,0.01625392619580556,2.879707915561813e-16
canonical,plus_i,120,0.014620938318340035,2.9084696819616697e-16
canonical,zero,121,0.0051427202181487785,2.3310740043582384e-16
canonical,one,121,0.01580486218043521,7.961823280506402e-16
canonical,plus,121,0.018382057745735328,7.357129760126692e-16
canonical,plus_i,121,0.014102079127798603,4.1747195852353864e-16
canonical,zero,122,0.004345981642145983,1.0303001594518748e-16
canonical,one,122,0.01815837040775874,5.995062947392576e-16
canonical,plus,122,0.012704062317517018,9.243236016776418e-16
canonical,plus_i,122,0.007024318049981247,3.0335659041170334e-16
canonical,zero,123,0.009418808469225751,1.234601156173217e-16
canonical,one,123,0.01688117379816538,6.296229326370291e-16
canonical,plus,123,0.019059333781645593,3.3112776861265476e-16
canonical,plus_i,123,0.010666718887633092,1.1712333727307737e-15
canonical,zero,124,0.011131083913810225,1.1237147500869223e-16
canonical,one,124,0.015509240772299145,5.196120325137067e-16
canonical,plus,124,0.014999145977861906,2.5067448257709944e-16
canonical,plus_i,124,0.01780968544941135,4.303082461389738e-16
canonical,zero,125,0.007941838657384332,2.356629209450275e-16
canonical,one,125,0.01380232326696563,4.654671040654512e-16
canonical,plus,125,0.010307751702706147,6.635801980056818e-16
canonical,plus_i,125,-0.001083967790823005,0.0012516581916492582
canonical,zero,126,0.008000435007916602,2.273166313123315e-16
canonical,one,126,0.02116100006537099,1.3846707553053788e-15
canonical,plus,126,0.017186903965689646,9.00320034772112e-16
canonical,plus_i,126,0.015876200358711876,7.844243403506426e-16
canonical,zero,127,0.005723795934423391,1.1608722322468984e-16
canonical,one,127,0.020848474659012597,1.5442128679354985e-15
canonical,plus,127,0.01246318682248031,5.264908076605128e-16
canonical,plus_i,127,0.013862341432609105,7.982597110837938e-16
canonical,zero,128,0.00736042456302309,9.735773296556605e-17
canonical,one,128,0.023067265773968487,8.906466982987934e-16
canonical,plus,128,0.009050708793125079,2.3302912434564483e-16
canonical,plus_i,128,0.008235351587874614,5.266543049890768e-16
canonical,zero,129,0.012247566083116038,2.4490492799524553e-17
canonical,one,129,0.020378209351391865,8.610778917017372e-16
canonical,plus,129,0.021092128592336484,6.591521933613501e-16
canonical,plus_i,129,0.009023023284543233,2.744812780719264e-16
canonical,zero,130,0.009178381316310562,5.588139972848557e-16
canonical,one,130,0.021270203713228682,4.634550496777421e-16
canonical,plus,130,0.01397080572963815,3.4043533868744044e-16
canonical,plus_i,130,0.017653041776620304,1.635545681339464e-15
canonical,zero,131,0.011139985831210895,3.487959441914401e-16
canonical,one,131,0.020095049824419876,3.764481094073603e-16
canonical,plus,131,0.00539227249620182,3.1858103358778515e-16
canonical,plus_i,131,0.011188195732689508,9.343280291663664e-16
canonical,zero,132,0.010881793313634553,2.279315831686743e-16
canonical,one,132,0.02493465141162479,6.636164908311085e-16
canonical,plus,132,0.017200450838105983,5.301733990030367e-16
canonical,plus_i,132,0.01798043692152095,2.7593540635999905e-16
canonical,zero,133,0.012453752519019416,4.482141611066608e-16
canonical,one,133,0.01740874116687195,7.505604555677597e-16
canonical,plus,133,0.009557775615433332,6.832479338310725e-16
canonical,plus_i,133,0.014695784728080242,1.9331346018117132e-16
canonical,zero,134,0.013936754147240075,2.3079015157499153e-16
canonical,one,134,0.02147677375283937,5.115248844467804e-16
canonical,plus,134,0.012267271942476605,5.158247000087667e-16
canonical,plus_i,134,0.0050248745954416755,5.640797055254363e-16
canonical,zero,135,0.009546565846172044,5.649619288755444e-16
canonical,one,135,0.021245559855848882,8.338698644439568e-16
canonical,plus,135,0.013787688132850345,2.813791863398648e-16
canonical,plus_i,135,0.017324228036024045,2.27496155371458e-16
canonical,zero,136,0.00790130044485932,1.0110311699444993e-16
canonical,one,136,0.018100278791427213,6.682878661273133e-16
canonical,plus,136,0.013300782367369791,4.0703069383745135e-16
canonical,plus_i,136,0.013395872109989564,5.141564275941098e-16
canonical,zero,137,0.010827287751165843,5.606022684766403e-16
canonical,one,137,0.0198963407065002,4.568829498568186e-16
canonical,plus,137,0.010548111485744596,7.943338385524115e-16
canonical,plus_i,137,0.009391917172364421,1.1898660406845966e-15
canonical,zero,138,0.010879179922169514,3.471888596998812e-16
canonical,one,138,0.017954195331849377,6.208872855546871e-16
canonical,plus,138,0.011895738450597416,1.9284711082272229e-16
canonical,plus_i,138,0.022078878780465657,5.246574292740998e-16
canonical,zero,139,0.003463261915510341,2.2997356768158456e-16
canonical,one,139,0.018164970299730448,7.818416348624004e-16
canonical,plus,139,0.008634764333997331,7.088547964785382e-16
canonical,plus_i,139,0.01299540977347165,4.027291408197828e-16
canonical,zero,140,0.008517405013163304,3.4248390348056922e-16
canonical,one,140,0.019107750921648004,5.420692531323205e-16
canonical,plus,140,0.020518114293893795,9.945837018015526e-16
canonical,plus_i,140,0.011696822287984089,3.378716331750859e-16
canonical,zero,141,0.00907315457215807,6.715791558558043e-16
canonical,one,141,0.019459631740687888,1.45825611772846e-15
canonical,plus,141,0.02247453786565737,3.575045816970713e-16
canonical,plus_i,141,0.009684347534417766,3.312295661657621e-16
canonical,zero,142,0.007085355467510315,1.4075600160028404e-16
canonical,one,142,0.02489606398468239,7.794623263717885e-16
canonical,plus,142,0.01931169744686972,4.975410266711895e-16
canonical,plus_i,142,0.0022236423807167325,3.501091446443998e-16
canonical,zero,143,0.01073907724662133,2.356569726409884e-16
canonical,one,143,0.0226270782688655,6.048013930050311e-16
canonical,plus,143,0.012220069136046036,2.705536097335031e-16
canonical,plus_i,143,0.012787697988638873,4.450573983635528e-16
canonical,zero,144,0.012884753933200651,4.8940725741198255e-17
canonical,one,144,0.02079885117983568,1.200268912732482e-15
canonical,plus,144,0.009633296562888562,1.0870207304611152e-15
canonical,plus_i,144,0.027041410230773964,2.470407408240499e-16
canonical,zero,145,0.010648997118000294,2.8206459035782554e-17
canonical,one,145,0.01640799529791239,4.881012193545441e-16
canonical,plus,145,0.011043058631439395,8.34722006894833e-16
canonical,plus_i,145,0.01717358877023522,3.3189821025653205e-16
canonical,zero,146,0.011105516688379691,6.80710443255733e-16
canonical,one,146,0.02052357170587016,5.702629281530734e-16
canonical,plus,146,0.016679478425642952,7.814192785361602e-16
canonical,plus_i,146,0.008521163330768572,2.5909319757729383e-16
canonical,zero,147,0.012821625195163566,1.3591666715684857e-16
canonical,one,147,0.017104838173076016,1.732500412867885e-15
canonical,plus,147,0.012373824224374183,5.396224848453485e-16
canonical,plus_i,147,0.013526751203027286,4.083082062242451e-16
canonical,zero,148,0.008795545618240128,3.3589795773708565e-16
canonical,one,148,0.020235469907124798,1.949196655238082e-16
canonical,plus,148,0.00410817501327083,4.2591259185719184e-16
canonical,plus_i,148,0.010888982961439054,3.1675723063646382e-16
canonical,zero,149,0.006314040503335896,1.3745872861549828e-16
canonical,one,149,0.022805910421320894,4.635556819881292e-16
canonical,plus,149,0.011577113419158104,5.728384204729085e-16
canonical,plus_i,149,0.013198070294622142,5.653668468872329e-16
canonical,zero,150,0.005657206277266531,1.1999419483181336e-16
canonical,one,150,0.019297247809798454,9.983820708059156e-16
canonical,plus,150,0.015523564427780918,3.4546050040914863e-16
canonical,plus_i,150,0.020830990842886286,2.808079466788781e-16
canonical,zero,151,0.010975365227996694,7.82142459064452e-16
canonical,one,151,0.018889353327363603,6.439127407218445e-16
canonical,plus,151,0.016119641905222776,3.7928262014198115e-16
canonical,plus_i,151,0.006216731492547681,4.403525797217238e-16
canonical,zero,152,0.009462020578366934,3.441218754149838e-16
canonical,one,152,0.014855843348085407,7.303965183307513e-16
canonical,plus,152,0.010859207647854455,3.0244444872038796e-16
canonical,plus_i,152,0.002395435235700167,3.396995214337418e-16
canonical,zero,153,0.007978993710471888,1.1980939302203805e-16
canonical,one,153,0.016940307119495658,4.923655132545307e-16
canonical,plus,153,0.008987645854318063,7.340740194354825e-16
canonical,plus_i,153,0.010135615673484814,7.22784059318656e-16
canonical,zero,154,0.009540080897362888,3.3825687342628646e-16
canonical,one,154,0.017481203416925464,4.550550607901654e-16
canonical,plus,154,0.023953788093835242,4.3169352656316144e-16
canonical,plus_i,154,-0.00038511720486791856,0.0004446950438000947
canonical,zero,155,0.008790955594056099,6.744959003501896e-16
canonical,one,155,0.019910846427876803,4.314238124806072e-16
canonical,plus,155,0.012834032097098384,5.801878555478395e-16
canonical,plus_i,155,0.005426161917417956,2.6885433279906706e-16
canonical,zero,156,0.008143756049306915,2.294602158232389e-16
canonical,one,156,0.018819476439397322,7.165904156061755e-16
canonical,plus,156,0.011464397775553596,5.934950817202768e-16
canonical,plus_i,156,0.017684720906283664,8.282868351029596e-16
canonical,zero,157,0.007531242971774677,2.282851461234351e-16
canonical,one,157,0.014098877434865617,3.311852731679995e-16
canonical,plus,157,0.011562324514596116,7.317089531434395e-16
canonical,plus_i,157,0.007411369542355219,3.835470270885409e-16
canonical,zero,158,0.010031855718445,3.3729904227895664e-16
canonical,one,158,0.021302772898264946,1.1326544223656132e-15
canonical,plus,158,0.008946328490598046,6.896185853156364e-16
canonical,plus_i,158,0.016571440723379127,3.202086448009747e-16
canonical,zero,159,0.007210944516631911,5.563447775926045e-16
canonical,one,159,0.017486970975326994,4.428703508485172e-16
canonical,plus,159,0.015297996920824336,5.579745543542384e-16
canonical,plus_i,159,0.0021284603436549318,1.2741991184273112e-15
canonical,zero,160,0.005504878459824131,5.60465034342482e-16
canonical,one,160,0.017832398444799835,5.734660917871429e-16
canonical,plus,160,0.02454193188762282,6.230668307443048e-16
canonical,plus_i,160,0.012145545439032769,7.299272901770632e-16
canonical,zero,161,0.010517022474776145,4.201223961712445e-17
canonical,one,161,0.017099445382935625,3.8555293318085923e-16
canonical,plus,161,0.012386251410264728,3.7192983081029484e-16
canonical,plus_i,161,0.011762815472775147,7.590151190101703e-16
canonical,zero,162,0.007732817866560846,6.7743485196516755e-16
canonical,one,162,0.019963158003419804,9.059781750271403e-16
canonical,plus,162,0.01670683345291523,7.314415978738163e-16
canonical,plus_i,162,0.011966698102298931,6.349405620910677e-16
canonical,zero,163,0.010045883790373772,8.960338986577641e-17
canonical,one,163,0.019749602787883062,5.537598868596138e-16
canonical,plus,163,0.018137756877570584,8.363423398955691e-16
canonical,plus_i,163,0.0033732981828195627,5.066432089101986e-16
canonical,zero,164,0.012594539017146819,4.477998058069968e-16
canonical,one,164,0.016177413585160498,6.914613065691167e-16
canonical,plus,164,0.01737611739799078,6.509435716058036e-16
canonical,plus_i,164,0.0030074176060729814,6.424505270959062e-16
canonical,zero,165,0.007255758524725202,2.313725667358397e-16
canonical,one,165,0.01899163012136004,5.051370192511118e-16
canonical,plus,165,0.009113514585367648,3.934405810354942e-16
canonical,plus_i,165,0.011081495895397498,4.483598500633292e-16
canonical,zero,166,0.010683534780989067,1.212865137797039e-16
canonical,one,166,0.010525436323583371,9.91814067357782e-16
canonical,plus,166,0.012943465337316704,7.351383241373034e-16
canonical,plus_i,166,0.01932493744034263,6.3902997453278e-16
canonical,zero,167,0.010466942892530218,5.2690440857636394e-17
canonical,one,167,0.023877174784365386,1.0529548288979676e-15
canonical,plus,167,0.010361892039002263,5.491766445490533e-16
canonical,plus_i,167,0.0009914488644538909,3.8265744909001464e-16
canonical,zero,168,0.008020170830738848,1.1747932163120524e-16
canonical,one,168,0.0221260557889715,5.064293376336718e-16
canonical,plus,168,0.017465540534043474,4.637510765515433e-16
canonical,plus_i,168,0.027001291635663675,6.713302108401058e-16
canonical,zero,169,0.008961581577996236,1.249633326207713e-16
canonical,one,169,0.0226938896394734,6.658261472383279e-16
canonical,plus,169,0.022928937601162852,5.91783408703038e-16
canonical,plus_i,169,0.008820373726265214,3.268124188448072e-16
canonical,zero,170,0.005469032583207363,2.3799973828030104e-16
canonical,one,170,0.020717936042945525,9.201017714798123e-16
canonical,plus,170,0.01343670384832153,3.4830649103071355e-16
canonical,plus_i,170,0.011559546063883739,2.7654562058162057e-16
canonical,zero,171,0.008765804938104521,2.2981669543101063e-16
canonical,one,171,0.01965041744273163,3.8004179818989597e-16
canonical,plus,171,0.01647791669636694,5.295781488335861e-16
canonical,plus_i,171,0.016963377573369697,3.4063784588442637e-16
canonical,zero,172,0.007501203828891143,4.555596803019216e-16
canonical,one,172,0.018756040565602608,8.548529014185867e-16
canonical,plus,172,0.01668689483750568,5.004076841063999e-16
canonical,plus_i,172,0.009959022631576341,9.676710962667312e-16
canonical,zero,173,0.00901145227276179,2.2793962829695243e-16
canonical,one,173,0.02015854516529265,7.461035385247364e-16
canonical,plus,173,0.011049346767162172,5.857180851730489e-16
canonical,plus_i,173,0.017400409440289966,2.6374073047843476e-16
canonical,zero,174,0.005892518344652517,6.675192493308457e-16
canonical,one,174,0.016845104578601975,8.094683915628281e-16
canonical,plus,174,0.018064881588358127,4.751658239148482e-16
canonical,plus_i,174,0.017177400171234047,5.154271128972236e-16
canonical,zero,175,0.005082125060655843,5.62462122576384e-16
canonical,one,175,0.018661777985252228,2.9355855499513287e-16
canonical,plus,175,0.002367233574332951,2.7317351045430664e-16
canonical,plus_i,175,-0.0004611047650134277,0.0005324379204103513
canonical,zero,176,0.004572519206707082,2.2698880090642636e-16
canonical,one,176,0.019811001017651975,2.998170126701893e-16
canonical,plus,176,0.014149231631006072,3.0960562930202215e-16
canonical,plus_i,176,0.009976242140273732,7.218860043595193e-16
canonical,zero,177,0.005875040828121188,1.2556989728149803e-16
canonical,one,177,0.016281457482819617,3.376402623733054e-16
canonical,plus,177,0.01700884729444732,5.604381875507222e-16
canonical,plus_i,177,0.006090100518799664,5.322407544477006e-16
canonical,zero,178,0.010345645936758116,6.685817771632007e-16
canonical,one,178,0.016059364953841544,4.858772652585553e-16
canonical,plus,178,0.01096916419775478,4.412408206232974e-16
canonical,plus_i,178,0.01241573836142931,5.385115081657535e-16
canonical,zero,179,0.0067532405791928315,2.0485190252575901e-16
canonical,one,179,0.016547550062010245,7.54002256446067e-16
canonical,plus,179,0.012957564671669874,3.490585484609873e-16
canonical,plus_i,179,0.0011764881055351007,1.7135416601653903e-16
canonical,zero,180,0.011059694304184556,2.2722663503158654e-16
canonical,one,180,0.016285925848529982,5.132709961012552e-16
canonical,plus,180,0.019757971240592132,3.2052566454045277e-16
canonical,plus_i,180,0.013866245549461502,2.423725651069531e-16
canonical,zero,181,0.010896000061556627,3.3967484792499795e-16
canonical,one,181,0.01949543826404607,1.2556083676154137e-15
canonical,plus,181,0.003552290770589945,1.8014103110715264e-16
canonical,plus_i,181,0.010643591231916428,6.96778804173973e-16
canonical,zero,182,0.013202194612199122,5.641420736636324e-17
canonical,one,182,0.01745037028029636,3.5480562270471847e-16
canonical,plus,182,0.010420248162505278,3.62204279929473e-16
canonical,plus_i,182,0.013309890748907226,6.203946939021511e-16
canonical,zero,183,0.012540669644952766,3.3999238679076543e-16
canonical,one,183,0.025576289279628205,3.9226554467912607e-16
canonical,plus,183,0.01564281771452348,4.662758137394324e-16
canonical,plus_i,183,0.015157014229619774,2.937553300587609e-16
canonical,zero,184,0.00905873442168658,3.3624803005274127e-16
canonical,one,184,0.024149676864817445,2.4072984977022907e-16
canonical,plus,184,0.021553282839558773,3.2606168586124137e-16
canonical,plus_i,184,0.010588031985381207,3.2764367214514346e-16
canonical,zero,185,0.007911983739683413,1.501387885576557e-16
canonical,one,185,0.022856179514786842,1.679799269485367e-15
canonical,plus,185,0.01135310613917338,8.226485990986115e-16
canonical,plus_i,185,0.010949300020763891,7.174806649960487e-16
canonical,zero,186,0.009160248711068228,4.483255822797541e-16
canonical,one,186,0.021416733147331342,3.6080058979511395e-16
canonical,plus,186,0.011498237204679029,5.239336073397736e-16
canonical,plus_i,186,0.0065791438471521305,3.2128991878334747e-16
canonical,zero,187,0.01295375721285324,4.7010136028657875e-17
canonical,one,187,0.022478990720579257,9.305087122266345e-16
canonical,plus,187,0.014446642019388542,1.902826396560654e-16
canonical,plus_i,187,0.010829782842834965,4.723057448302031e-16
canonical,zero,188,0.008619710818885934,1.1482320387756906e-16
canonical,one,188,0.0224476205827527,5.51686471539658e-16
canonical,plus,188,0.007015184554598196,5.87531868269257e-16
canonical,plus_i,188,0.0034098799264573178,1.3577466879514593e-16
canonical,zero,189,0.007771148934691246,2.4576244669251185e-16
canonical,one,189,0.018828247342982052,5.015050250785674e-16
canonical,plus,189,0.01364000487268796,5.940661791810812e-16
canonical,plus_i,189,0.020271155720947228,2.1251903433361214e-16
canonical,zero,190,0.012224148460295554,2.252021280308361e-16
canonical,one,190,0.020883938067385675,3.946219486184195e-16
canonical,plus,190,0.008150201715926085,8.069000564443828e-16
canonical,plus_i,190,0.015459562209391625,5.847840383534507e-16
canonical,zero,191,0.0046620241742151595,3.411299866758143e-16
canonical,one,191,0.020812838186920635,8.268069751494178e-16
canonical,plus,191,0.024536710056213506,2.2090411069987776e-16
canonical,plus_i,191,0.014702403746426203,3.99435383664222e-16
canonical,zero,192,0.007800907776704603,3.410420966978674e-16
canonical,one,192,0.019620518620747884,4.1404475807440636e-16
canonical,plus,192,0.010245768349881952,3.679956587192276e-16
canonical,plus_i,192,0.006806692417543444,3.411742892520956e-16
canonical,zero,193,0.010910923204190381,2.248987617703254e-16
canonical,one,193,0.019957206356690328,6.212654415835925e-16
canonical,plus,193,0.00879441903301535,3.6122518533900226e-16
canonical,plus_i,193,0.006942523693461926,3.561996045061735e-16
canonical,zero,194,0.009526836283290478,3.481002920197455e-16
canonical,one,194,0.01678547197050533,4.4024568240922394e-16
canonical,plus,194,0.015664277443874334,1.7920625497637395e-16
canonical,plus_i,194,0.0028274336881831228,2.901658844361986e-16
canonical,zero,195,0.013445797183678871,1.30691296711342e-16
canonical,one,195,0.01232842103718444,8.294963238655334e-16
canonical,plus,195,0.004846777952249829,3.571087439055729e-16
canonical,plus_i,195,0.012127822709578547,5.723335778532266e-16
canonical,zero,196,0.012312455038068442,3.244211186023874e-17
canonical,one,196,0.023172257671369625,9.955244563189948e-16
canonical,plus,196,0.015546512544502565,6.17987782004184e-16
canonical,plus_i,196,0.01032496462516453,3.5526752577076552e-16
canonical,zero,197,0.011165432203727517,2.235407187349803e-16
canonical,one,197,0.019555799876486035,7.587866189072897e-16
canonical,plus,197,0.025457092733544937,4.479333481511771e-16
canonical,plus_i,197,0.010835312727784844,4.933222346807421e-16
canonical,zero,198,0.007530675256081192,1.5836300968463335e-16
canonical,one,198,0.019813379425042826,6.782769484293176e-16
canonical,plus,198,0.023461853005823635,6.954153533453255e-16
canonical,plus_i,198,-0.0013847305309818583,0.001598949089635084
canonical,zero,199,0.00689589971447695,1.3173337482152097e-16
canonical,one,199,0.017057598220213913,6.7874651868407595e-16
canonical,plus,199,0.009218319151452426,6.489407851000481e-16
canonical,plus_i,199,0.008559087870511827,3.762175914417008e-16
canonical,zero,200,0.010880024489193915,2.261016744710598e-16
canonical,one,200,0.022166241405757507,6.503359507937284e-16
canonical,plus,200,0.014369118319814788,4.3724993180470526e-16
canonical,plus_i,200,0.013957328629010553,1.628516416476047e-16
canonical,zero,201,0.009895065288651328,3.387533430053926e-16
canonical,one,201,0.017526152755861116,1.0164710330130861e-15
canonical,plus,201,0.019892592735900258,4.2469426659989884e-16
canonical,plus_i,201,0.015007387968064563,6.767592392379556e-16
canonical,zero,202,0.010923999360458153,1.2867831000301025e-16
canonical,one,202,0.019894610137223417,2.743001498535731e-16
canonical,plus,202,0.022591313958459907,4.0555121025996717e-16
canonical,plus_i,202,0.007118787359989265,7.453824883423628e-16
canonical,zero,203,0.008939130887858948,3.460618445082992e-16
canonical,one,203,0.01894471332930983,4.82207158882435e-16
canonical,plus,203,0.017598685313421746,2.488013198349037e-16
canonical,plus_i,203,0.01750962666735502,6.4250497678194575e-16
canonical,zero,204,0.0036851947172710712,3.364860525412877e-16
canonical,one,204,0.020303573077380236,9.67426581485109e-16
canonical,plus,204,0.02007712201199465,7.697570325015905e-16
canonical,plus_i,204,0.012349905276887443,5.384504719868453e-16
canonical,zero,205,0.007058335670693444,1.5809437398251655e-16
canonical,one,205,0.02183400610049075,5.992597490048919e-16
canonical,plus,205,0.011434441605479507,4.987115033935322e-16
canonical,plus_i,205,0.015448953760675357,5.488697014573581e-16
canonical,zero,206,0.012471899807843157,2.440056184791138e-16
canonical,one,206,0.017165994705270343,5.108367621356277e-16
canonical,plus,206,0.011905866998136231,4.3679091867996037e-16
canonical,plus_i,206,0.010733648599470711,6.687711250852252e-16
canonical,zero,207,0.01177734746236369,5.0950581197430316e-17
canonical,one,207,0.02235849309213605,4.712977161067835e-16
canonical,plus,207,0.02421649181521286,4.0452360384017864e-16
canonical,plus_i,207,0.0162359274012722,5.452760471487473e-16
canonical,zero,208,0.008755041872125929,2.262228818115874e-16
canonical,one,208,0.01987696912984699,3.3048932964071827e-16
canonical,plus,208,0.016908668026525187,1.0158865356837462e-15
canonical,plus_i,208,0.011951422115445864,4.286418210278721e-16
canonical,zero,209,0.015869610456156272,2.236673081621165e-16
canonical,one,209,0.01778783579553125,5.6854552971374e-16
canonical,plus,209,0.01407689173663516,7.186484578313499e-16
canonical,plus_i,209,0.00606438864096331,1.0347258371210142e-15
canonical,zero,210,0.009819715352412032,7.18033301644607e-17
canonical,one,210,0.02258324919941196,3.5621093191966023e-16
canonical,plus,210,0.01461158289663575,4.418067580431851e-16
canonical,plus_i,210,0.0071446247920688615,3.7368295219970752e-16
canonical,zero,211,0.008652473605047173,3.4026679470467295e-17
canonical,one,211,0.01958883334136075,6.833406942332809e-16
canonical,plus,211,0.017780768243464,6.852202333217151e-16
canonical,plus_i,211,0.002301411827155751,3.364759912792553e-16
canonical,zero,212,0.011130323909123637,2.27127080387078e-16
canonical,one,212,0.01905294131105669,6.399410538412492e-16
canonical,plus,212,0.01882840602768546,5.207295605837666e-16
canonical,plus_i,212,0.016991424891465566,5.280742886336261e-16
canonical,zero,213,0.010981822285754532,2.239460989184015e-16
canonical,one,213,0.018870072861192518,3.3661210723481196e-16
canonical,plus,213,0.022490282178566693,8.193802955098992e-16
canonical,plus_i,213,0.004701440021374627,4.0519813395302287e-16
canonical,zero,214,0.010376223391572079,1.817286013949201e-16
canonical,one,214,0.01787345491547839,9.435082417481674e-16
canonical,plus,214,0.01161772329758996,8.845422875354184e-16
canonical,plus_i,214,0.0023349603673074636,8.314131670407494e-16
canonical,zero,215,0.009906356325583086,2.2617529280649585e-16
canonical,one,215,0.017019904219234456,7.658532170168805e-16
canonical,plus,215,0.025141209217197664,4.168266543070423e-16
canonical,plus_i,215,0.015754911754707654,7.890231979096423e-16
canonical,zero,216,0.00700870747382145,1.3179475271851548e-16
canonical,one,216,0.020294332093428073,8.731787093311532e-16
canonical,plus,216,0.015761177950948044,7.293001138512555e-16
canonical,plus_i,216,0.01076937315231436,2.6876127553139147e-16
canonical,zero,217,0.007153836244991886,3.4524116155378314e-16
canonical,one,217,0.0157027521661887,8.787459611266554e-16
canonical,plus,217,0.02588654800371849,3.148947203499798e-16
canonical,plus_i,217,0.014555682999998704,5.0266138404365605e-16
canonical,zero,218,0.01151529752824966,3.365182605307584e-16
canonical,one,218,0.0182667520420385,9.279400425477955e-16
canonical,plus,218,0.01368268154134786,3.5549188799593456e-16
canonical,plus_i,218,0.006074008692644697,1.7478576527521493e-16
canonical,zero,219,0.007343374269740379,1.2352598508029725e-16
canonical,one,219,0.017877745295378656,5.290405578847436e-16
canonical,plus,219,0.007897326033222084,4.905250797826795e-16
canonical,plus_i,219,0.007564476398177849,5.091184366057764e-16
canonical,zero,220,0.0024637451749609657,2.284481642578447e-16
canonical,one,220,0.01848191879065874,5.40861770950376e-16
canonical,plus,220,0.02055233326216405,7.342789609977776e-16
canonical,plus_i,220,0.005557954029787526,3.040625614662119e-16
canonical,zero,221,0.008430664423827335,3.4159303181224236e-16
canonical,one,221,0.0188230471089231,7.667767512599852e-16
canonical,plus,221,0.005745199097756187,4.744139916545971e-16
canonical,plus_i,221,0.022711784212727574,2.9376662438667525e-16
canonical,zero,222,0.0061359223465431495,1.558336873899811e-16
canonical,one,222,0.015897471641402768,1.4729518884400414e-15
canonical,plus,222,0.011376351191987204,3.6625267320058017e-16
canonical,plus_i,222,0.005803244801460952,4.080393111637507e-16
canonical,zero,223,0.010407176262663239,1.4911315922667842e-16
canonical,one,223,0.02345579955630077,2.744734943305691e-16
canonical,plus,223,0.011829128780532697,1.385282871347796e-16
canonical,plus_i,223,0.018043603388620908,5.918272658865247e-16
canonical,zero,224,0.008241892296596694,2.257884799514317e-16
canonical,one,224,0.019575420298433878,7.136043226713156e-16
canonical,plus,224,0.017363486773131487,4.752934580169197e-16
canonical,plus_i,224,0.009489582484177313,6.300975598044983e-16
canonical,zero,225,0.010546235399687662,1.4982293210615047e-16
canonical,one,225,0.01805153019645623,4.649797166317532e-16
canonical,plus,225,0.013441040814805022,6.079084019698963e-16
canonical,plus_i,225,0.007418985396581313,3.354279722555066e-16
canonical,zero,226,0.007288424163319212,3.368636912651586e-16
canonical,one,226,0.018801201364334195,7.933111963612091e-16
canonical,plus,226,0.01160717546756793,2.441504373939012e-16
canonical,plus_i,226,0.011817091991174068,4.976347661214022e-16
canonical,zero,227,0.010921076403924276,4.479523736448001e-16
canonical,one,227,0.018976531760449077,4.877739902250308e-16
canonical,plus,227,0.010698242029859509,5.044232401481805e-16
canonical,plus_i,227,0.008787416937137736,3.241589713278369e-16
canonical,zero,228,0.00538253412323564,1.2520014420476161e-16
canonical,one,228,0.018549117776372446,4.74835489191694e-16
canonical,plus,228,0.011963232897942317,3.743106840956872e-16
canonical,plus_i,228,0.011785133641182792,2.4685928772802676e-16
canonical,zero,229,0.009447464711554847,2.312836785596145e-16
canonical,one,229,0.0194838814299336,3.0440644729918584e-16
canonical,plus,229,0.014647532358289856,3.446368847271426e-16
canonical,plus_i,229,0.007202034959314813,3.029738129634104e-16
canonical,zero,230,0.009380146261109574,2.245581888318961e-16
canonical,one,230,0.014929120062391372,5.398111200059867e-16
canonical,plus,230,0.008830531086487257,1.971116524223432e-16
canonical,plus_i,230,0.01355851528648054,3.7641300982214923e-16
canonical,zero,231,0.0051817381091955805,1.860680464165045e-16
canonical,one,231,0.019274113375747408,5.869857344728293e-16
canonical,plus,231,0.01578649720883788,8.304337528248756e-16
canonical,plus_i,231,0.008973609823301512,4.617102670716368e-16
canonical,zero,232,0.004251625181534939,3.465406284706791e-16
canonical,one,232,0.015536676980296078,7.746267691040341e-16
canonical,plus,232,0.023316342174771555,9.83166103692317e-16
canonical,plus_i,232,0.018800130612371565,3.890255184018173e-16
canonical,zero,233,0.009873906904038087,2.4981072117272736e-16
canonical,one,233,0.019387478075757688,5.642155982889129e-16
canonical,plus,233,0.014471262427448924,1.191193225193814e-15
canonical,plus_i,233,0.005355827810190689,1.56144687483357e-16
canonical,zero,234,0.011513924283836019,4.527327354656414e-16
canonical,one,234,0.017776635360882368,3.6596922731834954e-16
canonical,plus,234,0.017897800444528975,6.845507245491221e-16
canonical,plus_i,234,0.014442100862244293,2.1277522190354025e-16
canonical,zero,235,0.008161484160823108,4.550547249751506e-16
canonical,one,235,0.02297481465104918,9.55208867904267e-16
canonical,plus,235,0.017331190896215154,4.059125514863925e-16
canonical,plus_i,235,0.009066487963876674,4.872065346122631e-16
canonical,zero,236,0.006847124646857856,4.559164889203539e-16
canonical,one,236,0.022413461430696544,5.04163010169268e-16
canonical,plus,236,0.01167169903321134,3.228510133161694e-16
canonical,plus_i,236,0.023431170859757298,6.991348729469182e-16
canonical,zero,237,0.010632158565686188,2.282146421798404e-16
canonical,one,237,0.008861314833676012,3.8798480368950666e-16
canonical,plus,237,0.020956355631189277,1.8034659478965488e-16
canonical,plus_i,237,0.01069042473556786,5.866152978263512e-16
canonical,zero,238,0.011259802785185635,3.6366775309898747e-16
canonical,one,238,0.024416735197146728,8.722591789008609e-16
canonical,plus,238,0.010212041791549692,3.0902980116803656e-16
canonical,plus_i,238,0.014227163461010375,5.960880834593692e-16
canonical,zero,239,0.010684246704526725,2.3230422496025776e-16
canonical,one,239,0.018080999641330742,4.890644600905594e-16
canonical,plus,239,0.016695766543938877,6.83327224800599e-16
canonical,plus_i,239,0.0035213434622071165,2.290426294945669e-16
canonical,zero,240,0.010184021915746265,4.4764815756727625e-16
canonical,one,240,0.02325446920395453,4.2260713286577834e-16
canonical,plus,240,0.01018299585891283,6.830725629945606e-16
canonical,plus_i,240,0.011532743285271825,4.113600780074211e-16
canonical,zero,241,0.007180329227549908,1.3680174129382786e-16
canonical,one,241,0.019707301041843154,4.498231339899922e-16
canonical,plus,241,0.010498343134798138,2.5041380809179267e-16
canonical,plus_i,241,0.004993898089015335,5.477865141792097e-16
canonical,zero,242,0.013654794094817535,2.282076369463528e-16
canonical,one,242,0.0192172344312217,2.6244828521362764e-16
canonical,plus,242,0.0156401263517094,5.59721910095577e-16
canonical,plus_i,242,0.008026077738335422,4.931050650114104e-16
canonical,zero,243,0.013946622875207136,2.276589123289123e-16
canonical,one,243,0.024012361735192764,1.9081269816549708e-16
canonical,plus,243,0.01791115905476319,1.9707849203676563e-16
canonical,plus_i,243,0.009084861514667595,9.241276829089835e-16
canonical,zero,244,0.005556579100212474,5.623157054311938e-16
canonical,one,244,0.019354256482244894,2.852142139038294e-16
canonical,plus,244,0.014341558843101575,9.679214879683689e-16
canonical,plus_i,244,0.01442409967758398,6.504135248669553e-16
canonical,zero,245,0.01404132683614534,1.2887401857237969e-16
canonical,one,245,0.014683272855977132,8.41626879393505e-16
canonical,plus,245,0.01214610803890269,2.880607446016862e-16
canonical,plus_i,245,0.01916741135797875,4.3345703190092354e-16
canonical,zero,246,0.010600252778346279,1.3546436908247385e-16
canonical,one,246,0.02238396944710922,7.362291437399967e-16
canonical,plus,246,0.017370155166259678,1.832146412303814e-16
canonical,plus_i,246,0.015365603915521883,3.397591387993008e-16
canonical,zero,247,0.006072492538584097,4.505750132653874e-16
canonical,one,247,0.021326345639779302,5.170147302124625e-16
canonical,plus,247,0.016497783941843286,6.01176485971141e-16
canonical,plus_i,247,0.007466175268687743,4.559804265418242e-16
canonical,zero,248,0.014433143491679222,3.379876765319805e-16
canonical,one,248,0.02148855311759965,9.19424103246771e-16
canonical,plus,248,0.0188926009849763,4.932387338665684e-16
canonical,plus_i,248,0.010045314092079797,2.607422400677184e-16
canonical,zero,249,0.012208945534894027,2.2431092259374455e-16
canonical,one,249,0.016173274431425032,1.06583326853264e-15
canonical,plus,249,0.018822777469635375,4.3212245567190573e-16
canonical,plus_i,249,0.0165139213107381,4.837736821982968e-16
canonical,zero,250,0.008095762456566877,2.2811551872385396e-16
canonical,one,250,0.016197307983882338,5.193931359635284e-16
canonical,plus,250,0.021564571164517744,5.523793756137109e-16
canonical,plus_i,250,0.021095803234040235,1.2775290424549478e-16
canonical,zero,251,0.007416722456850177,5.1255134520999105e-17
canonical,one,251,0.018624585103914876,4.1353833066966295e-16
canonical,plus,251,0.00399565162176439,5.597840707867721e-16
canonical,plus_i,251,0.014563690780466714,6.553849230584927e-16
canonical,zero,252,0.009398193181456889,1.3806339829294139e-16
canonical,one,252,0.016682276786721587,7.161239310835295e-16
canonical,plus,252,0.020959844607684852,7.43081765181389e-16
canonical,plus_i,252,0.013723803294974283,3.089153610130301e-16
canonical,zero,253,0.007700744848658267,3.4166401665904847e-16
canonical,one,253,0.021061401871862496,2.459080056425648e-16
canonical,plus,253,0.025116253736167504,5.95126147425134e-16
canonical,plus_i,253,0.010705753734260193,4.76100222668499e-16
canonical,zero,254,0.0055596373719497775,1.0385018673587936e-16
canonical,one,254,0.020721684555684905,5.15746082110642e-16
canonical,plus,254,0.015737435162016113,3.211113259652636e-16
canonical,plus_i,254,0.012582314032708567,2.3738234557771666e-16
canonical,zero,255,0.012071705825928562,3.519462872019571e-16
canonical,one,255,0.01911289830634701,6.104380016897655e-16
canonical,plus,255,0.01723780838974111,2.4172252786782015e-16
canonical,plus_i,255,0.011034164580559716,2.5587906312420473e-16
canonical,zero,256,0.006166957708572187,4.908838334715886e-17
canonical,one,256,0.01747586919909181,5.748833342433477e-16
canonical,plus,256,0.017066066732377677,2.7828730618072734e-16
canonical,plus_i,256,0.027171611464181504,3.9971544859735004e-16
canonical,zero,257,0.014289857161515752,1.1317159665025223e-16
canonical,one,257,0.0225132407899318,2.31466016841715e-16
canonical,plus,257,0.014519849919387188,2.1390316957262334e-16
canonical,plus_i,257,0.011821350650605038,5.04864140480423e-16
canonical,zero,258,0.00787602118725562,8.240849472668812e-17
canonical,one,258,0.022784144011968502,6.272832296401323e-16
canonical,plus,258,0.02154881554862216,3.7216300462667687e-16
canonical,plus_i,258,0.010386163350013007,1.0346174982684154e-16
canonical,zero,259,0.008692846301442285,3.3668903014229284e-16
canonical,one,259,0.021043057416914545,6.819927627175056e-16
canonical,plus,259,0.0167795709275537,5.8081510826202e-16
canonical,plus_i,259,-0.0024117910511351334,0.0027848964252041816
canonical,zero,260,0.007566078654477125,2.012064249528816e-17
canonical,one,260,0.017705503663359275,4.694363537114937e-16
canonical,plus,260,0.017774418262938747,4.371387060626228e-16
canonical,plus_i,260,0.018215016181841445,8.292719318159259e-16
canonical,zero,261,0.010602643507610239,5.5800937729580245e-16
canonical,one,261,0.017132110904003673,6.676004612237288e-16
canonical,plus,261,0.02035305898809042,7.473898742467473e-16
canonical,plus_i,261,0.009783775223988699,4.4280324599793885e-16
canonical,zero,262,0.009232464020038321,2.262910453970837e-16
canonical,one,262,0.01921131658580369,6.194381676013243e-16
canonical,plus,262,0.0111012981573525,2.317438965409535e-16
canonical,plus_i,262,0.012245401174755473,4.4376471903946785e-16
canonical,zero,263,0.007229649606198759,3.41938045644736e-16
canonical,one,263,0.02162089064170754,1.2164920764143933e-15
canonical,plus,263,0.026718785381423953,3.934824070366683e-16
canonical,plus_i,263,0.007833402888744168,4.0056526791397244e-16
canonical,zero,264,0.005191775878135973,2.2910523387287663e-16
canonical,one,264,0.019320654244103994,2.8983369250287855e-16
canonical,plus,264,0.010812056864324151,6.054324726386798e-16
canonical,plus_i,264,0.008956949429410489,4.461428573441469e-16
canonical,zero,265,0.01072891106007457,4.512002140731378e-16
canonical,one,265,0.014251743088569984,2.5144662184956174e-16
canonical,plus,265,0.015671328818688792,2.6023472162998023e-16
canonical,plus_i,265,0.017405363302739812,4.925008149049164e-16
canonical,zero,266,0.006083510234735318,4.588250339326966e-16
canonical,one,266,0.013935454527594366,6.034622152645314e-16
canonical,plus,266,0.01538744003656402,5.791067160969383e-16
canonical,plus_i,266,0.009570801864128333,4.2156323579805256e-16
canonical,zero,267,0.012160455833581095,1.5997828316743175e-16
canonical,one,267,0.0160984969716861,4.858403691722544e-16
canonical,plus,267,0.020325023777521427,4.0240259666027947e-16
canonical,plus_i,267,0.007313700434323187,9.224629616044236e-16
canonical,zero,268,0.009496767749155461,1.1590262292624252e-16
canonical,one,268,0.0227341263621181,7.90240148994835e-16
canonical,plus,268,0.007032509316823048,3.6126631592273496e-16
canonical,plus_i,268,0.011022238516644087,8.107225687582142e-16
canonical,zero,269,0.00783649171025488,2.251274735148591e-16
canonical,one,269,0.01944355978076265,3.435924097080943e-16
canonical,plus,269,0.006204861501631962,1.0460972291961697e-16
canonical,plus_i,269,0.013648278359171213,3.9219967211963514e-16
canonical,zero,270,0.0029845344698578684,4.4776368373981534e-17
canonical,one,270,0.0232137863500982,5.188923183137312e-16
canonical,plus,270,0.003445059937228304,3.672250216952841e-16
canonical,plus_i,270,0.013584336674351017,6.511073760217536e-16
canonical,zero,271,0.006147683706814688,8.037500105086798e-17
canonical,one,271,0.013504332454771461,3.2814886442678726e-16
canonical,plus,271,0.020939544842941613,3.9889258138689053e-16
canonical,plus_i,271,0.0031959081341474496,2.662313129779247e-16
canonical,zero,272,0.011551552638929215,4.65907381056038e-16
canonical,one,272,0.018299102324755474,7.908181199756498e-16
canonical,plus,272,0.008952371657380827,3.8359213826947253e-16
canonical,plus_i,272,0.00758362037739468,5.277010565648202e-16
canonical,zero,273,0.011332055225142983,9.064760135211514e-17
canonical,one,273,0.018447577348702907,6.559032819141904e-16
canonical,plus,273,0.015594222775808995,1.7475240438655594e-16
canonical,plus_i,273,0.008850713893152472,1.237212396173465e-15
canonical,zero,274,0.010185389361368369,4.3441021458510264e-17
canonical,one,274,0.019039303743293327,9.500768059447442e-16
canonical,plus,274,0.008344468679405644,2.6116609766209127e-16
canonical,plus_i,274,0.015973290654883874,3.946848630113005e-16
canonical,zero,275,0.007866040711361448,4.485132495340927e-16
canonical,one,275,0.020380133530281876,5.893697131128494e-16
canonical,plus,275,0.012813503271218243,3.607249958883137e-16
canonical,plus_i,275,0.002580793655216489,9.640869594148792e-16
canonical,zero,276,0.013047080697834848,3.5526533836464337e-16
canonical,one,276,0.014949853200174416,1.0533403039536827e-15
canonical,plus,276,0.016199854864917,3.0260360384337586e-16
canonical,plus_i,276,0.009749137044477042,1.0502923361936027e-15
canonical,zero,277,0.011386236947557887,5.606199865110804e-16
canonical,one,277,0.02306969572647771,3.440866554308837e-16
canonical,plus,277,0.0059807596262959175,2.131692570224684e-16
canonical,plus_i,277,0.009258747368670474,4.170091314702509e-16
canonical,zero,278,0.009834534601233572,2.284152817457179e-16
canonical,one,278,0.018275470160743757,3.7363171506923606e-16
canonical,plus,278,0.011943759790360033,5.639615768348529e-16
canonical,plus_i,278,0.006456587485595281,6.487439642522466e-16
canonical,zero,279,0.007485897600099413,9.560720742466111e-17
canonical,one,279,0.017617495738934074,8.296553199197685e-16
canonical,plus,279,0.013164371316152584,4.460942691041228e-16
canonical,plus_i,279,0.019971580598016812,8.716111217516008e-16
canonical,zero,280,0.006700270411092092,3.4742845420301027e-16
canonical,one,280,0.019789502723976234,7.231898641955638e-16
canonical,plus,280,0.003587784814474086,3.6826477725133154e-16
canonical,plus_i,280,0.0001578893761135659,4.048228725556409e-16
canonical,zero,281,0.009153676259611124,3.411538916582352e-16
canonical,one,281,0.022610837796913294,8.750371898797153e-16
canonical,plus,281,0.018939332619921635,1.2715949061168415e-16
canonical,plus_i,281,0.008352829383883306,7.755322315655858e-16
canonical,zero,282,0.009895013911291793,3.406452112393366e-16
canonical,one,282,0.013274556423927216,2.8176928286638657e-16
canonical,plus,282,0.011520191065010494,3.2584660504677465e-16
canonical,plus_i,282,0.011492239482305591,2.8173677198331815e-16
canonical,zero,283,0.005334777187959911,4.6750113760255845e-17
canonical,one,283,0.012079937670556307,7.390883983596472e-16
canonical,plus,283,0.019439217132418526,6.112229918027315e-16
canonical,plus_i,283,0.01701179990266529,6.745749436194971e-16
canonical,zero,284,0.011256149420951125,3.374053883646134e-16
canonical,one,284,0.021975804372506704,3.5022105139664363e-16
canonical,plus,284,0.011376769745978423,7.312669664204503e-16
canonical,plus_i,284,0.007560591941807327,2.644756475891758e-16
canonical,zero,285,0.008911172738733647,1.2376442052017642e-16
canonical,one,285,0.016687581000394636,4.3365311253035087e-16
canonical,plus,285,0.01501891281858862,3.298079566937972e-16
canonical,plus_i,285,0.012913903467969579,3.268423432439429e-16
canonical,zero,286,0.01294054084323628,2.2607131048542956e-16
canonical,one,286,0.019758889021514976,2.0959083455575283e-16
canonical,plus,286,0.018071229003779887,3.8781497970958374e-16
canonical,plus_i,286,0.009838988931692131,6.865243495145099e-16
canonical,zero,287,0.006513842707213972,1.3200578872378888e-16
canonical,one,287,0.014653851277103454,1.085608262399505e-15
canonical,plus,287,0.006226669511882422,2.309203008295754e-16
canonical,plus_i,287,0.006031157538264431,1.1830407523360744e-15
canonical,zero,288,0.007653145732570945,3.536595360875034e-16
canonical,one,288,0.020850632709819013,5.389134406802241e-16
canonical,plus,288,0.011603085507556489,5.069523457968987e-16
canonical,plus_i,288,0.011681051440569511,2.5608937937340566e-16
canonical,zero,289,0.013376240372277155,3.4705607908911827e-16
canonical,one,289,0.020676407363845975,4.235094366629083e-16
canonical,plus,289,0.01639540490156716,5.236868436216774e-16
canonical,plus_i,289,0.014241035840999313,5.37664597127775e-16
canonical,zero,290,0.009828632224532072,1.3072151451895576e-16
canonical,one,290,0.01785289770684357,4.647849397509109e-16
canonical,plus,290,0.01857399136451606,5.481808527937042e-16
canonical,plus_i,290,-0.0022035237688502675,0.0025444100822226067
canonical,zero,291,0.01008424714192295,3.355654591403791e-16
canonical,one,291,0.018646904069853844,2.486772319006238e-16
canonical,plus,291,0.012155993835316861,4.540513397248948e-16
canonical,plus_i,291,0.008666980400869854,4.077139927085487e-16
canonical,zero,292,0.009820195996289324,3.340469297041138e-16
canonical,one,292,0.023057947439659058,1.0009175388789777e-15
canonical,plus,292,0.012468534472870496,5.73509212963864e-16
canonical,plus_i,292,0.015524525754272912,3.1785109657576536e-16
canonical,zero,293,0.011190124759680346,5.597717441984109e-16
canonical,one,293,0.018906566516966313,7.054250977097912e-16
canonical,plus,293,0.016356090124634605,6.37256518577072e-16
canonical,plus_i,293,0.011627136539726577,2.048113289793864e-16
canonical,zero,294,0.007089834289231239,1.3975866460081629e-16
canonical,one,294,0.01835608767937931,3.5854932215349813e-16
canonical,plus,294,0.0023132577662014877,3.509236687650018e-16
canonical,plus_i,294,0.0029337415367095775,5.800724397941648e-16
canonical,zero,295,0.010495496890522302,1.5358260507099713e-16
canonical,one,295,0.0169483465989687,4.598031748967256e-16
canonical,plus,295,0.020034761965057706,2.4705867896979574e-16
canonical,plus_i,295,0.015832434196422156,5.781510905838769e-16
canonical,zero,296,0.008212341023159023,7.899213733794246e-16
canonical,one,296,0.018585805439887134,1.0401678560024273e-15
canonical,plus,296,0.01678317421817603,1.6520565957628712e-16
canonical,plus_i,296,0.0033215358213193576,8.104603202483833e-16
canonical,zero,297,0.010680855781430867,3.3764569346859597e-16
canonical,one,297,0.0180431883422048,1.0911769859203442e-15
canonical,plus,297,0.017998122854933248,7.825506609826478e-17
canonical,plus_i,297,0.006254352854118831,1.8007002063440278e-16
canonical,zero,298,0.011926977415697208,5.645257371337989e-16
canonical,one,298,0.018713934891350717,3.92215017398495e-16
canonical,plus,298,0.010283479466744579,6.050132573126169e-16
canonical,plus_i,298,0.019662227906953815,3.760290739712972e-16
canonical,zero,299,0.011712963495431881,1.2734814140529233e-16
canonical,one,299,0.017223538510527273,4.792146129310953e-16
canonical,plus,299,0.02586026971093065,5.209036220976328e-16
canonical,plus_i,299,0.008771311920852466,9.137022964828662e-16
canonical,zero,300,0.015307578360269726,2.312548082791831e-16
canonical,one,300,0.014295394313428396,1.538707301605373e-15
canonical,plus,300,0.004906790497658526,2.137655191936372e-16
canonical,plus_i,300,0.013583314191577565,1.0377824618491521e-15
canonical,zero,301,0.009453358393187977,1.2188668260039152e-16
canonical,one,301,0.01923092208227787,2.1459228815160392e-16
canonical,plus,301,0.025656298140951935,4.740399717243863e-16
canonical,plus_i,301,0.005712036846461682,7.162163069315417e-16
canonical,zero,302,0.010537644668589632,1.1793179567668732e-16
canonical,one,302,0.02065841053369289,4.68146721858436e-16
canonical,plus,302,0.015572108186568758,1.0179575525437874e-15
canonical,plus_i,302,0.017125067779922502,4.3711976791283737e-16
canonical,zero,303,0.009556007067566657,1.5172540739065255e-16
canonical,one,303,0.021056179764406012,2.5583290129758717e-16
canonical,plus,303,0.02130956096056835,3.617470403334856e-16
canonical,plus_i,303,-0.004163754786703116,0.00480788989388518
canonical,zero,304,0.006755784379223718,3.4181982063976845e-16
canonical,one,304,0.013181332140045668,1.036026653528074e-15
canonical,plus,304,0.015490429949539369,8.456772497376852e-16
canonical,plus_i,304,0.015034313225358552,6.32395638037225e-16
canonical,zero,305,0.007515479864872318,4.492021138370921e-16
canonical,one,305,0.01460660208761557,5.19995478804649e-16
canonical,plus,305,0.005791106911170225,1.632542078980499e-16
canonical,plus_i,305,0.01132139468522592,7.370605088429298e-16
canonical,zero,306,0.013635009888710843,2.45674183549563e-16
canonical,one,306,0.019774495971005095,1.1934753321263944e-15
canonical,plus,306,0.014200077790583791,2.7121945255864125e-16
canonical,plus_i,306,0.011507246828430235,3.287478345079968e-16
canonical,zero,307,0.007126267006815327,6.772581841567078e-16
canonical,one,307,0.01780095501321371,4.821481071762538e-16
canonical,plus,307,0.018191450093601735,2.0842776558385126e-16
canonical,plus_i,307,0.005492374174528185,4.249665367662115e-16
canonical,zero,308,0.011777242251649932,1.204809633128407e-16
canonical,one,308,0.019589575258737762,2.0049088149752975e-16
canonical,plus,308,0.014647239633513042,4.2150389409464947e-16
canonical,plus_i,308,0.00890556301818871,5.109507926887534e-16
canonical,zero,309,0.00675629601368877,2.247094729975264e-16
canonical,one,309,0.019461535102858574,5.127186685913927e-16
canonical,plus,309,0.005037049473941072,3.1713667844408533e-16
canonical,plus_i,309,0.02410282155005175,9.054807898103025e-16
canonical,zero,310,0.010423771186174114,4.497717613547741e-16
canonical,one,310,0.0171265656682227,3.721375142792428e-16
canonical,plus,310,0.017703516081291063,3.0719792850046133e-16
canonical,plus_i,310,0.01228437691003713,4.8461862706196e-16
canonical,zero,311,0.006178783040544839,1.1802814279769392e-16
canonical,one,311,0.01823622692413966,6.306529579304939e-16
canonical,plus,311,0.01600178790520125,9.727919150188745e-16
canonical,plus_i,311,0.014216831454797891,6.477227655794867e-16
canonical,zero,312,0.010173173841461193,3.655616219558068e-16
canonical,one,312,0.015385149187642541,5.983156108076581e-16
canonical,plus,312,0.007375673632892232,5.201148240347732e-16
canonical,plus_i,312,0.010456846070101188,2.1745711914256303e-16
canonical,zero,313,0.00989416168648121,3.391869038140925e-16
canonical,one,313,0.021258644804061134,7.740208532669305e-16
canonical,plus,313,0.008600306706091682,3.089465623326536e-16
canonical,plus_i,313,0.008290948059357227,5.287080295090549e-16
canonical,zero,314,0.011378957731403044,4.632721665460778e-16
canonical,one,314,0.01538389001272744,6.217516904612017e-16
canonical,plus,314,0.020158749359232366,4.420261276110883e-16
canonical,plus_i,314,0.017937250894059214,4.2095246450105087e-16
canonical,zero,315,0.007129740928086221,1.951901188671479e-16
canonical,one,315,0.02260091185130917,4.0080149135107887e-16
canonical,plus,315,0.015322277660397943,9.40467787549081e-16
canonical,plus_i,315,0.019154160104815764,2.017324728041072e-16
canonical,zero,316,0.008966048127576669,3.4044417803556063e-16
canonical,one,316,0.020658503520330572,1.2582599371267304e-15
canonical,plus,316,0.02189506045890864,3.238944706321559e-16
canonical,plus_i,316,0.010097450498201922,7.81062014254089e-16
canonical,zero,317,0.009209815980899295,5.60531474622601e-16
canonical,one,317,0.0202900184381304,2.606687647672242e-16
canonical,plus,317,0.010663392534989059,1.7325645702481105e-16
canonical,plus_i,317,0.011455834341091615,2.989643797846615e-16
canonical,zero,318,0.009529081373688486,4.471502136806392e-16
canonical,one,318,0.020875788963884236,1.2692432865519895e-15
canonical,plus,318,0.020606746593154476,3.922489427200593e-16
canonical,plus_i,318,0.000432360975867935,5.058136751127312e-16
canonical,zero,319,0.00575644557623953,2.2802753891913117e-16
canonical,one,319,0.01765960397072228,4.0302561311585963e-16
canonical,plus,319,0.007384622695895482,4.884321040047908e-16
canonical,plus_i,319,0.004600648602231642,3.1226046519511926e-16
canonical,zero,320,0.011668223438446016,5.566477677795255e-16
canonical,one,320,0.011780908674101405,8.324197851323458e-16
canonical,plus,320,0.013638191319492796,3.2522841320337807e-16
canonical,plus_i,320,0.011262138176248855,5.695192752679855e-16
canonical,zero,321,0.010839342986688226,4.626234642804022e-16
canonical,one,321,0.023843305911694052,9.105194137314361e-17
canonical,plus,321,0.015920065198685145,1.1733853735325457e-15
canonical,plus_i,321,0.01784566572375492,5.90243207657155e-16
canonical,zero,322,0.008111977371735173,2.2432769146652877e-16
canonical,one,322,0.019359874074200346,3.9159572423058094e-16
canonical,plus,322,0.022265145045882083,5.0240116713632085e-16
canonical,plus_i,322,0.018829836683342527,3.848345199544012e-16
canonical,zero,323,0.005466971192673123,3.4101148798890475e-16
canonical,one,323,0.019689688069892942,9.648970030238917e-16
canonical,plus,323,0.005227477109093373,5.752969207675627e-16
canonical,plus_i,323,0.011885703598422436,3.5916801818261587e-16
canonical,zero,324,0.011274277674628347,3.4319299329576503e-16
canonical,one,324,0.0173375687539386,6.232170635612853e-16
canonical,plus,324,0.012169945665554122,8.456287789259947e-16
canonical,plus_i,324,0.004681450828594352,4.934945295880229e-16
canonical,zero,325,0.00606773190978201,8.105540688978042e-17
canonical,one,325,0.02197001017586134,5.662010238425871e-16
canonical,plus,325,0.014916358738363666,1.1494261258061775e-15
canonical,plus_i,325,0.005979429383676662,4.0528585178531656e-16
canonical,zero,326,0.009803434050583707,1.480742344514189e-16
canonical,one,326,0.018846156559014674,4.436441423275262e-16
canonical,plus,326,0.015421980412861889,2.7443193805050323e-16
canonical,plus_i,326,0.009206449783335036,8.471225219035684e-16
canonical,zero,327,0.00787563546647561,3.3707578762920375e-16
canonical,one,327,0.017099225788598245,5.659085025464881e-16
canonical,plus,327,0.008942255139575087,5.94952304259205e-16
canonical,plus_i,327,0.021132564125119994,5.634667847769977e-16
canonical,zero,328,0.004710797552494434,2.40270160617184e-16
canonical,one,328,0.023636307286620986,4.582493291421364e-16
canonical,plus,328,0.01322357469700213,7.266928289085663e-16
canonical,plus_i,328,0.019056224829431548,5.656159286834013e-16
canonical,zero,329,0.004985466057657186,1.3557177585511968e-16
canonical,one,329,0.016103716133766762,3.8933058424258013e-16
canonical,plus,329,0.017501427649382856,2.560172116977025e-16
canonical,plus_i,329,0.014963735305174624,3.627459848874288e-16
canonical,zero,330,0.009081954455699776,2.2699206342914127e-16
canonical,one,330,0.017285873068020954,4.896817086012553e-16
canonical,plus,330,0.009068874186124457,2.3924094660981045e-16
canonical,plus_i,330,0.021864993233930017,9.907959945715316e-16
canonical,zero,331,0.007935060258862404,2.415662781137141e-16
canonical,one,331,0.02197157656865518,6.125102657815777e-16
canonical,plus,331,0.01973010588955662,2.7309687215825935e-16
canonical,plus_i,331,0.005491311214639266,2.8151070874746335e-16
canonical,zero,332,0.009289007973839898,3.3543133652149207e-16
canonical,one,332,0.020016484365309097,3.3139441503276597e-16
canonical,plus,332,0.01974478717090482,1.0623726589738804e-15
canonical,plus_i,332,0.014697022709972456,3.9572517865440973e-16
canonical,zero,333,0.005192055450770684,3.366321536656532e-16
canonical,one,333,0.016387775393511095,3.353341447033061e-16
canonical,plus,333,0.01990699846517775,3.0549854565740606e-16
canonical,plus_i,333,0.021682015471046697,5.985761482698147e-16
canonical,zero,334,0.00892053981291464,1.1863223050764844e-16
canonical,one,334,0.022428629013107614,2.709271762074049e-16
canonical,plus,334,0.024845419802345056,6.153325601040107e-16
canonical,plus_i,334,0.016408754074049105,7.841360874155968e-16
canonical,zero,335,0.008771426423326564,2.325192830153662e-16
canonical,one,335,0.01769262384965659,6.533245803489779e-16
canonical,plus,335,0.014989010926642274,8.331319058106947e-16
canonical,plus_i,335,-0.008730740830540007,0.010081391137474216
canonical,zero,336,0.007388249940366719,4.61610047338731e-16
canonical,one,336,0.01704651583924121,3.8692412576801805e-16
canonical,plus,336,0.020059432871967018,7.881832132736701e-16
canonical,plus_i,336,0.016485565843337376,8.626949200543192e-16
canonical,zero,337,0.005530601255053283,1.1873038538324188e-16
canonical,one,337,0.020465102709216268,5.861528051971963e-16
canonical,plus,337,0.018684185488905287,2.0100394820424452e-16
canonical,plus_i,337,0.003922283634932727,4.4126223918831093e-16
canonical,zero,338,0.0037222098453505337,1.143158421104156e-16
canonical,one,338,0.02013999685983461,4.882846010626487e-16
canonical,plus,338,0.024241577637193597,2.374892825959395e-16
canonical,plus_i,338,0.0019721561468505735,1.1842783557119898e-16
canonical,zero,339,0.005178510764872802,4.520461049470428e-16
canonical,one,339,0.019640885737196804,3.485115224458547e-16
canonical,plus,339,0.008693515552003341,9.9444072940318e-16
canonical,plus_i,339,0.012221794817334536,2.626087171758652e-16
canonical,zero,340,0.01342499337324517,5.58841847620495e-16
canonical,one,340,0.02122669196635554,1.8708003522552687e-16
canonical,plus,340,0.009864045060179972,4.152186033414322e-16
canonical,plus_i,340,0.01677899044628226,3.927391537594508e-16
canonical,zero,341,0.010162528920413248,1.4237188763179057e-16
canonical,one,341,0.019202053248791675,6.294442885084389e-16
canonical,plus,341,0.015917497982697378,2.014595848115023e-16
canonical,plus_i,341,0.0054418139833463585,4.1723491817482005e-16
canonical,zero,342,0.009735072949865035,5.0701726656261364e-17
canonical,one,342,0.024292409291152797,4.002711434777366e-16
canonical,plus,342,0.013801942369236172,6.614610028414491e-16
canonical,plus_i,342,0.01526612192547875,6.884919071671254e-16
canonical,zero,343,0.011822696750399792,3.6245045650669117e-16
canonical,one,343,0.020059874601170303,4.0437212862682293e-16
canonical,plus,343,0.00859767031332833,6.300232728867686e-16
canonical,plus_i,343,0.023356989812949553,8.465726607692214e-16
canonical,zero,344,0.013374098027478569,1.3231472118036373e-16
canonical,one,344,0.014299542500705373,6.890912877507608e-16
canonical,plus,344,0.012665062299131542,5.24965273117814e-16
canonical,plus_i,344,0.01161314018725853,2.878471623129327e-16
canonical,zero,345,0.007669445807661284,2.4346579982412263e-16
canonical,one,345,0.015446678130021346,4.119928310960714e-16
canonical,plus,345,0.01130793299140335,4.4007743476774595e-16
canonical,plus_i,345,0.020595878679691756,2.1380906675499593e-16
canonical,zero,346,0.010604474996092027,1.4203362957471693e-16
canonical,one,346,0.01793355762273104,7.105210315741876e-16
canonical,plus,346,0.015069048543316954,4.303185173946362e-16
canonical,plus_i,346,0.01659251483842899,7.184666756912604e-16
canonical,zero,347,0.009076775710693381,3.3571213379161364e-16
canonical,one,347,0.0181977812293319,1.60649794802425e-15
canonical,plus,347,0.026035567665992448,2.8954037692655487e-16
canonical,plus_i,347,0.00274805178293036,3.1270525903469346e-16
canonical,zero,348,0.00946760760719165,2.353467543997757e-16
canonical,one,348,0.016146524826521385,3.734244243705966e-16
canonical,plus,348,0.012461186339435337,3.2455558983913583e-16
canonical,plus_i,348,0.016797812221024607,3.8041550426561797e-16
canonical,zero,349,0.009226491865451247,4.506615152910781e-16
canonical,one,349,0.021898309908631914,4.974422421355844e-16
canonical,plus,349,0.011226943139658748,3.4650205834787695e-16
canonical,plus_i,349,0.022445178857305157,3.2091103199899743e-16
canonical,zero,350,0.01019695909413055,2.335944214351501e-16
canonical,one,350,0.017891172034256574,1.0169281429126507e-15
canonical,plus,350,0.018626966027480603,5.15853504045793e-16
canonical,plus_i,350,0.006472190735843681,2.279363277658561e-16
canonical,zero,351,0.012493233590198275,4.563489243699377e-16
canonical,one,351,0.019224868313658303,7.462339951875122e-16
canonical,plus,351,0.020438206963319147,3.7782241465363726e-16
canonical,plus_i,351,0.01455056970862256,2.581811159209375e-16
canonical,zero,352,0.009407688477646848,3.5910032976715276e-16
canonical,one,352,0.018379674080568256,2.1346666015970495e-16
canonical,plus,352,0.021019511078413003,5.552172119611781e-16
canonical,plus_i,352,0.016140313061899808,3.0862785616833514e-16
canonical,zero,353,0.0053753199532650935,1.2413882881933434e-16
canonical,one,353,0.02013919680809174,1.0374969967938371e-15
canonical,plus,353,0.0169920877198706,7.465866228735292e-16
canonical,plus_i,353,0.0003813555679538379,4.475439483913236e-16
canonical,zero,354,0.01160319508888423,2.424134709669052e-16
canonical,one,354,0.01784299941456401,4.0382565752153106e-16
canonical,plus,354,0.014689325568931544,8.228946213539928e-16
canonical,plus_i,354,0.011390730057672466,3.015432699590137e-16
canonical,zero,355,0.010198503659023916,2.3170595199195e-16
canonical,one,355,0.021730774901066466,8.459248704115911e-16
canonical,plus,355,0.014824043945066012,9.702704001833003e-16
canonical,plus_i,355,0.01868100541342985,4.958582723063154e-16
canonical,zero,356,0.008548575819721835,3.3925294081181094e-16
canonical,one,356,0.01819593885979055,1.963091558694818e-15
canonical,plus,356,0.015232571358214216,3.910892622288279e-16
canonical,plus_i,356,0.0067020693357181145,5.24826962833892e-16
canonical,zero,357,0.008106255033476596,1.2574859388859636e-16
canonical,one,357,0.01886263181063543,6.846998965817995e-16
canonical,plus,357,0.003178465259209952,4.825541129980536e-16
canonical,plus_i,357,0.011571982610863738,6.358351869745613e-16
canonical,zero,358,0.01327807746010465,1.5140323370784775e-16
canonical,one,358,0.02025782228710055,6.618629536949191e-16
canonical,plus,358,0.012956271393560133,1.2649270352330888e-15
canonical,plus_i,358,0.010172781253015285,2.7868998744745526e-16
canonical,zero,359,0.013464929763633096,3.4342596279047824e-16
canonical,one,359,0.02200109949469086,6.6405248258472155e-16
canonical,plus,359,0.018013520740385796,3.691763005036307e-16
canonical,plus_i,359,0.015535153584631325,4.1325759257216093e-16
canonical,zero,360,0.00907502314566121,5.041085416126839e-17
canonical,one,360,0.01803449691014405,4.844662022012421e-16
canonical,plus,360,0.012142050078231466,7.406367801688648e-16
canonical,plus_i,360,0.024240912490723743,3.772066350013846e-16
canonical,zero,361,0.009737362831476389,6.743737512859838e-17
canonical,one,361,0.01648737619416899,6.942660484166389e-16
canonical,plus,361,0.00745619044278134,4.688236624026314e-16
canonical,plus_i,361,0.009922174162263675,4.028019880082936e-16
canonical,zero,362,0.009526470519557483,2.469432715792955e-16
canonical,one,362,0.020856357719940138,5.967583840965818e-16
canonical,plus,362,0.01861973760759636,2.532913477349178e-16
canonical,plus_i,362,0.017663167979656762,4.727193088518537e-16
canonical,zero,363,0.007380883724643478,1.2865382549893493e-16
canonical,one,363,0.017877107273765337,5.133573523606278e-16
canonical,plus,363,0.01823253026616873,3.495538088204911e-16
canonical,plus_i,363,0.010562517616628166,4.500228454744627e-16
canonical,zero,364,0.012680400176229172,2.3621418952024766e-16
canonical,one,364,0.018915990516224803,1.0293458506935462e-15
canonical,plus,364,0.012995268580094109,5.571514850717792e-16
canonical,plus_i,364,0.018783693937153664,2.1101058992381087e-16
canonical,zero,365,0.009981210540326083,4.490799426862873e-16
canonical,one,365,0.018182120195647015,6.959278134417669e-16
canonical,plus,365,0.008585408707388428,5.212562614187714e-16
canonical,plus_i,365,0.004605825636771299,3.758889998096215e-16
canonical,zero,366,0.009176779765807804,1.658562149302634e-16
canonical,one,366,0.014369943201529517,5.558988639834279e-16
canonical,plus,366,0.010566152547484376,3.1797829109194403e-16
canonical,plus_i,366,0.004909658236795878,8.050434833114231e-16
canonical,zero,367,0.008021385041295915,2.2626756452919536e-16
canonical,one,367,0.019966283498413118,8.668540743846522e-16
canonical,plus,367,0.013934408273747676,7.151490892785054e-16
canonical,plus_i,367,0.01461823754806007,2.801601910245521e-16
canonical,zero,368,0.004185132642401535,2.242209781192131e-16
canonical,one,368,0.020322032550015863,7.317272028166773e-16
canonical,plus,368,0.018244280114643546,4.0362434073825804e-16
canonical,plus_i,368,0.01061659482439195,4.3385018832039794e-16
canonical,zero,369,0.011095449418939342,2.3402538425804903e-16
canonical,one,369,0.022349271009857688,6.531377329888425e-16
canonical,plus,369,0.019181318687321536,4.912696034795145e-16
canonical,plus_i,369,0.017016867388410312,6.465799256897598e-16
canonical,zero,370,0.009006985591486688,3.4147101902387897e-16
canonical,one,370,0.01718864394535229,6.643605214300174e-16
canonical,plus,370,0.01174372650647955,6.864695556525929e-16
canonical,plus_i,370,0.0013920036032548486,2.243400577071291e-16
canonical,zero,371,0.01034497832380735,1.3146898028165675e-16
canonical,one,371,0.019187591436154054,1.194037961209218e-15
canonical,plus,371,0.010032339873857432,6.052333116444807e-16
canonical,plus_i,371,0.013566768552481564,3.1969075813650444e-16
canonical,zero,372,0.013535937471170368,3.7301196973084047e-16
canonical,one,372,0.015040992438701115,7.028385552505047e-16
canonical,plus,372,0.008410152472589904,3.8997415330556286e-16
canonical,plus_i,372,0.010581101764126381,3.972341653334029e-16
canonical,zero,373,0.008215951555142688,3.4790937817600595e-16
canonical,one,373,0.02197392959728414,7.616418940221613e-16
canonical,plus,373,0.01525556622081987,1.6428235455472162e-16
canonical,plus_i,373,0.012723568069907237,3.701818708696512e-16
canonical,zero,374,0.012818261587220705,4.497908332238732e-16
canonical,one,374,0.019161320278638365,5.646239335974879e-16
canonical,plus,374,0.007956659092753593,8.39682321881143e-16
canonical,plus_i,374,0.005585173655050851,5.496459767884688e-16
canonical,zero,375,0.011747047858655255,1.5766700458069662e-16
canonical,one,375,0.016729156325853645,7.612153726582082e-16
canonical,plus,375,0.020903793342141142,9.458220830791489e-17
canonical,plus_i,375,0.01489252994990148,2.833048284084989e-16
canonical,zero,376,0.010343774488079637,4.460264106176608e-16
canonical,one,376,0.017252154794550906,8.076982809788502e-16
canonical,plus,376,0.02241635564204861,3.489905160343447e-16
canonical,plus_i,376,0.007474496864995818,6.90249937041664e-16
canonical,zero,377,0.006918540736839321,2.350698832952389e-16
canonical,one,377,0.022757268981774333,4.929746028327963e-16
canonical,plus,377,0.015353599774294591,3.9643662297096456e-16
canonical,plus_i,377,0.021744615696672465,3.507687437357049e-16
canonical,zero,378,0.013679372297103521,4.474652501817258e-16
canonical,one,378,0.01722715899590566,1.8911914506544196e-16
canonical,plus,378,0.024594700309443118,3.6676429807746737e-16
canonical,plus_i,378,0.012376090549247099,3.5274363973704123e-16
canonical,zero,379,0.008538422384410877,3.375309255909492e-16
canonical,one,379,0.016814324577626837,6.030204217881338e-16
canonical,plus,379,0.019245067273824117,2.4081201737090646e-16
canonical,plus_i,379,0.003638492371838956,6.447727622039991e-16
canonical,zero,380,0.0070308265862710825,4.70502471417666e-16
canonical,one,380,0.018381041690249667,7.898164254228728e-16
canonical,plus,380,0.006942678997857396,8.347553535060392e-16
canonical,plus_i,380,0.015891480698246176,1.8258556894524934e-16
canonical,zero,381,0.012387526303041824,2.4402792243319913e-16
canonical,one,381,0.017105002669449886,3.0390262320798397e-16
canonical,plus,381,0.002859512147205674,2.503326790458424e-16
canonical,plus_i,381,0.011650381415480663,1.4715439580062433e-16
canonical,zero,382,0.007007678159686203,2.417972118641287e-16
canonical,one,382,0.018912078227919633,3.203886580406561e-16
canonical,plus,382,0.0023539178844475795,1.442952121802691e-16
canonical,plus_i,382,0.003076002091239129,4.59700110170256e-16
canonical,zero,383,0.009977233147407625,5.3558489938921874e-17
canonical,one,383,0.015227823989783252,3.0275149332209307e-16
canonical,plus,383,0.014458653962013146,4.378068247541332e-16
canonical,plus_i,383,0.009537641238646094,3.182409494120233e-16
canonical,zero,384,0.004299618484683387,1.307592769583729e-16
canonical,one,384,0.018786756625160925,5.132025660242176e-16
canonical,plus,384,0.01282257575833762,5.646121863167242e-16
canonical,plus_i,384,0.002932286274891314,3.7608958987583683e-16
canonical,zero,385,0.00974575940963781,1.2410435617560732e-16
canonical,one,385,0.020179669383353242,6.645155752312377e-16
canonical,plus,385,0.016381960310226113,1.06565194096316e-15
canonical,plus_i,385,0.015784562205889408,4.978429708418504e-16
canonical,zero,386,0.010636971308289878,1.1861082572693053e-16
canonical,one,386,0.017593201357996715,1.258080693833171e-15
canonical,plus,386,0.014982265862728446,4.871084716857792e-16
canonical,plus_i,386,0.004531845043318631,3.574084260684992e-16
canonical,zero,387,0.0077331922700147005,1.2993384464481483e-16
canonical,one,387,0.018913184332089845,5.478380361244589e-16
canonical,plus,387,0.012751030072135724,5.668953831191559e-16
canonical,plus_i,387,0.013466455452838371,7.138930501426275e-16
canonical,zero,388,0.011324060049085365,3.4029778128463576e-16
canonical,one,388,0.021380863060584926,4.448175902476046e-16
canonical,plus,388,0.022888800914175462,1.0709610103661279e-15
canonical,plus_i,388,0.008020146133173228,3.172967995999097e-16
canonical,zero,389,0.011465511716258925,1.175815131642182e-16
canonical,one,389,0.017910296991013014,2.1755845144644275e-16
canonical,plus,389,0.016241594228888736,4.970796316753085e-16
canonical,plus_i,389,0.011688359996475208,8.085163047845396e-16
canonical,zero,390,0.0036625169923455297,5.590090887216802e-16
canonical,one,390,0.0174296798829158,1.0347411432772105e-15
canonical,plus,390,0.011969843105213297,2.3517582248825043e-16
canonical,plus_i,390,0.0074204599722839815,8.255645891276188e-16
canonical,zero,391,0.009329908552342498,5.589724143734525e-16
canonical,one,391,0.01764937212570248,4.582909117116175e-16
canonical,plus,391,0.0069678370414500085,3.352193218236667e-16
canonical,plus_i,391,0.006967754981142236,3.2928289169292644e-16
canonical,zero,392,0.010701305339367886,2.4356832857336496e-16
canonical,one,392,0.020114037758040094,1.7813702349277614e-16
canonical,plus,392,0.02084471048052217,3.6876749041008484e-16
canonical,plus_i,392,0.013897678844545605,6.714720437824207e-16
canonical,zero,393,0.007970119347154846,2.304229857193681e-16
canonical,one,393,0.019455586453716124,1.0580324098076216e-15
canonical,plus,393,0.011361414140447076,3.200253346991308e-16
canonical,plus_i,393,0.016683499959704348,7.166097105421014e-16
canonical,zero,394,0.008551021142913345,2.24932537242414e-16
canonical,one,394,0.023514808815835474,9.619083712696754e-16
canonical,plus,394,0.004630780881431872,2.3195400094799034e-16
canonical,plus_i,394,0.011448052215773224,2.818358470266766e-16
canonical,zero,395,0.012503741901132124,1.195049764399666e-16
canonical,one,395,0.023161304270486974,4.2604533131643603e-16
canonical,plus,395,0.01850285329862375,7.865550733724513e-16
canonical,plus_i,395,0.012500415148491028,4.0871241069116157e-16
canonical,zero,396,0.007100164943563053,2.499304014428976e-16
canonical,one,396,0.017220682245119013,4.474821677870897e-16
canonical,plus,396,0.004580717889597031,8.092845246078067e-16
canonical,plus_i,396,0.014350413760600086,4.3809066739260173e-16
canonical,zero,397,0.01111383201179721,4.651554338213023e-16
canonical,one,397,0.017892899997360805,1.057786401550322e-15
canonical,plus,397,0.01914539952754787,4.3391846102802104e-16
canonical,plus_i,397,0.009880944229969274,9.750650583459642e-16
canonical,zero,398,0.006382776986990525,3.411758052407898e-16
canonical,one,398,0.017802207400988757,5.914873671513551e-16
canonical,plus,398,0.01599187668937539,8.40422948865459e-16
canonical,plus_i,398,-0.0010695160702221798,0.0012349707820907595
canonical,zero,399,0.011991071159363757,4.500024708121716e-16
canonical,one,399,0.017462208214699813,5.858877865370476e-16
canonical,plus,399,0.01734470306208689,3.152451264701017e-16
canonical,plus_i,399,0.0033634491966866077,5.107575055721916e-16
canonical,zero,400,0.008742067473983324,3.401683927415497e-16
canonical,one,400,0.018975141368605366,1.1609349304859005e-15
canonical,plus,400,0.018309748338531214,3.1708582000707727e-16
canonical,plus_i,400,0.0037661006084364493,3.2430341053124146e-16
canonical,zero,401,0.00965392562824019,5.6438417195381465e-16
canonical,one,401,0.02473280678844313,4.541154364104182e-16
canonical,plus,401,0.011705890726378718,3.2166434859160007e-16
canonical,plus_i,401,-0.002282303415576525,0.0026353769827110506
canonical,zero,402,0.00818033139901349,3.239134510590662e-17
canonical,one,402,0.018619370003764565,1.03316629312725e-15
canonical,plus,402,0.022198133864268395,1.0006415216865021e-15
canonical,plus_i,402,0.008281686259082419,4.402655741092989e-16
canonical,zero,403,0.012808693539389982,1.1758321691197856e-16
canonical,one,403,0.01845634471837388,5.820156416080745e-16
canonical,plus,403,0.02155701254831501,4.581091119072961e-16
canonical,plus_i,403,0.01910045753688792,3.582329984645114e-16
canonical,zero,404,0.007662375061640719,2.4633913219475553e-16
canonical,one,404,0.018146814698697326,6.683672962247361e-16
canonical,plus,404,0.01422057238483666,1.2532589260601793e-16
canonical,plus_i,404,0.00935346426627116,3.984261099286754e-16
canonical,zero,405,0.005361520081481164,5.623643690629371e-16
canonical,one,405,0.018950932026717285,8.125383572328055e-16
canonical,plus,405,0.010472300547118597,3.733608195314401e-16
canonical,plus_i,405,0.016662169714836,5.716112099316582e-16
canonical,zero,406,0.010597936892476288,2.449625188080334e-16
canonical,one,406,0.016724421225384617,3.9140836672290306e-16
canonical,plus,406,0.017006512240048195,6.555338461698e-16
canonical,plus_i,406,0.0017494269050519148,3.5707919145862736e-16
canonical,zero,407,0.012338003016873008,3.3820838287994442e-16
canonical,one,407,0.01485805580394085,4.408135107680721e-16
canonical,plus,407,0.015290438904707016,3.8052574047301857e-16
canonical,plus_i,407,0.005068548251728747,7.019076465612132e-16
canonical,zero,408,0.00380119529919426,1.2378569384782213e-16
canonical,one,408,0.020240785158004083,4.062174942121824e-16
canonical,plus,408,0.019813244098109885,1.1112802959471215e-15
canonical,plus_i,408,0.011036651126951926,1.665041578942231e-16
canonical,zero,409,0.010558413192233041,3.373587005679171e-16
canonical,one,409,0.020672180037670046,9.348048205022816e-16
canonical,plus,409,0.015186009321762233,7.686602223835381e-16
canonical,plus_i,409,0.006174732740549166,5.786235748711632e-16
canonical,zero,410,0.007849144603736456,5.616812714356766e-16
canonical,one,410,0.018414960219167265,5.145334290530591e-16
canonical,plus,410,0.004140810808458052,1.7005599613418396e-16
canonical,plus_i,410,0.013540393093580693,6.678492652233278e-16
canonical,zero,411,0.011370951030359663,2.331373648480806e-16
canonical,one,411,0.01450810499028786,9.135692093797632e-16
canonical,plus,411,0.02020425653824334,7.43583506702742e-16
canonical,plus_i,411,0.01612643854088078,2.7345223368279e-16
canonical,zero,412,0.008014549848699199,8.901346056541456e-17
canonical,one,412,0.02178171235471981,4.989959727799127e-16
canonical,plus,412,0.0068169635977032685,2.2813097739841887e-16
canonical,plus_i,412,0.010526028664641217,6.0482235440993185e-16
canonical,zero,413,0.00636628605310374,1.2181106703420468e-16
canonical,one,413,0.021595473353884547,1.1244183317437425e-15
canonical,plus,413,0.015294241017390922,3.486729457624655e-16
canonical,plus_i,413,0.017657561018183235,5.015083768920495e-16
canonical,zero,414,0.0066598216802427465,3.493100859257836e-16
canonical,one,414,0.020430234533726603,6.123223721242062e-16
canonical,plus,414,0.009030248046810739,1.0285900922558878e-15
canonical,plus_i,414,0.01584975954208203,4.808924440091218e-16
canonical,zero,415,0.0033127935105809604,3.376260575571912e-16
canonical,one,415,0.01861776957950872,6.8092269355523e-16
canonical,plus,415,0.02084213492975274,4.93412963834717e-16
canonical,plus_i,415,0.006877309633162863,7.785732423636786e-16
canonical,zero,416,0.009871198814516804,3.366020497406393e-16
canonical,one,416,0.01567810371550501,1.0144894501450801e-15
canonical,plus,416,0.012633414238322553,3.9288375210709974e-16
canonical,plus_i,416,0.018301609750531963,6.312981681749073e-16
canonical,zero,417,0.010117068952688778,4.0873415336568726e-17
canonical,one,417,0.021302133614649586,6.60855154606547e-16
canonical,plus,417,0.00787309892982434,2.2622017978291546e-16
canonical,plus_i,417,0.004790536880344713,2.928351190209841e-16
canonical,zero,418,0.009236790226315867,7.831140580817305e-16
canonical,one,418,0.016230590130057572,5.856663041274276e-16
canonical,plus,418,0.015813009289159324,7.694376806265175e-16
canonical,plus_i,418,0.012589571856215212,4.525518831128867e-16
canonical,zero,419,0.006808704672146562,5.0385430826617706e-17
canonical,one,419,0.016329141941644743,8.649759224329732e-16
canonical,plus,419,0.006393331514186564,6.278884281041842e-16
canonical,plus_i,419,0.017913870047479435,6.789401260752024e-16
canonical,zero,420,0.0119519331410586,7.291789600315129e-17
canonical,one,420,0.015150430783534584,5.203613445727346e-16
canonical,plus,420,-0.0035412558467205722,0.0040890900327470465
canonical,plus_i,420,0.01513706153723649,4.779576621193899e-16
canonical,zero,421,0.0067514917247593715,8.020043466552068e-16
canonical,one,421,0.02362129545462515,5.429550251840976e-16
canonical,plus,421,0.01832351694281885,8.161926954617536e-16
canonical,plus_i,421,0.014497342338730079,3.074843236800109e-16
canonical,zero,422,0.009077109651337149,2.714613612566416e-16
canonical,one,422,0.02239907837301233,4.616959076525207e-16
canonical,plus,422,0.01970319499128367,5.216403919780703e-16
canonical,plus_i,422,0.0068845873416460085,4.789973295199901e-16
canonical,zero,423,0.007666075646663199,1.1526695791952792e-16
canonical,one,423,0.02158975654833862,4.0775977431685024e-16
canonical,plus,423,0.020232544669128286,3.164604693062934e-16
canonical,plus_i,423,0.006921575000813728,6.293580596032277e-16
canonical,zero,424,0.007499270747657858,2.3209555895402677e-16
canonical,one,424,0.01354449979363786,1.2033857212042762e-15
canonical,plus,424,0.008842615251994592,3.1279275893941186e-16
canonical,plus_i,424,0.00857904951388383,5.76386511617013e-16
canonical,zero,425,0.0055833396256731215,2.3164587732629384e-16
canonical,one,425,0.019045433862974935,6.333270267271574e-16
canonical,plus,425,0.0054886864561274045,9.12554081472978e-16
canonical,plus_i,425,-0.0014630104906467707,0.0016893390012042194
canonical,zero,426,0.0098364747455244,2.2709069457361657e-16
canonical,one,426,0.018322708703887736,8.979307148563457e-16
canonical,plus,426,0.019680781978991604,5.490106048469899e-16
canonical,plus_i,426,0.015603533870279207,4.756257210063047e-16
canonical,zero,427,0.009258959284833076,6.687731640060416e-16
canonical,one,427,0.019504256783296866,3.607542252382884e-16
canonical,plus,427,0.014201558788215,5.890069575917737e-16
canonical,plus_i,427,0.0012253734046371494,2.0168375323291193e-16
canonical,zero,428,0.006889249576331035,4.534830307791076e-16
canonical,one,428,0.019924080126095846,9.68698760476945e-16
canonical,plus,428,0.006927128294104943,8.190329305498013e-16
canonical,plus_i,428,0.020549528210456726,5.492035401930338e-16
canonical,zero,429,0.010784826592273075,4.505613425476129e-16
canonical,one,429,0.017510236873058187,4.377972895134255e-16
canonical,plus,429,0.015340330939589693,3.453827742679038e-16
canonical,plus_i,429,0.004183653039048999,5.301975214648848e-16
canonical,zero,430,0.012253750410095495,4.539893053990154e-16
canonical,one,430,0.023484842137774183,5.35551735142813e-16
canonical,plus,430,0.003908984029301584,2.7550172419579296e-16
canonical,plus_i,430,0.009023139661248375,4.1845911770178506e-16
canonical,zero,431,0.010334151836008049,1.18451258209505e-16
canonical,one,431,0.02023299037828282,4.3747723581369264e-16
canonical,plus,431,0.02195847533856414,4.090753273746491e-16
canonical,plus_i,431,9.951009228533592e-06,4.4060994521000516e-16
canonical,zero,432,0.008366922773159024,3.458398279879297e-16
canonical,one,432,0.015676542781585416,3.6816121481015824e-16
canonical,plus,432,0.011284629943403646,2.492733351599294e-16
canonical,plus_i,432,0.008690253967334511,4.485283454839313e-16
canonical,zero,433,0.008076867549397442,1.161552497310992e-16
canonical,one,433,0.022320088099087507,2.613392816305488e-16
canonical,plus,433,0.015352304700714588,6.38680466311197e-16
canonical,plus_i,433,0.01914614748995269,7.37385019454801e-16
canonical,zero,434,0.009409250009078414,7.432282996081415e-17
canonical,one,434,0.017247173909562045,7.954760085715331e-16
canonical,plus,434,0.01593233275088664,7.413779212117877e-16
canonical,plus_i,434,0.016411238736005727,5.486062992776652e-16
canonical,zero,435,0.009149801669772615,5.690901294259299e-16
canonical,one,435,0.019065319345795105,2.559210024053649e-16
canonical,plus,435,0.013441604310489646,3.635059389604918e-16
canonical,plus_i,435,0.016304838930107673,2.463318788700292e-16
canonical,zero,436,0.007510305599101339,3.443305934252287e-16
canonical,one,436,0.023072978773059905,6.699963978220751e-16
canonical,plus,436,0.014008871802066475,4.822609262741036e-16
canonical,plus_i,436,0.0018458500112977791,8.125545496287629e-16
canonical,zero,437,0.007431101958156516,2.4496251880803342e-17
canonical,one,437,0.015651963642381594,2.9197969115370165e-16
canonical,plus,437,0.01460797371878966,5.525427861583928e-16
canonical,plus_i,437,0.0046753988494438745,1.9900612833335457e-16
canonical,zero,438,0.012975783456430025,2.4546681981927646e-16
canonical,one,438,0.021513316356825858,9.80720817942447e-16
canonical,plus,438,0.0161033129798525,3.4135340493271504e-16
canonical,plus_i,438,0.006732440985318201,3.8816933176861e-16
canonical,zero,439,0.012198148391779625,6.469989522866528e-17
canonical,one,439,0.020880903154375945,1.0813068695211575e-15
canonical,plus,439,0.016416724701366407,2.714024635278142e-16
canonical,plus_i,439,0.016971701700214416,2.158441492015893e-16
canonical,zero,440,0.011989414191590683,3.3760279936203847e-16
canonical,one,440,0.02499282677760097,8.641550830087248e-16
canonical,plus,440,0.021386353793402438,5.793464312602764e-16
canonical,plus_i,440,0.016727227832310336,4.038055645644123e-16
canonical,zero,441,0.01065752952139959,1.3899725562405536e-16
canonical,one,441,0.017852100961553024,3.658472793569406e-16
canonical,plus,441,0.023498707059867677,4.159702679378319e-16
canonical,plus_i,441,0.009254733025528233,8.779331225660519e-16
canonical,zero,442,0.004822968441771437,1.154568924639013e-16
canonical,one,442,0.015249191160211353,3.9834479013071026e-16
canonical,plus,442,0.013565731490910395,6.065494804707533e-16
canonical,plus_i,442,0.010833915640817784,4.593644719207208e-16
canonical,zero,443,0.007973272395217218,1.4948502082462786e-16
canonical,one,443,0.01875504005861888,5.64120007008396e-16
canonical,plus,443,0.014117247352189286,6.285868716491725e-16
canonical,plus_i,443,0.005147533018147376,9.954239112327417e-16
canonical,zero,444,0.009615981604563499,6.557237574428129e-17
canonical,one,444,0.02079393603270453,3.9281588848466875e-16
canonical,plus,444,0.017423630788125134,4.615856256670226e-16
canonical,plus_i,444,0.0077742849088736415,6.554262461574699e-16
canonical,zero,445,0.007124745381181536,2.280450138836946e-16
canonical,one,445,0.01709602065439152,4.729814797958264e-16
canonical,plus,445,0.02198359253616492,2.2914257748026575e-16
canonical,plus_i,445,0.00924753201556809,3.127860789141867e-16
canonical,zero,446,0.007147757249949087,6.678759304977002e-16
canonical,one,446,0.0211840982793213,3.1069473753402067e-16
canonical,plus,446,0.01597131432699789,5.4255929327318645e-16
canonical,plus_i,446,0.004238361463537285,5.81163756920964e-16
canonical,zero,447,0.0093852361898854,6.702843336151691e-16
canonical,one,447,0.020541761560988196,3.095632452086634e-16
canonical,plus,447,0.009842366665822527,8.292449988467741e-16
canonical,plus_i,447,0.008927868571250448,4.328887864916737e-16
canonical,zero,448,0.00918837060944173,2.307671794362516e-16
canonical,one,448,0.019394681831659034,3.5908789046946658e-16
canonical,plus,448,0.012059617477564974,2.697878457757859e-16
canonical,plus_i,448,0.014290209014511909,5.007755077706538e-16
canonical,zero,449,0.010970843593640188,4.460407840550545e-16
canonical,one,449,0.017315322713591454,1.0222313464561716e-15
canonical,plus,449,0.004898231229799392,4.0717067877986104e-16
canonical,plus_i,449,0.010687537538167287,5.590497977950687e-16
canonical,zero,450,0.010320768170158751,2.4567681515871676e-16
canonical,one,450,0.020866473923192533,5.758633719454635e-16
canonical,plus,450,0.018708350532405795,5.411683904305139e-16
canonical,plus_i,450,0.02182322338934085,4.3950565990519835e-16
canonical,zero,451,0.011508417225900775,4.521097579141697e-16
canonical,one,451,0.021371748864848734,1.2898876410911721e-15
canonical,plus,451,0.01230624688861552,6.58498666567701e-16
canonical,plus_i,451,0.01763603333918512,1.7605974473115425e-16
canonical,zero,452,0.011786172756892501,4.521776653331034e-16
canonical,one,452,0.019106528159276926,3.6281752904522547e-16
canonical,plus,452,0.010901083060145209,8.5599507621596115e-16
canonical,plus_i,452,0.01612567597358117,1.5230042274305668e-16
canonical,zero,453,0.010361568121034807,1.2390218121658585e-16
canonical,one,453,0.01623055329301828,5.813143848185661e-16
canonical,plus,453,0.01378928693495516,2.9705335105642986e-16
canonical,plus_i,453,0.006894883901192561,6.083064095353507e-16
canonical,zero,454,0.00895648393295494,2.3052004611924836e-16
canonical,one,454,0.02136708963825503,1.124458031197549e-15
canonical,plus,454,0.012299741441312552,3.936169371082657e-16
canonical,plus_i,454,0.007955298219099642,4.896079348375016e-16
canonical,zero,455,0.012782615759669392,4.8297769096085215e-17
canonical,one,455,0.021132966469967936,1.2498249656712453e-15
canonical,plus,455,0.011216662121010768,3.856211909651672e-16
canonical,plus_i,455,0.007293842345163443,4.17173044709819e-16
canonical,zero,456,0.01006778450732853,1.399433297902354e-16
canonical,one,456,0.02044987704103977,4.426197175084425e-16
canonical,plus,456,0.00993085961378323,2.921509449162641e-16
canonical,plus_i,456,0.012218292838391634,3.937421067461103e-16
canonical,zero,457,0.008827586479314815,2.319206018020746e-16
canonical,one,457,0.020727261143422247,6.877487590826676e-16
canonical,plus,457,0.017739415976995656,6.705814189310183e-16
canonical,plus_i,457,0.018626836145036633,6.730760618732438e-16
canonical,zero,458,0.011027301451026764,7.839324014335538e-16
canonical,one,458,0.018008857342237707,5.686935467793836e-16
canonical,plus,458,0.01232305369211983,2.432800858443237e-16
canonical,plus_i,458,0.013840348065839994,7.249089560707575e-16
canonical,zero,459,0.008219440905362628,4.456172753065572e-16
canonical,one,459,0.021596669421174716,7.856913625012317e-16
canonical,plus,459,0.01917289526973902,2.0681803683099128e-16
canonical,plus_i,459,0.011873111437764065,8.319708043486548e-16
canonical,zero,460,0.0102971471565153,5.92224533826609e-17
canonical,one,460,0.020159369312046004,6.431188996729025e-16
canonical,plus,460,0.010427351923386181,4.337746423439744e-16
canonical,plus_i,460,0.013006727302837227,4.703420730121568e-16
canonical,zero,461,0.009351085511816744,1.2523469067041752e-16
canonical,one,461,0.020215699811077105,1.1207037516802333e-15
canonical,plus,461,0.01704908983033723,5.38695186200958e-16
canonical,plus_i,461,0.01282973642956051,4.516281857598801e-16
canonical,zero,462,0.007603512809114151,3.4072926206163207e-16
canonical,one,462,0.018462076200231575,4.973022514755058e-16
canonical,plus,462,0.017283568155890584,5.506415099278479e-16
canonical,plus_i,462,0.010489954526180007,5.698099222880116e-16
canonical,zero,463,0.0069849783771468695,2.3996076261977385e-16
canonical,one,463,0.02131882684599541,4.031912170122025e-16
canonical,plus,463,0.01972219348116739,5.615429612667169e-16
canonical,plus_i,463,0.01337256536112558,8.685828022870409e-16
canonical,zero,464,0.006089094763639096,1.1853630001843178e-16
canonical,one,464,0.019534336442364218,5.931437736155969e-16
canonical,plus,464,0.01081644573551517,6.221314939552228e-16
canonical,plus_i,464,0.009210775448490681,4.94757079238934e-16
canonical,zero,465,0.007252742271991435,1.281161846097121e-16
canonical,one,465,0.015296865621565542,5.639392321404605e-16
canonical,plus,465,0.008041126496965676,8.021267961861563e-16
canonical,plus_i,465,0.01171753577139961,4.896850453229505e-16
canonical,zero,466,0.010870792988805441,2.329211994322754e-16
canonical,one,466,0.0196793361205631,7.246789153508981e-16
canonical,plus,466,0.011167324495265876,4.2679717327736195e-16
canonical,plus_i,466,0.015219641881011539,5.436234237064993e-16
canonical,zero,467,0.010120945128375239,1.35406043612675e-16
canonical,one,467,0.019466083319220694,4.2500650527391757e-16
canonical,plus,467,0.0055962715527903065,4.156210650145689e-16
canonical,plus_i,467,0.009973677636349931,6.53134551896678e-16
canonical,zero,468,0.01093402905903613,1.1535330914929613e-16
canonical,one,468,0.01678790629080618,3.3407856356428036e-16
canonical,plus,468,0.013432781440183983,3.219635789173942e-16
canonical,plus_i,468,0.01578670328604259,5.283679279395109e-16
canonical,zero,469,0.011014552517838613,1.407225924707635e-16
canonical,one,469,0.013715939555824442,2.819446017475475e-16
canonical,plus,469,0.016362390908227626,4.296747788656609e-16
canonical,plus_i,469,0.01707165312593963,2.997817242397569e-16
canonical,zero,470,0.01015499297049149,1.256739515478377e-16
canonical,one,470,0.019930778706277918,8.351810816765247e-16
canonical,plus,470,0.009338097320086712,6.979802236833763e-16
canonical,plus_i,470,0.005231241771490895,4.3785061428188053e-16
canonical,zero,471,0.011436280347740328,1.3195484303812491e-16
canonical,one,471,0.015260388895491011,4.0479619914669176e-16
canonical,plus,471,0.005388159182722807,1.264088604779659e-16
canonical,plus_i,471,0.006911637116445824,7.479233661364048e-16
canonical,zero,472,0.009032612341464184,3.43929042085315e-16
canonical,one,472,0.01993573520133132,9.922294746266726e-16
canonical,plus,472,0.012414129763375666,4.622753273647896e-16
canonical,plus_i,472,0.017781666802883647,2.7948907770682296e-16
canonical,zero,473,0.010722155143128026,1.1322383036064738e-16
canonical,one,473,0.016525732136816358,3.8740981711439005e-16
canonical,plus,473,0.00989528967414741,8.305621587369724e-16
canonical,plus_i,473,0.0020490076021386786,3.872204342511156e-16
canonical,zero,474,0.00757962643114644,3.5519548680022206e-16
canonical,one,474,0.015595752129804881,1.2460207606485519e-15
canonical,plus,474,0.016822628198077543,4.579033374239253e-16
canonical,plus_i,474,0.016250766024565533,3.6413239468483254e-16
canonical,zero,475,0.010490701641964553,2.6065717501021767e-16
canonical,one,475,0.019440375502339884,3.9791787102658917e-16
canonical,plus,475,0.02582315407657102,5.584583838307926e-16
canonical,plus_i,475,0.004260109255395339,3.634509607245809e-16
canonical,zero,476,0.007673374125926094,2.2956367442916704e-16
canonical,one,476,0.015835663871298193,5.145470449878818e-16
canonical,plus,476,0.0008645787338786518,2.897773658060197e-16
canonical,plus_i,476,0.014648527222727687,1.084454025082416e-15
canonical,zero,477,0.014870475137580799,4.502119609307706e-16
canonical,one,477,0.01747395286816655,3.632331166446634e-16
canonical,plus,477,0.006793201955722777,8.078386385637067e-16
canonical,plus_i,477,0.0123737842014712,5.50006027064244e-16
canonical,zero,478,0.01358117764600033,5.08554387544259e-17
canonical,one,478,0.021453222907695954,5.30229446565174e-16
canonical,plus,478,0.009205194006868724,4.1678175583951896e-16
canonical,plus_i,478,0.01711152485758064,4.68599754755947e-16
canonical,zero,479,0.01176035667159955,5.909070933378224e-17
canonical,one,479,0.022344516559199605,1.2659946827841318e-15
canonical,plus,479,0.01812088643253368,5.045302395325464e-16
canonical,plus_i,479,-0.0058988731325649085,0.006811431982003481
canonical,zero,480,0.009526514595550425,8.346765474597022e-17
canonical,one,480,0.01432111103356359,5.461632268416715e-16
canonical,plus,480,0.008276522782225758,7.765644209838267e-16
canonical,plus_i,480,0.012620138010468055,3.8490148311801817e-16
canonical,zero,481,0.009628020392519058,2.282575445437835e-16
canonical,one,481,0.012754726363505048,4.979356147267356e-16
canonical,plus,481,0.01879315390121385,2.137065618956134e-16
canonical,plus_i,481,0.012152136459729415,1.303647433356866e-15
canonical,zero,482,0.008010193481248807,1.187296923437605e-16
canonical,one,482,0.01711073471319905,4.44326315778078e-16
canonical,plus,482,0.022209710345695917,5.751417942492942e-16
canonical,plus_i,482,0.006604678175075368,3.5128739332921603e-16
canonical,zero,483,0.008945822743821705,8.912485841370776e-16
canonical,one,483,0.019449117177309093,5.605221004769492e-16
canonical,plus,483,0.017272281010606925,1.3367724754962316e-16
canonical,plus_i,483,0.005877975766875825,1.8027775184845912e-16
canonical,zero,484,0.007294771135584624,1.2625588997382582e-16
canonical,one,484,0.02230885209349598,2.9001076642625254e-16
canonical,plus,484,0.02221412474566282,1.2956204166528423e-15
canonical,plus_i,484,0.013786455106158921,1.0013051710932847e-15
canonical,zero,485,0.009210477722520158,3.546592191846653e-16
canonical,one,485,0.022404975242988397,3.6906687860299594e-16
canonical,plus,485,0.015645809250377465,5.818197789796658e-16
canonical,plus_i,485,0.019246505963293976,5.036997463437825e-16
canonical,zero,486,0.009111511015419705,2.4146528468115896e-16
canonical,one,486,0.018563321185408866,6.151446494812007e-16
canonical,plus,486,0.007387893539723171,7.391845834340054e-16
canonical,plus_i,486,0.01864506463465105,3.457467520484752e-16
canonical,zero,487,0.009038778938767037,3.8060283740473106e-17
canonical,one,487,0.019160603264237578,7.728168900794414e-16
canonical,plus,487,0.012580703549676438,8.83270704303854e-16
canonical,plus_i,487,0.00801315279471687,2.5526991597459137e-16
canonical,zero,488,0.01290559242758177,1.24099430730512e-16
canonical,one,488,0.014251007555734333,7.4749253954070475e-16
canonical,plus,488,0.015711296451752284,3.4521650956002304e-16
canonical,plus_i,488,0.013343234874824151,6.584196170313667e-16
canonical,zero,489,0.01419426443294687,1.1724241660193855e-16
canonical,one,489,0.020283343218474328,6.950641623657383e-16
canonical,plus,489,0.0220092906870058,8.154042280412721e-16
canonical,plus_i,489,0.0020456025313283143,2.526540029903613e-16
canonical,zero,490,0.01143951662663612,4.535334193033244e-16
canonical,one,490,0.01498236449458799,7.030576347472653e-16
canonical,plus,490,0.006612507531260235,4.966659031203136e-16
canonical,plus_i,490,-0.002160660988233925,0.002494916406368666
canonical,zero,491,0.00957220314354976,2.252105838350271e-16
canonical,one,491,0.020569235880202076,4.634149479035234e-16
canonical,plus,491,0.018436935223022498,3.940610616354997e-16
canonical,plus_i,491,0.007357392288641532,2.1414040113918771e-16
canonical,zero,492,0.009363549487430456,1.215208309361572e-16
canonical,one,492,0.019663613905854017,2.6894412419702587e-16
canonical,plus,492,0.012776327723061079,4.035390581928957e-16
canonical,plus_i,492,0.015804336889179205,5.543241662149158e-16
canonical,zero,493,0.004494792254004937,1.406079388466598e-16
canonical,one,493,0.02004163290600668,7.15588760352463e-16
canonical,plus,493,0.02311584930072842,9.5409164757302e-16
canonical,plus_i,493,0.01660057206602589,3.871714952882663e-16
canonical,zero,494,0.009923752460772518,1.1979330129368038e-16
canonical,one,494,0.020361692787963244,2.9620709919596813e-16
canonical,plus,494,0.007342902686745035,3.5189668497020977e-16
canonical,plus_i,494,0.018474930857721183,8.157557896035357e-16
canonical,zero,495,0.01225237641119794,3.3395598766408523e-16
canonical,one,495,0.01630747983169114,4.9764116529518645e-16
canonical,plus,495,0.015026661630957871,5.62278243272001e-16
canonical,plus_i,495,0.012761921702572052,4.630750468378102e-16
canonical,zero,496,0.005342172130190765,6.877659020600154e-16
canonical,one,496,0.018103983334588084,3.587541293038938e-16
canonical,plus,496,0.013343034373422595,2.821393213409361e-16
canonical,plus_i,496,0.0012926140298211138,8.36641324498233e-16
canonical,zero,497,0.008230870871395311,2.3324957426929133e-16
canonical,one,497,0.021155895186003162,6.211737059581647e-16
canonical,plus,497,0.02249908154709372,6.411912616170818e-16
canonical,plus_i,497,0.010184719301777752,6.345915245557848e-16
canonical,zero,498,0.012444558988410386,5.612076406242024e-16
canonical,one,498,0.018218559526044776,5.419060736686679e-16
canonical,plus,498,0.015967534035348726,3.1500877943164415e-16
canonical,plus_i,498,0.005839305450475771,1.0280852986383618e-15
canonical,zero,499,0.010093888111959515,2.279555114344769e-16
canonical,one,499,0.018014668962509087,6.894638793933047e-16
canonical,plus,499,0.01084769006726961,4.038373518754868e-16
canonical,plus_i,499,0.011256870765111858,2.3410814759621373e-16
noncanonical,zero,0,0.007113062787310379,4.46341687260332e-16
noncanonical,one,0,-0.0015736699309214818,0.001817117516466194
noncanonical,plus,0,0.00965933839746883,8.79324083391274e-16
noncanonical,plus_i,0,0.011662855734935165,2.823620504290333e-16
noncanonical,zero,1,0.001512884067936006,3.3433462071800557e-16
noncanonical,one,1,0.0032519656596856164,3.950325691549108e-16
noncanonical,plus,1,0.010267935671740218,5.061574124907616e-16
noncanonical,plus_i,1,0.005920704917163164,6.132744329549498e-16
noncanonical,zero,2,-0.0013053183374434829,0.0015072517870021375
noncanonical,one,2,0.0025767790518372497,4.772634811247704e-16
noncanonical,plus,2,0.0056941188763479245,4.338855180785759e-16
noncanonical,plus_i,2,0.00631863460356635,7.860386491202874e-16
noncanonical,zero,3,0.002076828166313778,3.422508744630747e-17
noncanonical,one,3,0.002271638483781951,5.339600486979375e-16
noncanonical,plus,3,-0.001544116574689467,0.001782992240114119
noncanonical,plus_i,3,0.002024055196600554,7.713476177803522e-16
noncanonical,zero,4,-0.0045476900842464155,0.005251220188661306
noncanonical,one,4,-0.0033772842493547234,0.0038997519409895397
noncanonical,plus,4,0.007797677065816074,9.34783092641429e-16
noncanonical,plus_i,4,0.009459617611854015,8.087430799332399e-16
noncanonical,zero,5,0.004315185333509125,2.266353421412581e-16
noncanonical,one,5,0.008503660787054845,7.223436905473089e-16
noncanonical,plus,5,0.009311981580361912,5.053338736939928e-16
noncanonical,plus_i,5,0.004409051422639461,1.0766361443458765e-15
noncanonical,zero,6,0.0002731462704390385,3.3489543210826746e-16
noncanonical,one,6,-0.001552496194901319,0.0017926681920842323
noncanonical,plus,6,0.013754925374874655,6.746890374827735e-16
noncanonical,plus_i,6,0.011359899965285771,5.450918263187354e-16
noncanonical,zero,7,0.007912195915386389,3.385086848422611e-16
noncanonical,one,7,0.007005888177328202,6.647268895909668e-16
noncanonical,plus,7,0.011766571447996194,1.7198337874055661e-16
noncanonical,plus_i,7,0.009933752029374502,2.879889150285631e-16
noncanonical,zero,8,0.002704406133881864,2.249466861552303e-16
noncanonical,one,8,0.004704779052911142,3.3308967062013555e-16
noncanonical,plus,8,0.011783562975996155,2.492672990109541e-16
noncanonical,plus_i,8,0.0074079325467741285,2.779574998674131e-16
noncanonical,zero,9,0.004892209505711836,8.318777417957435e-17
noncanonical,one,9,-0.003229259645631564,0.003728827851376963
noncanonical,plus,9,0.011836338329925172,5.083109806014496e-16
noncanonical,plus_i,9,0.003410963027852418,2.268287761637475e-16
noncanonical,zero,10,0.0027259692662032005,3.342586681818395e-16
noncanonical,one,10,0.00463628475863541,1.2824658255679275e-15
noncanonical,plus,10,0.004695618528576127,4.090509590289288e-16
noncanonical,plus_i,10,0.008819592482222336,3.0641694101017215e-16
noncanonical,zero,11,0.0007461282574958497,3.3515107561185747e-16
noncanonical,one,11,0.007843934224616605,3.667648108835546e-16
noncanonical,plus,11,0.010139739239465456,3.394341785653474e-16
noncanonical,plus_i,11,0.004263644479329781,3.0809064878233967e-16
noncanonical,zero,12,0.002310405912009834,5.748695524437692e-16
noncanonical,one,12,-0.0038011449724225208,0.004389184146113771
noncanonical,plus,12,0.007238632265960567,1.1925571386910227e-15
noncanonical,plus_i,12,0.00867404118420613,6.099323264778638e-16
noncanonical,zero,13,0.002486908930939482,1.1471258636580396e-16
noncanonical,one,13,0.004188645623982153,7.962446893153478e-16
noncanonical,plus,13,0.0014979910048370307,1.432066501325478e-16
noncanonical,plus_i,13,0.011425003277979384,6.009633961862223e-16
noncanonical,zero,14,0.0024007133905198353,4.447378941909356e-16
noncanonical,one,14,0.0022867442312537465,3.3358939923615745e-16
noncanonical,plus,14,0.011651594473110434,2.295082120748227e-16
noncanonical,plus_i,14,0.008484049859401797,8.537730218062125e-16
noncanonical,zero,15,0.004002599083632609,1.1290496418695332e-16
noncanonical,one,15,0.00368598776121381,6.495365772250579e-16
noncanonical,plus,15,0.003585094390350099,7.521329198927088e-16
noncanonical,plus_i,15,0.0037503861638383297,3.3441041539859383e-16
noncanonical,zero,16,0.008521233819808497,1.3871281069405136e-16
noncanonical,one,16,0.0006704606783751058,6.136251747509746e-16
noncanonical,plus,16,0.005658171601107414,7.118916047797502e-16
noncanonical,plus_i,16,0.010073714261869104,4.688109500810525e-16
noncanonical,zero,17,-0.0014246482594476792,0.0016450421121851548
noncanonical,one,17,0.0039863775717062155,7.455578192404371e-16
noncanonical,plus,17,0.004835208693328406,2.509193333824049e-16
noncanonical,plus_i,17,0.010081362398864714,6.087347115917726e-16
noncanonical,zero,18,-0.00036461676233573496,0.0004210231717711928
noncanonical,one,18,0.005586954047467414,1.164076089297657e-15
noncanonical,plus,18,0.005538991200197754,3.6938715508954014e-16
noncanonical,plus_i,18,0.0078418226889624,3.498323765671464e-16
noncanonical,zero,19,0.005308279531127755,1.234288819737951e-16
noncanonical,one,19,0.004846143430383526,4.5689738335482345e-16
noncanonical,plus,19,0.002569874776168927,3.3225728925846606e-16
noncanonical,plus_i,19,-0.001604524954305027,0.0018527458285787551
noncanonical,zero,20,0.006213573241954045,1.466361894369874e-16
noncanonical,one,20,-0.0019856912624206823,0.002292878769772192
noncanonical,plus,20,0.00969102883423825,7.137783718975811e-16
noncanonical,plus_i,20,-0.0017255181901333775,0.0019924567831299898
noncanonical,zero,21,0.005504227744268508,1.9570975429751428e-17
noncanonical,one,21,-0.004157086156671524,0.004800189623197572
noncanonical,plus,21,0.006148644537894942,5.892300420937762e-16
noncanonical,plus_i,21,0.008643585731696343,4.1732686615597906e-16
noncanonical,zero,22,-0.00039781096594999004,0.0004593525365556586
noncanonical,one,22,0.00315762402000165,8.414156030622e-16
noncanonical,plus,22,0.005976812198058811,4.407508934318326e-16
noncanonical,plus_i,22,0.0006308887159114373,6.707789120287245e-16
noncanonical,zero,23,0.0058168445012175335,2.3777213647081117e-16
noncanonical,one,23,0.0034878515277294883,3.3883581628683716e-16
noncanonical,plus,23,0.006102030127337605,7.3197185870834775e-16
noncanonical,plus_i,23,0.005751935173266091,8.065671374358096e-16
noncanonical,zero,24,0.006802363403581926,3.362019857067304e-16
noncanonical,one,24,-0.003288868807375578,0.0037976585825351713
noncanonical,plus,24,0.008055348407071186,4.995725964521136e-16
noncanonical,plus_i,24,0.007832495643176028,1.718525767893961e-16
noncanonical,zero,25,0.0003721366594891597,2.248354043800968e-16
noncanonical,one,25,0.0016002338146562996,1.132605903120136e-15
noncanonical,plus,25,0.0045520678861165065,7.308594540684433e-16
noncanonical,plus_i,25,-0.0004972017964856124,0.000574119182085026
noncanonical,zero,26,-0.004994094995953236,0.0057666841805444685
noncanonical,one,26,0.0034679934887941527,1.9828969946046992e-16
noncanonical,plus,26,0.008721554325905252,2.394338930183074e-16
noncanonical,plus_i,26,0.0015762276347228016,5.335311190980069e-16
noncanonical,zero,27,-0.001469094555102219,0.0016963642737067156
noncanonical,one,27,0.001369688025103298,2.0830941314330303e-15
noncanonical,plus,27,0.012920551405297454,4.060309198476348e-16
noncanonical,plus_i,27,0.009459371984584738,2.0893878328661255e-16
noncanonical,zero,28,0.0014544856848434334,2.5412556414714e-16
noncanonical,one,28,0.00039798136819264727,1.2208188196489214e-15
noncanonical,plus,28,0.01021296797107869,4.3470404333474806e-16
noncanonical,plus_i,28,0.0009669088591298554,5.621879224468777e-16
noncanonical,zero,29,0.00761667505209828,2.258832254741812e-16
noncanonical,one,29,0.002472000793311747,5.424421123475892e-16
noncanonical,plus,29,0.009807032407474723,7.727518928122002e-16
noncanonical,plus_i,29,0.007805493871070254,2.8854349696839917e-16
noncanonical,zero,30,-0.003022212443937019,0.0034897503361105532
noncanonical,one,30,0.002105866102556394,4.54941050268425e-16
noncanonical,plus,30,0.007268856879226923,7.516989388862775e-16
noncanonical,plus_i,30,-0.0016169251441901726,0.0018670643345151752
noncanonical,zero,31,-0.0008664040921338208,0.0010004372716408557
noncanonical,one,31,-0.0007345611881170891,0.0008481981993911897
noncanonical,plus,31,0.011191396041330768,4.816958115741368e-16
noncanonical,plus_i,31,0.0054067762959747225,7.112458846064846e-16
noncanonical,zero,32,0.0010334178090312827,1.3908247566509435e-17
noncanonical,one,32,0.0008987027650059345,9.516652119086504e-16
noncanonical,plus,32,0.01053060432549435,7.628615370262299e-16
noncanonical,plus_i,32,0.002776101568275365,6.583715542730284e-16
noncanonical,zero,33,0.0011409213640332283,4.4850593725072775e-16
noncanonical,one,33,0.0053031415497244525,3.438015859154921e-16
noncanonical,plus,33,0.011377546269891965,2.282727361246348e-16
noncanonical,plus_i,33,0.009212551070479011,2.7047243717407136e-16
noncanonical,zero,34,0.0032472282517597264,1.167568454811624e-16
noncanonical,one,34,-0.00013658682891044816,0.00015771688487839814
noncanonical,plus,34,0.005313795480536131,1.9686627660738398e-16
noncanonical,plus_i,34,0.003986628570028539,2.6002233341168217e-16
noncanonical,zero,35,0.008622937473273338,4.450906500769117e-16
noncanonical,one,35,0.0024061606006890177,7.836580490090782e-16
noncanonical,plus,35,0.010467003991037439,4.787686535058835e-16
noncanonical,plus_i,35,0.006350337694803232,3.740784719057698e-16
noncanonical,zero,36,-9.9357272689643e-05,0.00011472789626656765
noncanonical,one,36,-0.009142828877123088,0.010557229426723283
noncanonical,plus,36,0.013139868444809091,5.255972385667617e-16
noncanonical,plus_i,36,0.006517850590365845,2.2113727290708807e-16
noncanonical,zero,37,-0.0023523598839664947,0.0027162712244778895
noncanonical,one,37,-0.002252960927662029,0.0026014951961184185
noncanonical,plus,37,0.008467877455370702,5.300279314824882e-16
noncanonical,plus_i,37,0.01137071738487206,1.8980066889989585e-16
noncanonical,zero,38,0.001973290456559845,1.4636110918695555e-16
noncanonical,one,38,0.0009457901149141589,5.336143948760132e-16
noncanonical,plus,38,0.004658152129741151,3.4249491871800407e-16
noncanonical,plus_i,38,0.002709857825110458,5.910562723714022e-16
noncanonical,zero,39,0.004582801026748771,2.2452426542508684e-16
noncanonical,one,39,0.0015935268052073486,1.0542469281484226e-15
noncanonical,plus,39,0.009832596832867123,2.294284518443543e-16
noncanonical,plus_i,39,0.002257551767676714,5.450903629245844e-16
noncanonical,zero,40,-0.001470946174044586,0.001698502339096159
noncanonical,one,40,0.0015021039473378612,4.3065091694708955e-16
noncanonical,plus,40,0.015070243710050108,2.1651364010375e-16
noncanonical,plus_i,40,0.0042033124933145045,2.0617432079733716e-16
noncanonical,zero,41,0.007002858887467284,4.559811741464634e-16
noncanonical,one,41,0.0022229679848838496,4.990532797182867e-16
noncanonical,plus,41,0.007790781535508946,8.271411415771794e-16
noncanonical,plus_i,41,0.004520405968739863,6.937348743772501e-16
noncanonical,zero,42,0.0012295053645982148,2.7092149234145127e-17
noncanonical,one,42,-0.003530341332648531,0.004076487037471654
noncanonical,plus,42,0.0072581360168350074,4.573859237666917e-16
noncanonical,plus_i,42,0.008198934091949899,6.093449250503613e-16
noncanonical,zero,43,0.005485354864080265,1.1381334521189192e-16
noncanonical,one,43,0.004083510847521482,7.93118618675841e-16
noncanonical,plus,43,0.007966602866061781,4.766454620454386e-16
noncanonical,plus_i,43,0.002182482019521495,5.647907061278579e-16
noncanonical,zero,44,0.002003597170721127,1.3880464173855843e-16
noncanonical,one,44,0.0004074429766385434,9.899360762466108e-16
noncanonical,plus,44,0.008506737440797506,9.360438719594613e-16
noncanonical,plus_i,44,0.009088712174180523,4.657304485655563e-16
noncanonical,zero,45,-0.003267676711258252,0.0037731880577393413
noncanonical,one,45,0.004627528210719629,1.3117715507278596e-15
noncanonical,plus,45,0.006608443259905506,9.214483668457954e-16
noncanonical,plus_i,45,0.00991634291442544,5.75640743400691e-16
noncanonical,zero,46,0.0015433168060630584,1.1729125902261975e-16
noncanonical,one,46,0.0015289960161836622,7.673158034251297e-16
noncanonical,plus,46,0.00980475588488154,9.505418038502511e-16
noncanonical,plus_i,46,0.008149257115899753,6.220756389257956e-16
noncanonical,zero,47,-0.00048236373716417966,0.0005569856669981485
noncanonical,one,47,0.00359657413238512,6.393028425910747e-16
noncanonical,plus,47,0.0008425091586531024,4.445621318168687e-16
noncanonical,plus_i,47,0.005384299718664609,6.33117628294708e-16
noncanonical,zero,48,0.0026521817042838526,3.435694185531359e-16
noncanonical,one,48,0.000998855633404884,1.035287711225113e-15
noncanonical,plus,48,0.006315009295865741,9.234351987374596e-16
noncanonical,plus_i,48,0.00733471407654096,5.405675031343656e-16
noncanonical,zero,49,-0.00772048451169021,0.008914847622197158
noncanonical,one,49,0.007327424924706151,7.92085429111831e-16
noncanonical,plus,49,0.013130586150479288,6.446123811361197e-16
noncanonical,plus_i,49,0.0033345793500024652,3.5664708101622474e-16
noncanonical,zero,50,0.002488961932281105,2.2298794278786893e-16
noncanonical,one,50,-5.7837747133326976e-05,6.678527775344746e-05
noncanonical,plus,50,0.005713409050462251,4.043924695807621e-16
noncanonical,plus_i,50,0.0043899557109261635,4.1967403233249104e-16
noncanonical,zero,51,0.0005803533971692772,1.3119836928206222e-16
noncanonical,one,51,-0.005383945437570345,0.006216844695367182
noncanonical,plus,51,0.009043134732733072,5.494752013165022e-16
noncanonical,plus_i,51,0.0034121505824333508,3.1911368790679456e-16
noncanonical,zero,52,0.004823807544048496,1.1718144153131298e-16
noncanonical,one,52,-0.006502772103765302,0.0075087544491751895
noncanonical,plus,52,0.006811859993397104,1.1722179404615417e-16
noncanonical,plus_i,52,0.008266130857893177,5.254266112130637e-16
noncanonical,zero,53,0.0059349212951729175,1.1580152215928176e-16
noncanonical,one,53,-0.005745890695129199,0.006634783079133968
noncanonical,plus,53,0.0070902829516461645,1.1701068293767687e-16
noncanonical,plus_i,53,0.006480003169868357,1.3228216302420838e-15
noncanonical,zero,54,0.003546129665233287,2.3132749808042064e-16
noncanonical,one,54,0.0041674739414865915,4.735855901648093e-16
noncanonical,plus,54,0.0028211370747970293,3.589995263182867e-16
noncanonical,plus_i,54,0.007814883297162425,4.832202360411413e-16
noncanonical,zero,55,0.005812707477098834,3.3435757889851156e-16
noncanonical,one,55,0.0037343481039922143,5.152096781568904e-16
noncanonical,plus,55,0.009611859250205896,9.35903260779566e-16
noncanonical,plus_i,55,0.006967142620933665,2.8015985536085893e-16
noncanonical,zero,56,0.006711377809640388,2.2608009774304607e-16
noncanonical,one,56,0.0015101370350120637,6.588050634381453e-16
noncanonical,plus,56,0.012985707044209293,9.702791230313645e-16
noncanonical,plus_i,56,0.011195071044040512,1.2782327398258609e-15
noncanonical,zero,57,0.0056885708236227555,2.333620193758072e-16
noncanonical,one,57,-0.005548262394644775,0.00640658157416549
noncanonical,plus,57,0.013005046581769436,9.39889285341713e-16
noncanonical,plus_i,57,0.010658714410804841,1.2540503060936999e-16
noncanonical,zero,58,-0.0007813245959185954,0.0009021959315561505
noncanonical,one,58,0.00012058440604123714,3.083140081847775e-16
noncanonical,plus,58,0.0011550041970895411,2.007263218655904e-16
noncanonical,plus_i,58,-0.001911367180642462,0.002207056712528165
noncanonical,zero,59,0.004802953934412671,1.15161487669789e-16
noncanonical,one,59,-0.0015188147107090303,0.0017537761641542426
noncanonical,plus,59,0.008735423521530901,2.9951767416740865e-16
noncanonical,plus_i,59,0.0027551633229295786,6.293392322280785e-16
noncanonical,zero,60,0.003515523881425744,1.262802808972213e-16
noncanonical,one,60,0.0014282184597172926,1.022163962842998e-15
noncanonical,plus,60,0.012589572283974402,4.26336308290865e-16
noncanonical,plus_i,60,0.00843164149290667,2.642629313169504e-16
noncanonical,zero,61,-0.0009624229577146433,0.0011113103074217058
noncanonical,one,61,-0.0024351216518197563,0.0028118362823752133
noncanonical,plus,61,0.00942634564729364,1.0051928420358433e-15
noncanonical,plus_i,61,0.0063729386228893355,3.1630352965277196e-16
noncanonical,zero,62,0.0032773592450472382,2.229752379660014e-16
noncanonical,one,62,0.00011299984402225918,4.4314970354407084e-16
noncanonical,plus,62,0.008203424085425483,3.5252466428198256e-16
noncanonical,plus_i,62,0.004906691253979447,6.175606437935513e-16
noncanonical,zero,63,0.0037081372301313907,3.3515563514447603e-16
noncanonical,one,63,0.005535086264837851,8.656450014690886e-16
noncanonical,plus,63,0.010769026275359337,4.576507141428946e-16
noncanonical,plus_i,63,0.006693159518405699,3.5966736610400863e-16
noncanonical,zero,64,-0.001056565813630552,0.0012200171138325566
noncanonical,one,64,0.0016238945552762734,8.721641572829205e-16
noncanonical,plus,64,0.0074099329201142905,4.2327886000940604e-16
noncanonical,plus_i,64,0.004382539062603589,2.8934347765423015e-16
noncanonical,zero,65,-1.7662159072340256e-05,2.0394504589792528e-05
noncanonical,one,65,0.004963552359862013,5.729431886784263e-16
noncanonical,plus,65,0.006986711751134123,4.751084268656981e-16
noncanonical,plus_i,65,0.005663782444772204,6.14125186959416e-16
noncanonical,zero,66,5.96355725888917e-05,2.289767224650932e-16
noncanonical,one,66,-0.0024720469184708817,0.002854473907657109
noncanonical,plus,66,0.006821395109835827,2.0988205093031276e-16
noncanonical,plus_i,66,-0.0019408267244313904,0.0022410736636017305
noncanonical,zero,67,-0.0026014695755791394,0.0030039183194984814
noncanonical,one,67,0.0008324802032144706,4.804138853487985e-16
noncanonical,plus,67,0.005602200026533094,5.004203689416723e-16
noncanonical,plus_i,67,0.009277682928072191,2.375421887100365e-16
noncanonical,zero,68,0.0006309151630450524,1.1379640559723572e-16
noncanonical,one,68,-0.0009810360579471566,0.0011328028642812074
noncanonical,plus,68,0.005203727858917632,7.287423427054184e-16
noncanonical,plus_i,68,0.0048926120843933016,6.767392293225608e-16
noncanonical,zero,69,0.004766654601498352,2.271722061930916e-16
noncanonical,one,69,0.006951660467676836,5.670406397601672e-16
noncanonical,plus,69,0.010276421100427304,5.3711242123892905e-16
noncanonical,plus_i,69,0.0010989204997665168,5.798558111602601e-16
noncanonical,zero,70,0.006893455808587477,1.1189974934759746e-16
noncanonical,one,70,-0.00043772907931974856,0.0005054460035546355
noncanonical,plus,70,0.008807166737016878,4.140682647527377e-16
noncanonical,plus_i,70,0.005277020484186831,4.351364613244386e-16
noncanonical,zero,71,0.004798871022331136,3.5519363351497984e-16
noncanonical,one,71,0.004934342514023157,6.828501057360555e-16
noncanonical,plus,71,0.0021458011082674906,2.8681309758687824e-16
noncanonical,plus_i,71,0.00867789702652718,6.07773837471029e-16
noncanonical,zero,72,0.002921192073571776,1.1612610039363796e-16
noncanonical,one,72,0.002555084508966168,3.328733002974063e-16
noncanonical,plus,72,0.0071439089824779645,4.708752820052388e-16
noncanonical,plus_i,72,0.004187602821877601,2.59794749988119e-16
noncanonical,zero,73,0.004106882931763912,1.153619897548291e-16
noncanonical,one,73,0.004005561523183674,7.600297132607863e-16
noncanonical,plus,73,0.008130695460652659,5.769569407263399e-16
noncanonical,plus_i,73,0.009300272249861923,2.809095645475882e-16
noncanonical,zero,74,0.0033334026592042633,1.0209892195093922e-16
noncanonical,one,74,0.003915293939135837,5.894255114271206e-16
noncanonical,plus,74,0.005984102191850009,9.515960383428696e-17
noncanonical,plus_i,74,0.007599102523911848,2.3486772144976367e-16
noncanonical,zero,75,-0.0034860686360016673,0.0040253653308180495
noncanonical,one,75,0.002398882178705675,4.979397356688301e-16
noncanonical,plus,75,0.008364468495747495,4.077421311320116e-16
noncanonical,plus_i,75,0.008604854693123295,4.487610104490572e-16
noncanonical,zero,76,0.006247325246296415,1.2041977338307341e-16
noncanonical,one,76,0.003776896346491843,4.4170614730816267e-16
noncanonical,plus,76,0.0075498216668302715,4.755144362623992e-16
noncanonical,plus_i,76,0.010695624857296403,3.9714560887500734e-16
noncanonical,zero,77,0.001246836777274822,4.45489688138826e-16
noncanonical,one,77,0.000814836355011884,6.961462394106327e-16
noncanonical,plus,77,0.009994914722397783,8.495977576612314e-16
noncanonical,plus_i,77,0.008342157370045334,7.780601658743625e-16
noncanonical,zero,78,0.007933756526336471,3.340573104445029e-16
noncanonical,one,78,0.004659022557187542,6.198100779881887e-16
noncanonical,plus,78,0.012246211966409595,3.3612925285989963e-16
noncanonical,plus_i,78,0.0025643715626121758,1.169266196007138e-15
noncanonical,zero,79,0.006204584286441802,7.811994542868958e-16
noncanonical,one,79,0.0052650417229254095,4.623907406233723e-16
noncanonical,plus,79,0.007851886743817295,5.597811309095971e-16
noncanonical,plus_i,79,0.0063103857792577095,6.514689287806799e-16
noncanonical,zero,80,0.0015905727331529652,4.473922134260818e-16
noncanonical,one,80,-0.003375844045237139,0.003898088936519621
noncanonical,plus,80,0.008035488550309527,4.102585491707473e-16
noncanonical,plus_i,80,0.007072318712514558,6.795993701740042e-16
noncanonical,zero,81,-0.0016925938293662346,0.0019544390060265834
noncanonical,one,81,0.006345576343706467,4.504122160799021e-16
noncanonical,plus,81,0.005798835412829153,9.062871835871007e-16
noncanonical,plus_i,81,0.008497314906267244,1.5860629012050314e-16
noncanonical,zero,82,0.0011547304605823386,2.247716107532301e-16
noncanonical,one,82,0.00035107268742739866,8.94116191169822e-16
noncanonical,plus,82,0.007735005715057391,3.3112847860632003e-16
noncanonical,plus_i,82,0.009599973048020396,3.6921527183373003e-16
noncanonical,zero,83,0.0018743423122555417,5.575908788540764e-16
noncanonical,one,83,-0.007003902083741847,0.008087409506852179
noncanonical,plus,83,0.008640703448966475,5.178104684268789e-16
noncanonical,plus_i,83,0.00781296663565013,2.1692195117821578e-16
noncanonical,zero,84,0.002583342818342882,2.2856460760889655e-16
noncanonical,one,84,0.006419868530108085,4.691154123729963e-16
noncanonical,plus,84,0.007032884738830325,3.162797441239503e-16
noncanonical,plus_i,84,0.00534919322208594,6.722495529566866e-16
noncanonical,zero,85,0.00517681790074281,6.738892770497725e-16
noncanonical,one,85,0.004142774786733096,3.20838757699777e-16
noncanonical,plus,85,0.011137605413782937,6.189584765201577e-16
noncanonical,plus_i,85,0.004932537736688784,2.93025169152658e-16
noncanonical,zero,86,0.004785118280444165,1.130685123296803e-16
noncanonical,one,86,-0.0018849072974690205,0.0021765034711822575
noncanonical,plus,86,0.00619463463109067,1.510455119397577e-16
noncanonical,plus_i,86,0.008032615731513471,4.673454187635527e-16
noncanonical,zero,87,0.004380119387450103,4.568487038509022e-16
noncanonical,one,87,0.00659729702213795,6.572852830557103e-16
noncanonical,plus,87,0.010897323541243203,2.291004236924011e-16
noncanonical,plus_i,87,0.00422069254212364,4.435166700221148e-16
noncanonical,zero,88,-0.0002675191660198794,0.0003089045250297226
noncanonical,one,88,-0.00030756621857740596,0.0003551468781784106
noncanonical,plus,88,0.0029065979197527617,3.4142227055830883e-16
noncanonical,plus_i,88,0.0063523432948521565,3.82540944021043e-16
noncanonical,zero,89,0.0040655724440390095,4.454506606967051e-16
noncanonical,one,89,0.005369155977816706,1.2760782390904784e-15
noncanonical,plus,89,0.011922743069973579,3.8967330175882916e-16
noncanonical,plus_i,89,0.009832108901045161,4.487771457969545e-16
noncanonical,zero,90,0.004024833326406595,1.4222881305673162e-16
noncanonical,one,90,0.002588915026322057,7.040074604176032e-16
noncanonical,plus,90,0.010624235185235994,7.6853487262499905e-16
noncanonical,plus_i,90,0.004002228131266994,6.11049803768552e-16
noncanonical,zero,91,0.0012333002305729413,2.2831969489027037e-16
noncanonical,one,91,-0.0023796988535255974,0.0027478395473466825
noncanonical,plus,91,0.006989669300425689,2.1677571152060745e-16
noncanonical,plus_i,91,0.009178878185505899,2.783694092419026e-16
noncanonical,zero,92,-0.001985184271300749,0.0022922933468530957
noncanonical,one,92,-0.0013966439695200404,0.0016127055435288268
noncanonical,plus,92,0.007494475906811945,2.337727072236632e-16
noncanonical,plus_i,92,0.009406339223158599,6.13957336114308e-16
noncanonical,zero,93,0.0028739069372791383,1.1361611102257418e-16
noncanonical,one,93,0.0078684820118684,1.5137450419075558e-16
noncanonical,plus,93,0.011028502491683533,5.783675447501159e-16
noncanonical,plus_i,93,0.00800573956556189,8.762869936819343e-16
noncanonical,zero,94,0.004768437702081905,7.798993681125919e-16
noncanonical,one,94,0.0074983088146987524,2.7910527049884924e-16
noncanonical,plus,94,0.005764202752402424,2.241210357227791e-16
noncanonical,plus_i,94,0.010774590665146948,1.430502772360356e-16
noncanonical,zero,95,0.0008341402101124731,2.2496816258258286e-16
noncanonical,one,95,0.005185416274917914,4.717013161331265e-16
noncanonical,plus,95,0.012393686669743338,9.659961236802334e-16
noncanonical,plus_i,95,0.010640914720356618,3.2729835133048877e-16
noncanonical,zero,96,0.003909548922211892,3.4283425900866277e-16
noncanonical,one,96,0.005473493427059661,2.796520496607995e-16
noncanonical,plus,96,0.00541853347683147,2.9944666929695713e-16
noncanonical,plus_i,96,0.006098123049884035,1.7614838870894345e-16
noncanonical,zero,97,0.001885065309120866,1.131774390923918e-16
noncanonical,one,97,0.007553270196342068,5.059987452367186e-16
noncanonical,plus,97,0.005365053731299537,3.7088526357282486e-16
noncanonical,plus_i,97,0.006119406667454558,9.765874018687774e-16
noncanonical,zero,98,-0.0010489587647828785,0.0012112332504323814
noncanonical,one,98,0.00388409218716532,3.4886263306752096e-16
noncanonical,plus,98,0.0048163313389082045,1.1657824154013992e-15
noncanonical,plus_i,98,0.006083539552415441,5.774574360380282e-16
noncanonical,zero,99,0.006398935783918125,9.513934296823657e-17
noncanonical,one,99,0.007244443845140865,5.003617341221512e-16
noncanonical,plus,99,0.007843766704837225,3.127293164313913e-16
noncanonical,plus_i,99,0.010823521904916067,5.750381216452958e-16
noncanonical,zero,100,0.006071868121444091,1.1658932156109083e-16
noncanonical,one,100,-0.005989325563410509,0.006915877452598537
noncanonical,plus,100,0.00449472410403649,2.100887284115431e-16
noncanonical,plus_i,100,0.0026078152070031085,9.019438187814013e-16
noncanonical,zero,101,-0.0049104438328101165,0.005670092137426863
noncanonical,one,101,-0.0017245448239960842,0.001991332836727362
noncanonical,plus,101,0.010237495686523315,3.9022073452322625e-16
noncanonical,plus_i,101,0.011186529953725788,9.243478279052178e-16
noncanonical,zero,102,0.003925673419916958,9.379006810696122e-17
noncanonical,one,102,-0.003859677248170711,0.00445677139643286
noncanonical,plus,102,0.009401481795759066,2.7626475542773326e-16
noncanonical,plus_i,102,0.0065042330485406965,3.9665669467920594e-16
noncanonical,zero,103,0.000388528441709653,6.6862282965876e-16
noncanonical,one,103,0.00632510020923852,5.419641992777051e-16
noncanonical,plus,103,0.00678240534956294,5.085188420911823e-16
noncanonical,plus_i,103,0.007863336239881889,5.2899867272988e-16
noncanonical,zero,104,0.007104691238148045,5.559619714559928e-16
noncanonical,one,104,-0.0023861689709236316,0.0027553105953893194
noncanonical,plus,104,0.011156450665648968,3.146628918790614e-16
noncanonical,plus_i,104,0.015496057860164258,5.059450319178474e-16
noncanonical,zero,105,0.004550346164860146,5.565074884530892e-16
noncanonical,one,105,0.00797657091731921,1.0968596511222875e-15
noncanonical,plus,105,0.01069049261519895,2.3677168374508795e-16
noncanonical,plus_i,105,0.012614477381008576,2.9216832628924216e-16
noncanonical,zero,106,0.008802719031834522,6.261246425246623e-17
noncanonical,one,106,0.0024590708925144055,7.536178789815778e-16
noncanonical,plus,106,0.00991721001567417,9.803186972805959e-16
noncanonical,plus_i,106,0.007809271230383698,5.818752962460843e-16
noncanonical,zero,107,0.005225503441677413,5.4156305496919195e-17
noncanonical,one,107,0.004951072724851357,6.113588304344399e-16
noncanonical,plus,107,0.011509166055352148,4.329339694713609e-16
noncanonical,plus_i,107,0.006629369330313248,6.783060112155233e-16
noncanonical,zero,108,0.001965098293083029,8.379252123643998e-17
noncanonical,one,108,0.003472797310275512,6.171960640235117e-16
noncanonical,plus,108,0.0005002367685603688,4.474428675221636e-16
noncanonical,plus_i,108,0.009318588841245984,5.646588200712606e-16
noncanonical,zero,109,0.005383203571424515,3.348861980096118e-16
noncanonical,one,109,-0.00034236364579402317,0.0003953274861197955
noncanonical,plus,109,0.01478919993521041,6.171228479325842e-16
noncanonical,plus_i,109,0.007974089991363245,7.917411734345941e-16
noncanonical,zero,110,0.0056282389980499385,2.2489771641367383e-16
noncanonical,one,110,-0.0007625401903195907,0.000880505568297722
noncanonical,plus,110,0.0021325932875105856,7.727342469283338e-16
noncanonical,plus_i,110,0.008404473859451669,5.688329494117239e-16
noncanonical,zero,111,0.005140552365549702,3.350151467457375e-16
noncanonical,one,111,0.0003099324267325958,1.1041472339978738e-15
noncanonical,plus,111,0.009111681439114946,3.771757198987595e-16
noncanonical,plus_i,111,0.011699385765722414,3.31194927274907e-16
noncanonical,zero,112,0.007482197326821287,4.453087714861798e-16
noncanonical,one,112,0.004786243152900084,9.415437673858873e-16
noncanonical,plus,112,0.002029499549120034,1.2254228328759217e-16
noncanonical,plus_i,112,0.01243209329289172,1.9298676849388671e-16
noncanonical,zero,113,0.0031697578218722955,3.3603448641270615e-16
noncanonical,one,113,0.00014615147888174347,3.4993894475498707e-16
noncanonical,plus,113,0.015620761666345037,4.930667310228756e-16
noncanonical,plus_i,113,0.007181186840010807,2.567691080183439e-16
noncanonical,zero,114,0.00662837868767503,1.431830080516722e-16
noncanonical,one,114,0.003998109684208789,6.474105176005554e-16
noncanonical,plus,114,0.012445979425168134,7.265826645081263e-16
noncanonical,plus_i,114,0.006487698871592894,3.858741180535829e-16
noncanonical,zero,115,0.0006052294419769906,2.3003775831434505e-16
noncanonical,one,115,0.0004664545569955275,7.095173800490704e-16
noncanonical,plus,115,0.0074601654400434205,1.0795969795208733e-15
noncanonical,plus_i,115,0.004275100747060757,3.308683998097266e-16
noncanonical,zero,116,0.001680491782318721,1.1606692523298836e-16
noncanonical,one,116,0.003537027599303807,3.1308409849212813e-16
noncanonical,plus,116,0.003977443601077341,4.643603350903638e-16
noncanonical,plus_i,116,0.004903287488882734,5.307215815147891e-16
noncanonical,zero,117,-0.00120741102476709,0.0013941981603436844
noncanonical,one,117,-0.0023808088918978896,0.0027491213092524416
noncanonical,plus,117,0.0032400124119326946,7.84094306529722e-16
noncanonical,plus_i,117,0.00935089624534871,8.307222420085728e-16
noncanonical,zero,118,0.0023312026090175995,2.7499543691536923e-17
noncanonical,one,118,0.008572286751768713,1.3234030929385229e-15
noncanonical,plus,118,0.006805787786706666,8.747163590061286e-16
noncanonical,plus_i,118,0.006043805714991665,3.910637731195501e-16
noncanonical,zero,119,0.004597439399006044,3.3539166407126435e-16
noncanonical,one,119,0.004840011556580038,1.0156298558478373e-15
noncanonical,plus,119,0.005712845476618779,7.867940350314745e-16
noncanonical,plus_i,119,0.004138396908465146,3.3562990861990186e-16
noncanonical,zero,120,0.0018577319971334462,2.248780628041941e-16
noncanonical,one,120,-0.002165300811443675,0.0025002740127273155
noncanonical,plus,120,0.001303600695918298,4.755345830240591e-16
noncanonical,plus_i,120,0.00742813128725495,2.491195564183609e-16
noncanonical,zero,121,0.005767383175921331,3.7418956974219094e-17
noncanonical,one,121,0.0031447603659701456,3.964787258759114e-16
noncanonical,plus,121,0.013305453642608486,6.062559571254849e-16
noncanonical,plus_i,121,0.01239027700703479,7.703539574166836e-16
noncanonical,zero,122,0.0029386886594074454,1.1387346565392926e-16
noncanonical,one,122,-0.002472947918447591,0.0028555142928153162
noncanonical,plus,122,0.012298996045262935,5.502335532153097e-16
noncanonical,plus_i,122,0.005902757432803008,4.1493812386884716e-16
noncanonical,zero,123,0.0001753652141616034,2.229189273854093e-16
noncanonical,one,123,0.0028101250248508385,3.8991904823043023e-16
noncanonical,plus,123,0.008066567543334655,7.241820773283453e-16
noncanonical,plus_i,123,0.0029968724507966164,4.673961236162594e-16
noncanonical,zero,124,-0.002031645875890989,0.0023459425866874163
noncanonical,one,124,-0.007614910818165684,0.008792941621445671
noncanonical,plus,124,0.009204528725458358,1.8094031740151785e-16
noncanonical,plus_i,124,0.0056357659295018,7.373238019691309e-16
noncanonical,zero,125,0.0012645900084119214,4.466633470366322e-16
noncanonical,one,125,0.002462494641483928,1.994903619726385e-15
noncanonical,plus,125,0.007980313417772198,7.145668203003098e-16
noncanonical,plus_i,125,0.012367159418268114,7.20927889551781e-16
noncanonical,zero,126,0.005480734757579494,1.1869394582214834e-16
noncanonical,one,126,0.006889302085994188,4.499070633249441e-16
noncanonical,plus,126,0.006671362160314049,3.5693840662736624e-16
noncanonical,plus_i,126,0.0035596168641732367,3.311777484483445e-16
noncanonical,zero,127,0.0061486547486932636,5.563589126355204e-16
noncanonical,one,127,0.0028587060729667263,8.785836569428808e-16
noncanonical,plus,127,0.009970761759479457,8.981272176114493e-16
noncanonical,plus_i,127,0.009568729790411977,4.691905915238895e-16
noncanonical,zero,128,0.004866315155791265,3.336407741379617e-16
noncanonical,one,128,0.00483993114527109,2.498884446031655e-16
noncanonical,plus,128,0.004751579460850636,2.786574890522136e-16
noncanonical,plus_i,128,0.012047475879671737,3.420045938296815e-16
noncanonical,zero,129,0.007733387690851521,1.1184648345256877e-16
noncanonical,one,129,0.00563186363624483,9.928223465213094e-16
noncanonical,plus,129,0.0064115803883303055,5.129783712064051e-16
noncanonical,plus_i,129,0.0020325015401809546,6.018703035648472e-16
noncanonical,zero,130,-0.002018627719272443,0.0023309105142310825
noncanonical,one,130,0.007561988898223732,3.3169247814441714e-16
noncanonical,plus,130,0.00801340698973221,7.535127410218099e-16
noncanonical,plus_i,130,-0.0002634955120216568,0.00030425840959199895
noncanonical,zero,131,0.007710042211023886,1.2615662523623177e-16
noncanonical,one,131,0.0013848131299299034,7.309233237761928e-16
noncanonical,plus,131,0.006679935909204551,2.266602143466679e-16
noncanonical,plus_i,131,0.01147143203701501,7.411980342000356e-16
noncanonical,zero,132,-0.008045862750489002,0.009290562049715127
noncanonical,one,132,0.00567968889316509,8.2944796683966975e-16
noncanonical,plus,132,0.007547351201751472,4.552604040133613e-16
noncanonical,plus_i,132,0.0050972839682833955,3.7811003219940237e-16
noncanonical,zero,133,0.004353391726282785,5.611194757684049e-16
noncanonical,one,133,-0.004508650150180682,0.005206140755777166
noncanonical,plus,133,0.0066137241574157875,4.116131817340612e-16
noncanonical,plus_i,133,0.007323868741350048,6.107433923054231e-16
noncanonical,zero,134,0.0038572831468472544,4.44552401193759e-16
noncanonical,one,134,0.003700920570853291,6.818808207622525e-16
noncanonical,plus,134,0.010750934551688714,7.177128818695659e-16
noncanonical,plus_i,134,0.011154862321032603,9.532467784149704e-16
noncanonical,zero,135,0.008368429403976215,9.50933771186278e-17
noncanonical,one,135,0.001432491491161852,4.3379924771494685e-16
noncanonical,plus,135,0.004765447453405912,2.3570585152598925e-16
noncanonical,plus_i,135,0.01248922094885785,2.2225203111201865e-16
noncanonical,zero,136,0.0014482492493696408,3.449857458877697e-16
noncanonical,one,136,0.007904961692523117,7.588673499426251e-16
noncanonical,plus,136,0.010686660314287501,3.1616201658474156e-16
noncanonical,plus_i,136,0.008278424760037519,4.999390594518722e-16
noncanonical,zero,137,0.0038255135493013804,3.428263042070008e-16
noncanonical,one,137,0.0023981513965584548,1.1676225996183293e-15
noncanonical,plus,137,0.002051987836574729,7.528372619445251e-16
noncanonical,plus_i,137,0.0037678781423678,3.7512470764583224e-16
noncanonical,zero,138,0.005090554868794801,4.449190033478622e-16
noncanonical,one,138,0.0013861465903069817,5.172688682678331e-16
noncanonical,plus,138,0.004540068310873324,6.025723740178012e-16
noncanonical,plus_i,138,0.011036624441201006,4.480996532395261e-16
noncanonical,zero,139,-0.00396237383569685,0.004575355201338977
noncanonical,one,139,0.00019628128343568698,3.476316702935566e-16
noncanonical,plus,139,0.00712046619584091,4.363915764506183e-16
noncanonical,plus_i,139,0.007471355965782899,3.2896687869956454e-16
noncanonical,zero,140,-0.003665255846588302,0.00423227289935325
noncanonical,one,140,-0.0008415474302195964,0.0009717352707462684
noncanonical,plus,140,0.0037995073947214163,6.134870021304458e-16
noncanonical,plus_i,140,0.0038832239129350378,1.1972086960514157e-15
noncanonical,zero,141,0.004775008524344964,1.137687183593547e-16
noncanonical,one,141,0.0002154028299139218,5.047835036966822e-16
noncanonical,plus,141,0.007133003384227255,4.3097013172095164e-16
noncanonical,plus_i,141,0.009792293485582484,5.486681767342067e-16
noncanonical,zero,142,0.005194539761352323,1.2644493601366656e-16
noncanonical,one,142,0.005234396366806197,4.1601118509563116e-16
noncanonical,plus,142,0.002401674287579001,5.929281922614168e-16
noncanonical,plus_i,142,0.007822715131216199,7.494238817219521e-16
noncanonical,zero,143,0.008048287274835541,2.2914155709506984e-16
noncanonical,one,143,0.003435628151201563,7.06687616888477e-16
noncanonical,plus,143,0.012822586234963906,3.580229293103577e-16
noncanonical,plus_i,143,0.008913500305958739,2.6832196704549457e-16
noncanonical,zero,144,0.001188923909229706,2.4278792552854354e-16
noncanonical,one,144,-0.0008248057299707263,0.000952403620455373
noncanonical,plus,144,0.012928201753829917,5.125756605948829e-16
noncanonical,plus_i,144,0.0065452683400484025,1.0474913564775169e-15
noncanonical,zero,145,0.0056128640828825745,4.513335837284543e-16
noncanonical,one,145,-0.0030803691321005158,0.0035569038952435574
noncanonical,plus,145,0.011709188918662959,3.3039196486235454e-16
noncanonical,plus_i,145,0.006167264840554677,3.2043352632474893e-16
noncanonical,zero,146,0.0001934891721949994,3.478785627282258e-17
noncanonical,one,146,-0.001873245516631585,0.0021630376065712846
noncanonical,plus,146,0.00984281318203797,1.2386796442127674e-15
noncanonical,plus_i,146,0.0060692206450832465,1.705904522130267e-16
noncanonical,zero,147,0.005049185387348409,6.252905156749989e-17
noncanonical,one,147,0.0054594634353549365,4.507575340278513e-16
noncanonical,plus,147,0.011702563444071955,7.784000785845199e-16
noncanonical,plus_i,147,0.010397304968668891,2.4915182951927155e-16
noncanonical,zero,148,0.002425528681989135,1.4511050741320453e-16
noncanonical,one,148,0.0052429518239298116,7.734463984799936e-16
noncanonical,plus,148,0.012134493466280897,3.2403826593217455e-16
noncanonical,plus_i,148,0.005550020313748771,2.7311085005622395e-16
noncanonical,zero,149,0.0035853271107969555,3.357290805995725e-16
noncanonical,one,149,0.000388202702757492,4.3605113227918787e-16
noncanonical,plus,149,0.006220767782877006,9.807482266004037e-16
noncanonical,plus_i,149,0.011755289644118268,7.873122929566005e-16
noncanonical,zero,150,0.004751447730391177,1.1932347204180738e-16
noncanonical,one,150,-0.00033126659442803596,0.0003825137149333027
noncanonical,plus,150,0.004925859786222155,3.506943393223622e-16
noncanonical,plus_i,150,0.008759058231692705,4.744040556455588e-16
noncanonical,zero,151,-0.0011138698876333698,0.001286186158934792
noncanonical,one,151,0.002086992449507812,6.323897084508497e-16
noncanonical,plus,151,0.011163239132030186,4.0424559058129564e-16
noncanonical,plus_i,151,0.0030428877155442373,2.7797353719394905e-16
noncanonical,zero,152,0.0015107077721149922,1.0182038094857163e-16
noncanonical,one,152,0.006576738602010368,4.051444032049035e-16
noncanonical,plus,152,0.007476389333769195,3.4665892411239983e-16
noncanonical,plus_i,152,0.0021726237877618196,4.775458530860033e-16
noncanonical,zero,153,0.006156803799665989,4.529718306158904e-16
noncanonical,one,153,0.0037910549406144846,7.757753798456974e-16
noncanonical,plus,153,0.0010416893281552809,2.0906027005924768e-16
noncanonical,plus_i,153,0.006257784364640657,3.200488418616465e-16
noncanonical,zero,154,-0.00047768810990893724,0.0005515867176892657
noncanonical,one,154,-0.0005610723196248801,0.0006478705095406047
noncanonical,plus,154,0.007385738199506619,4.2145257686345113e-16
noncanonical,plus_i,154,0.004875160345616638,5.195954782070386e-16
noncanonical,zero,155,0.0021914255113011766,2.6053109747225237e-16
noncanonical,one,155,-0.002687892121376414,0.003103710479658885
noncanonical,plus,155,0.002517231781845853,1.1681614234065069e-15
noncanonical,plus_i,155,0.010681840235510618,4.705947025976773e-16
noncanonical,zero,156,0.0017683892937593291,3.3673148210520764e-16
noncanonical,one,156,-0.0024548697236725136,0.0028346393915756082
noncanonical,plus,156,0.01187950178054652,9.115290934331572e-16
noncanonical,plus_i,156,0.009127864315388397,6.451329089789326e-16
noncanonical,zero,157,-0.0001200997432827554,0.0001386792382277272
noncanonical,one,157,0.008988366369811016,4.013220584176106e-16
noncanonical,plus,157,0.007343379192297331,2.1391877608365079e-16
noncanonical,plus_i,157,0.0023918304638348045,4.084956109243094e-16
noncanonical,zero,158,0.0036492351985963796,4.462468932138663e-16
noncanonical,one,158,0.006395736532142265,9.253758464238439e-16
noncanonical,plus,158,0.010109741110984588,2.0331077549262128e-16
noncanonical,plus_i,158,0.003471176714312593,4.856950802260465e-16
noncanonical,zero,159,0.00559432409689677,2.250592709015563e-16
noncanonical,one,159,-0.0003037099655178085,0.0003506940606944685
noncanonical,plus,159,0.0052926158822425235,6.180316816520693e-16
noncanonical,plus_i,159,0.00698141146984435,9.349878423211984e-16
noncanonical,zero,160,-0.0011867146750334323,0.0013703000741636302
noncanonical,one,160,-0.004435254279140092,0.0051213905039720386
noncanonical,plus,160,0.0031781274464742445,4.3873116715996374e-16
noncanonical,plus_i,160,0.008292025011653268,3.138992795027827e-16
noncanonical,zero,161,0.00549897336547478,3.354613330681802e-16
noncanonical,one,161,0.0010852124888156534,2.1736635306080377e-16
noncanonical,plus,161,0.007286933797986284,3.210839793224951e-16
noncanonical,plus_i,161,0.012802237122965639,3.462888105459144e-16
noncanonical,zero,162,0.0063109109235185,3.428787270646565e-16
noncanonical,one,162,-0.001283767463236254,0.0014823669809528198
noncanonical,plus,162,0.01143929399813726,3.9973382834927305e-16
noncanonical,plus_i,162,0.011790066569888893,3.277256054669818e-16
noncanonical,zero,163,0.0017675152007371627,2.363830325549451e-16
noncanonical,one,163,0.005340152831810773,3.592710319655004e-16
noncanonical,plus,163,0.00801091354350443,6.077455216121865e-16
noncanonical,plus_i,163,0.0074926406265743185,4.96875649394122e-16
noncanonical,zero,164,0.009123645758777032,2.4724069889868965e-16
noncanonical,one,164,-0.003005920482304163,0.0034709379992417296
noncanonical,plus,164,0.009941552945168797,4.655676738881172e-16
noncanonical,plus_i,164,0.012568889447157835,2.579247467267381e-16
noncanonical,zero,165,-0.0024637321544552565,0.0028448728451716692
noncanonical,one,165,0.0010193316488703358,5.087109174720735e-16
noncanonical,plus,165,0.006182362509416246,2.9828922004980543e-16
noncanonical,plus_i,165,0.004848179103788064,4.722870532572998e-16
noncanonical,zero,166,-0.004503280351894012,0.005199940246804824
noncanonical,one,166,0.0050250145986038795,4.2310822740159563e-16
noncanonical,plus,166,0.012655455564893144,3.365282506689952e-16
noncanonical,plus_i,166,0.0035240924848864686,2.240556713516996e-16
noncanonical,zero,167,0.002253250772897196,1.1516534088237589e-16
noncanonical,one,167,-0.0004152163654120778,0.0004794505606850369
noncanonical,plus,167,0.007266575505495556,2.1682395399779634e-16
noncanonical,plus_i,167,0.002584272384729913,3.8836951154621025e-16
noncanonical,zero,168,0.0031694313124065138,1.1997883821135023e-16
noncanonical,one,168,0.0031929004126123577,2.632662563926328e-16
noncanonical,plus,168,0.008580116900919074,6.548942991214756e-16
noncanonical,plus_i,168,-0.00036083202070257475,0.00041665292856987864
noncanonical,zero,169,0.005488461676026525,3.5146296049384443e-16
noncanonical,one,169,0.0025200544319037375,5.81809353749359e-16
noncanonical,plus,169,0.006432205902912248,4.869790099728112e-16
noncanonical,plus_i,169,0.004754160541821166,4.20460815531682e-16
noncanonical,zero,170,0.005986487420919658,2.230806502591111e-16
noncanonical,one,170,0.0018837704564400183,6.122821332364913e-16
noncanonical,plus,170,0.005760629311107517,2.7967222812867497e-16
noncanonical,plus_i,170,0.004314353376579535,5.764491592039524e-16
noncanonical,zero,171,0.005032426442330303,2.434910498455936e-16
noncanonical,one,171,0.0036515115604681854,6.734462120682061e-16
noncanonical,plus,171,0.006546318891135795,1.4844832243171059e-16
noncanonical,plus_i,171,0.005618860686144217,6.462974165972565e-16
noncanonical,zero,172,0.0009523893443002082,4.471054419899766e-16
noncanonical,one,172,-0.0017521348943741325,0.002023191105846921
noncanonical,plus,172,0.01112150967689654,5.197071289659615e-16
noncanonical,plus_i,172,0.010970228237478287,5.958456341293924e-16
noncanonical,zero,173,0.007184085968767597,1.142319031164589e-16
noncanonical,one,173,0.004893638179951344,5.796398316367018e-16
noncanonical,plus,173,0.012964562272935808,1.3851912239361815e-16
noncanonical,plus_i,173,0.007116938743248157,8.526447132639788e-16
noncanonical,zero,174,0.0027837649733170747,1.136910186407245e-16
noncanonical,one,174,-0.00419016684019028,0.004838387906266657
noncanonical,plus,174,0.0073519908492209055,3.732800854731985e-16
noncanonical,plus_i,174,0.011077811403401335,1.7686205583455506e-16
noncanonical,zero,175,0.0013678270694385025,3.3875445342270217e-16
noncanonical,one,175,0.0017259893830953738,5.908888909180252e-16
noncanonical,plus,175,0.00985890032261716,3.262058951714816e-16
noncanonical,plus_i,175,0.007332107515237031,3.6059110366557907e-16
noncanonical,zero,176,0.005043088392495506,2.3298573838427077e-16
noncanonical,one,176,-0.0009352381080717334,0.001079919946903083
noncanonical,plus,176,0.006541033078710097,2.010427759425181e-16
noncanonical,plus_i,176,0.008290864873900869,3.100293506044695e-16
noncanonical,zero,177,-0.00028728285514011674,0.0003317256674975149
noncanonical,one,177,0.0017744210880844152,4.590398813781153e-16
noncanonical,plus,177,0.005745247495658074,5.821671397598785e-16
noncanonical,plus_i,177,0.012791330742911805,4.321277057816501e-16
noncanonical,zero,178,0.003430363048042604,2.957468235771684e-17
noncanonical,one,178,-0.0005004739361944188,0.0005778975235684094
noncanonical,plus,178,0.010298916819846769,6.096699322589491e-16
noncanonical,plus_i,178,0.009114497537831346,1.3416834324944258e-16
noncanonical,zero,179,-0.006257323319741485,0.007225334606118486
noncanonical,one,179,0.002013190962882525,4.536506079948019e-16
noncanonical,plus,179,0.00903339571402885,8.046630356710181e-16
noncanonical,plus_i,179,0.001973345726321639,2.3656984575410463e-16
noncanonical,zero,180,0.0005151891563265225,1.3883614171439537e-16
noncanonical,one,180,0.002817064015550098,7.19985848163822e-16
noncanonical,plus,180,0.011937773674839952,1.8640535060311535e-16
noncanonical,plus_i,180,0.005830186153317117,3.5528919747619306e-16
noncanonical,zero,181,-0.0039049526025078107,0.004509050872461251
noncanonical,one,181,0.0008433600416887037,6.300760680122206e-16
noncanonical,plus,181,0.006353736867259406,6.432708086780912e-16
noncanonical,plus_i,181,0.006955706323043282,2.577691976159136e-16
noncanonical,zero,182,2.166303769158855e-05,5.571461049818977e-16
noncanonical,one,182,0.00010136833507087892,8.249737005920029e-16
noncanonical,plus,182,0.005366848568176776,3.3990898374152716e-16
noncanonical,plus_i,182,0.011749644685918608,4.425636241783488e-16
noncanonical,zero,183,-0.0007053932347224533,0.0008145179479030741
noncanonical,one,183,0.0016691564319698147,7.562448105867984e-16
noncanonical,plus,183,0.011107654502024321,4.567216869006857e-16
noncanonical,plus_i,183,0.006033648964533109,5.904539946933744e-16
noncanonical,zero,184,0.005241231009641822,1.1623779982389308e-16
noncanonical,one,184,-0.004562970329920715,0.0052688642965682195
noncanonical,plus,184,0.010572176317729554,3.5979833499803313e-16
noncanonical,plus_i,184,0.009524489632275718,4.830419402780672e-16
noncanonical,zero,185,0.0005593766999404323,2.4032201431255694e-16
noncanonical,one,185,0.006463534583083179,1.283096906959359e-15
noncanonical,plus,185,-0.0027905435584706876,0.003222242149336812
noncanonical,plus_i,185,0.009362777427421764,3.9726540583260313e-16
noncanonical,zero,186,0.0005064848174140097,2.2870426972429067e-16
noncanonical,one,186,0.006779723180334822,9.368548876550231e-16
noncanonical,plus,186,0.007471601545405442,9.416701888939426e-16
noncanonical,plus_i,186,0.006632485386762603,6.068749775375625e-16
noncanonical,zero,187,-0.003001650743936856,0.0034660077300505323
noncanonical,one,187,0.005810951051334586,3.428011013536479e-16
noncanonical,plus,187,0.007307934459245061,6.248364636294691e-16
noncanonical,plus_i,187,0.006719073266827788,2.506756549058403e-16
noncanonical,zero,188,0.0014936525635591768,3.4032261687406347e-16
noncanonical,one,188,-0.001509831396549891,0.0017434031264580803
noncanonical,plus,188,0.008712313113865479,4.173344149064283e-16
noncanonical,plus_i,188,-0.00017988915514932004,0.00020771810429964536
noncanonical,zero,189,0.0038403744915477592,3.4614058129618685e-16
noncanonical,one,189,0.001974730739320803,4.1352431676837625e-16
noncanonical,plus,189,0.011033590898581304,3.714663351401598e-16
noncanonical,plus_i,189,0.012944163303273044,3.9363870730166687e-16
noncanonical,zero,190,0.003437532635018891,2.013232356593557e-17
noncanonical,one,190,0.0061967649280155745,6.886058289839597e-16
noncanonical,plus,190,0.006003494421621449,6.356208263381509e-16
noncanonical,plus_i,190,0.009818002552734776,3.414545293261248e-16
noncanonical,zero,191,0.0070413254870350704,2.24786949675325e-16
noncanonical,one,191,-0.005127958231919803,0.0059212561311841015
noncanonical,plus,191,0.009744048114686269,3.5562889000010987e-16
noncanonical,plus_i,191,0.00781915785917661,4.882370346211328e-16
noncanonical,zero,192,-0.002192879205044157,0.0025321187986650567
noncanonical,one,192,0.00015844214528962526,8.611970118022877e-16
noncanonical,plus,192,0.0090843228091182,4.3339324319847853e-16
noncanonical,plus_i,192,0.005474129406747368,6.027696059913433e-16
noncanonical,zero,193,0.0030991872699405822,3.4223947140598764e-16
noncanonical,one,193,0.003142337411042525,5.200812157526261e-16
noncanonical,plus,193,0.010777316164559285,1.7875334302270196e-16
noncanonical,plus_i,193,0.007846358395071088,3.928468893716084e-16
noncanonical,zero,194,0.0024121033788480485,2.366308436867546e-16
noncanonical,one,194,0.01211874309681361,6.957544222220237e-16
noncanonical,plus,194,0.010138178365826589,7.940369845135721e-16
noncanonical,plus_i,194,0.014511364578667826,8.405742179710747e-16
noncanonical,zero,195,0.0013902140636124424,1.1786272505460447e-16
noncanonical,one,195,-0.002399469086088272,0.002770668245530458
noncanonical,plus,195,0.011937084003130346,5.708293034283169e-16
noncanonical,plus_i,195,0.0017854048120210936,4.483208364965102e-16
noncanonical,zero,196,0.00921058111329517,2.345598170907086e-16
noncanonical,one,196,0.002597876799787055,3.7215946703719637e-16
noncanonical,plus,196,0.008241820262196437,6.775122380836835e-16
noncanonical,plus_i,196,0.011235962847172765,3.1691865624934498e-16
noncanonical,zero,197,0.004170697707785054,1.5541946437032966e-16
noncanonical,one,197,0.004003298231391481,4.897514869606845e-16
noncanonical,plus,197,0.0020817817236899417,5.004716687735313e-16
noncanonical,plus_i,197,0.007154274598452691,8.513659158371518e-16
noncanonical,zero,198,0.0024216711858731713,7.106120256324217e-17
noncanonical,one,198,0.004503028102588699,4.956299759118789e-16
noncanonical,plus,198,0.002909165778921403,6.284899951430795e-16
noncanonical,plus_i,198,0.0022673176667716774,2.846792020644695e-16
noncanonical,zero,199,0.007631383047019061,4.521530266742403e-16
noncanonical,one,199,0.0020772167978519275,7.981460757116402e-16
noncanonical,plus,199,0.007480228600867394,5.902152855728242e-16
noncanonical,plus_i,199,0.008889603363214954,4.498945219536545e-16
noncanonical,zero,200,-0.0029433164996718686,0.003398649146791674
noncanonical,one,200,0.00819053421902085,1.0362036841748752e-15
noncanonical,plus,200,0.007628159833363575,7.129875059575169e-16
noncanonical,plus_i,200,0.00331025399325054,4.868724992568206e-16
noncanonical,zero,201,0.00016029359034518825,5.56533806721198e-16
noncanonical,one,201,-0.003042849533231927,0.0035135799942300804
noncanonical,plus,201,0.012533326178954012,5.298298895686448e-16
noncanonical,plus_i,201,0.002704793572580186,2.5123937878587994e-16
noncanonical,zero,202,0.0031304927999611654,6.766092199413651e-16
noncanonical,one,202,-0.0023808018893429553,0.0027491132233988876
noncanonical,plus,202,0.003785099382444388,1.9546261860463702e-16
noncanonical,plus_i,202,0.009628049999505258,8.064738581717891e-16
noncanonical,zero,203,-0.00643137651059905,0.007426313919308305
noncanonical,one,203,0.005574099281547216,3.683934554636159e-16
noncanonical,plus,203,0.008222307756447665,6.794056175851941e-16
noncanonical,plus_i,203,0.01116739477940343,4.804048809051658e-16
noncanonical,zero,204,-0.0019137578766893458,0.002209817250540687
noncanonical,one,204,-0.006160570567767921,0.007113614151325105
noncanonical,plus,204,0.01312320598364302,2.5602033387561886e-16
noncanonical,plus_i,204,0.006919359335964349,6.11144828602392e-16
noncanonical,zero,205,0.00956913745236056,2.229524623654196e-16
noncanonical,one,205,-0.0017816290216844455,0.002057247990531193
noncanonical,plus,205,0.005527556372470345,5.785468590039276e-16
noncanonical,plus_i,205,0.0070057810737594204,3.5490069288359006e-16
noncanonical,zero,206,0.0005954245010672057,2.2303933457712553e-16
noncanonical,one,206,-0.0026124810712667215,0.0030166332994970768
noncanonical,plus,206,0.010691109284732712,4.225774459458471e-16
noncanonical,plus_i,206,0.006770923736956725,5.918157457454555e-16
noncanonical,zero,207,0.002735338799783964,5.650700296881027e-16
noncanonical,one,207,0.003425225362318246,1.3269914959092277e-15
noncanonical,plus,207,0.0006392962030818537,2.7980500172576326e-16
noncanonical,plus_i,207,0.00535225495366187,2.7186291105412205e-16
noncanonical,zero,208,0.002650704944978751,1.1300902983865343e-16
noncanonical,one,208,0.004983152366343963,3.5149434375154136e-16
noncanonical,plus,208,0.007466769417679189,7.145958012873756e-16
noncanonical,plus_i,208,0.013003168596821464,8.853082697926791e-16
noncanonical,zero,209,0.004814033760837066,6.672722424705654e-16
noncanonical,one,209,0.002215368566174173,9.882646429699601e-16
noncanonical,plus,209,0.0022318818300346016,1.1770364039524946e-15
noncanonical,plus_i,209,0.00638668375904477,4.3427373917678003e-16
noncanonical,zero,210,4.192476792902557e-05,1.379126685328641e-16
noncanonical,one,210,0.004461906770898646,4.3582197863878357e-16
noncanonical,plus,210,0.00820018807521822,3.213222598139328e-16
noncanonical,plus_i,210,0.010125391611152652,5.353572077647082e-16
noncanonical,zero,211,0.0003909415266617301,1.1743065753186608e-16
noncanonical,one,211,0.002840335732015325,8.070451737430053e-16
noncanonical,plus,211,0.00465874018142546,7.190274480747385e-16
noncanonical,plus_i,211,0.0013778688321999,5.686232848226901e-16
noncanonical,zero,212,-0.0005541034789294837,0.0006398235854377123
noncanonical,one,212,0.0027213585226462072,5.891931689668126e-16
noncanonical,plus,212,0.007136546559597928,4.650211748873942e-16
noncanonical,plus_i,212,0.010599563743562943,2.104974539025196e-16
noncanonical,zero,213,0.002954034418816088,5.7021984461654e-16
noncanonical,one,213,0.0016736945387695807,3.523794089600556e-16
noncanonical,plus,213,0.00569906875621364,4.374414974661839e-16
noncanonical,plus_i,213,0.010213401182755995,3.8196994943370795e-16
noncanonical,zero,214,0.003537754076367911,3.378040620001688e-16
noncanonical,one,214,0.006087452436957119,8.757638904054819e-16
noncanonical,plus,214,0.010237365772405398,3.3608952289011276e-16
noncanonical,plus_i,214,0.002992851542875683,1.8171280162677033e-16
noncanonical,zero,215,0.005922254740406653,3.413009199978006e-16
noncanonical,one,215,0.0005280965517183018,1.2430800020522907e-15
noncanonical,plus,215,0.011901900257952352,2.303986504555121e-16
noncanonical,plus_i,215,0.0037271039661812087,3.302889126398398e-16
noncanonical,zero,216,0.001834324660703873,1.183663787484257e-16
noncanonical,one,216,0.0014358863152957027,4.4347863785703274e-16
noncanonical,plus,216,0.006653442287876801,3.2815119284751364e-16
noncanonical,plus_i,216,0.00699453743744361,7.579989806154944e-16
noncanonical,zero,217,0.0016551293893066973,3.2817135986194215e-17
noncanonical,one,217,-0.000285992893991297,0.00033023614866426333
noncanonical,plus,217,0.008815566041938363,7.620018460436857e-16
noncanonical,plus_i,217,-0.0035994985841796,0.004156342953047444
noncanonical,zero,218,-0.0014101293358002994,0.0016282771032328238
noncanonical,one,218,-0.0031381200101783494,0.003623588865251552
noncanonical,plus,218,0.005129858812353967,3.3352638816854515e-16
noncanonical,plus_i,218,0.006253076110231826,4.241319079447384e-16
noncanonical,zero,219,-0.0008301294691349425,0.0009585509449346148
noncanonical,one,219,-0.004134779359754704,0.004774431952788283
noncanonical,plus,219,0.012364477065110633,3.6799505179872313e-16
noncanonical,plus_i,219,0.00604727951110753,4.898467170573697e-16
noncanonical,zero,220,0.002310714123858585,2.3783353035593716e-16
noncanonical,one,220,0.0034557127331389906,3.9923863244701947e-16
noncanonical,plus,220,0.008258074567011754,5.035643081771246e-16
noncanonical,plus_i,220,0.0005617511851155955,2.3535809217203704e-16
noncanonical,zero,221,0.00404686594210314,2.2689447818904787e-16
noncanonical,one,221,-0.0012098644089279015,0.0013970310843549117
noncanonical,plus,221,0.009605509007405845,3.530975185963641e-16
noncanonical,plus_i,221,0.002358417031279812,6.532529617693063e-16
noncanonical,zero,222,-0.0004905332292994498,0.0005664189839648115
noncanonical,one,222,-0.006915397931182807,0.007985213714243508
noncanonical,plus,222,0.004805048577078051,8.069364174257728e-16
noncanonical,plus_i,222,-0.0022435594253080796,0.00259063927628908
noncanonical,zero,223,0.0026824393890618695,4.489838679037019e-16
noncanonical,one,223,0.005749435954630537,2.1731009015456493e-16
noncanonical,plus,223,0.015086077730325928,3.5735093079808413e-16
noncanonical,plus_i,223,0.008848206763966669,7.298816814698119e-16
noncanonical,zero,224,0.005344240201522774,6.677786983142618e-16
noncanonical,one,224,-0.0016516204768737047,0.0019071270538443602
noncanonical,plus,224,0.008885338474369682,7.035828773948878e-16
noncanonical,plus_i,224,0.011655279768520235,3.220190695868214e-16
noncanonical,zero,225,0.0019868501291450446,5.638486732307249e-16
noncanonical,one,225,0.0019582536895517227,7.050115486812161e-16
noncanonical,plus,225,0.00655120681027956,4.084343706213445e-16
noncanonical,plus_i,225,0.006664626698806355,1.751944573765123e-16
noncanonical,zero,226,-0.002120418263003215,0.0024484481098789993
noncanonical,one,226,-0.010482846252182218,0.012104548211141758
noncanonical,plus,226,0.00436929533035242,2.3804379059473587e-16
noncanonical,plus_i,226,-0.0007458429754197625,0.0008612252852634068
noncanonical,zero,227,0.0050902860794077185,3.3498310128236357e-16
noncanonical,one,227,0.005190577614283431,9.296145931715582e-16
noncanonical,plus,227,0.007974519794963759,2.511562698667379e-16
noncanonical,plus_i,227,-0.00023271795392746273,0.0002687195466905741
noncanonical,zero,228,0.0011964169931289875,3.431463478731231e-17
noncanonical,one,228,-0.004089312167120006,0.004721930960974231
noncanonical,plus,228,0.00904413510027613,2.5742749893042263e-16
noncanonical,plus_i,228,0.0051107795637727604,8.460581361273243e-16
noncanonical,zero,229,0.0051747087704527624,1.407595143182932e-16
noncanonical,one,229,0.0028503987859729274,3.92092485687051e-16
noncanonical,plus,229,0.012091694262412099,5.949731681210733e-16
noncanonical,plus_i,229,0.004002165409437163,8.089541126722014e-16
noncanonical,zero,230,-0.004774853260359924,0.005513525630419715
noncanonical,one,230,-0.007289765073158721,0.008417495654634524
noncanonical,plus,230,0.008269773550550988,4.0181007177081933e-16
noncanonical,plus_i,230,0.010051514840208942,3.3172306083551058e-16
noncanonical,zero,231,0.003348627545815182,1.1359996981302122e-16
noncanonical,one,231,-0.0037324372423885354,0.004309847293252513
noncanonical,plus,231,0.007379761098655582,2.6729609970932067e-16
noncanonical,plus_i,231,0.005185169531622211,3.9023422976621304e-16
noncanonical,zero,232,0.007124676987889652,6.804580152799077e-17
noncanonical,one,232,0.0024782014510339226,1.1049306661711656e-15
noncanonical,plus,232,0.005604967005308773,7.150691349830642e-16
noncanonical,plus_i,232,0.009172125416327722,2.1040808511133088e-16
noncanonical,zero,233,0.0052237250194534755,4.933798953716912e-17
noncanonical,one,233,0.004382397774736828,2.5483451904918725e-16
noncanonical,plus,233,0.006383209147809817,6.804830118123332e-16
noncanonical,plus_i,233,0.0018563833927423771,3.4185332921844283e-16
noncanonical,zero,234,0.0031482985575282153,4.605294700155033e-17
noncanonical,one,234,-0.0013658039683678777,0.001577094577594716
noncanonical,plus,234,0.009299100215310295,4.4163612404000654e-16
noncanonical,plus_i,234,0.004016980793964344,6.998262911980523e-16
noncanonical,zero,235,0.0011498196877724174,2.4676031770195247e-16
noncanonical,one,235,-0.0006616312244596182,0.0007639859310918079
noncanonical,plus,235,0.009613982169878113,7.19028298190687e-16
noncanonical,plus_i,235,0.00643306388556962,2.749569628613904e-16
noncanonical,zero,236,-0.0003676574443590209,0.000424534248940589
noncanonical,one,236,-0.005250474924670516,0.006062726222263699
noncanonical,plus,236,0.004063833196504797,4.538980508603606e-16
noncanonical,plus_i,236,0.01030310911233668,1.1695280341496766e-16
noncanonical,zero,237,0.007546711409890945,3.3580792102896453e-16
noncanonical,one,237,0.0002623194475357606,3.3691058722001924e-16
noncanonical,plus,237,0.007039114210442371,6.026098280915442e-16
noncanonical,plus_i,237,-0.0002352968157113113,0.0002716973597806522
noncanonical,zero,238,-0.00043612544099904586,0.0005035942815223555
noncanonical,one,238,0.006124176993286791,6.748183019606785e-16
noncanonical,plus,238,0.005563027151621901,5.861608068486513e-16
noncanonical,plus_i,238,0.004479509359802518,8.609815951111094e-16
noncanonical,zero,239,0.0051444821174822875,2.2590257048364487e-16
noncanonical,one,239,0.004541250356716871,5.516388263823615e-16
noncanonical,plus,239,0.0019574587466642105,4.976491278642098e-16
noncanonical,plus_i,239,0.009120919057892788,2.8516355686103394e-16
noncanonical,zero,240,0.007173465413212789,1.1275598343158422e-16
noncanonical,one,240,0.00045679119735297,1.2413046250666308e-15
noncanonical,plus,240,0.005474680105101107,3.417064353656305e-16
noncanonical,plus_i,240,0.009933512438670652,2.7381718514711136e-16
noncanonical,zero,241,0.0018667509416955262,1.1658717904202135e-16
noncanonical,one,241,-0.0013208932966454483,0.0015252362007779658
noncanonical,plus,241,0.008213169905882401,4.978459931366102e-16
noncanonical,plus_i,241,0.00586165723831154,3.477444567123607e-16
noncanonical,zero,242,0.006331320324419292,4.454668895615545e-16
noncanonical,one,242,-0.002504293212749452,0.002891708721021017
noncanonical,plus,242,0.009081114349503618,3.620245705262351e-16
noncanonical,plus_i,242,0.011936139242580282,1.2634951265281102e-15
noncanonical,zero,243,0.0006902094918211668,4.45658721401943e-16
noncanonical,one,243,-0.0027558096460267947,0.003182134881938022
noncanonical,plus,243,0.008819291690399179,7.034467459845664e-16
noncanonical,plus_i,243,0.012516994404013358,4.451700849406138e-16
noncanonical,zero,244,-0.0038571408061547725,0.004453842565471527
noncanonical,one,244,0.0042120333117796295,5.390855558945455e-16
noncanonical,plus,244,0.008359415551844532,4.534424359513976e-16
noncanonical,plus_i,244,0.007111292381585209,2.1137037864769268e-16
noncanonical,zero,245,0.001389394064280963,1.1442437763913262e-16
noncanonical,one,245,-0.009753564852900685,0.011262446586761354
noncanonical,plus,245,0.007670976678934525,2.929404322990684e-16
noncanonical,plus_i,245,0.010818107917076028,2.2549403494851283e-16
noncanonical,zero,246,-8.318964913277533e-05,9.605913264113586e-05
noncanonical,one,246,0.003351193218397811,5.247120273894683e-16
noncanonical,plus,246,0.007975749039427023,9.11690231388275e-16
noncanonical,plus_i,246,0.009744652093629572,2.266224268372793e-16
noncanonical,zero,247,0.002048469669075532,1.1567537877496748e-16
noncanonical,one,247,0.003828603033186461,2.816542732517096e-16
noncanonical,plus,247,0.014249069357351117,2.2953300023111653e-16
noncanonical,plus_i,247,0.008045615933627796,2.707593000521655e-16
noncanonical,zero,248,-0.00519711309545814,0.006001109289343522
noncanonical,one,248,-0.002443304169839705,0.0028212846403383924
noncanonical,plus,248,0.009320367758591514,7.143670469362859e-16
noncanonical,plus_i,248,0.0044790104707677246,1.8660174581555662e-16
noncanonical,zero,249,0.005330697825065534,1.1597580953704367e-16
noncanonical,one,249,0.0009168860632947486,5.41917174357551e-16
noncanonical,plus,249,0.00944344366809754,5.402445285632259e-16
noncanonical,plus_i,249,0.005705941365444405,4.885645491034786e-16
noncanonical,zero,250,-0.0029653040538828745,0.003424038187476689
noncanonical,one,250,0.005606882394584007,9.233659599486051e-16
noncanonical,plus,250,0.010659917388875898,1.5133163271888665e-16
noncanonical,plus_i,250,0.009553892183113907,1.0534328806126782e-15
noncanonical,zero,251,0.00391786995502566,4.56801871948747e-16
noncanonical,one,251,0.0036899826978315825,9.377655127638557e-16
noncanonical,plus,251,0.006838884807689072,4.1042438512303905e-16
noncanonical,plus_i,251,0.008823235764382098,5.369708256414266e-16
noncanonical,zero,252,0.0028141971324079063,3.3698426767776105e-16
noncanonical,one,252,0.004859907242540994,7.272390470612468e-16
noncanonical,plus,252,0.010448963820074795,6.531887543302443e-16
noncanonical,plus_i,252,0.008258234324311742,3.4349769816077867e-16
noncanonical,zero,253,0.0034165982645049118,1.611067517638427e-16
noncanonical,one,253,0.00028377203575271346,4.879028193718312e-16
noncanonical,plus,253,0.0072797976827619305,3.207397689237724e-16
noncanonical,plus_i,253,0.01383789607466578,9.754369251988824e-16
noncanonical,zero,254,0.005129311151321227,2.300994789081559e-16
noncanonical,one,254,0.006091623944581321,2.259475766707564e-16
noncanonical,plus,254,0.0065641970128267925,6.373431359153399e-16
noncanonical,plus_i,254,0.003921697087564436,4.515434569236079e-16
noncanonical,zero,255,0.007890742916176679,1.2197057598099923e-16
noncanonical,one,255,0.004023430482489224,2.602446589595585e-16
noncanonical,plus,255,0.010405049895963046,7.106811512846358e-16
noncanonical,plus_i,255,0.0076917362199328074,4.455509007688196e-16
noncanonical,zero,256,-0.0025707822609967934,0.002968483660828865
noncanonical,one,256,0.0005774298030843359,1.0465949976021423e-15
noncanonical,plus,256,0.007411885369500014,2.075109710325459e-16
noncanonical,plus_i,256,0.00834355507844751,2.869383194383462e-16
noncanonical,zero,257,0.00024767179366987774,3.373290121307913e-16
noncanonical,one,257,-0.008270367347814982,0.009549797629116294
noncanonical,plus,257,0.011808435334352519,2.564634805705526e-16
noncanonical,plus_i,257,0.011169571032381776,6.858155272309957e-16
noncanonical,zero,258,0.0040658557343558445,3.344807105067391e-16
noncanonical,one,258,0.0035745585522986884,5.619659070210024e-16
noncanonical,plus,258,0.012236321316796184,6.151108443160607e-16
noncanonical,plus_i,258,0.004032279998779555,3.92571027166047e-16
noncanonical,zero,259,0.0031920824655343265,1.1563596886800218e-16
noncanonical,one,259,0.007912109101473525,6.076096490290993e-16
noncanonical,plus,259,0.0064007336294970045,2.0409742333312108e-16
noncanonical,plus_i,259,-0.004510889623191508,0.005208726676468786
noncanonical,zero,260,-0.0008746305107485183,0.001009936321644361
noncanonical,one,260,0.0023880633029848396,3.159638215730082e-16
noncanonical,plus,260,0.016061406786235414,6.781624875180951e-16
noncanonical,plus_i,260,0.006386935690179996,2.7588716790290094e-16
noncanonical,zero,261,0.0007664256971965951,4.4701748923837676e-17
noncanonical,one,261,0.0022442724744036868,6.08757900063269e-16
noncanonical,plus,261,0.005002819631769649,1.1240909407957712e-15
noncanonical,plus_i,261,0.006986167622917379,3.1204898108852707e-16
noncanonical,zero,262,0.002817378562028723,1.3287701572334857e-16
noncanonical,one,262,-0.0067124994949698405,0.007750926780712205
noncanonical,plus,262,0.009972920031785355,4.879957243975204e-16
noncanonical,plus_i,262,0.006095603658831279,2.657046634823366e-16
noncanonical,zero,263,0.0049794807465229456,1.1228902027370318e-16
noncanonical,one,263,0.007056653226409493,1.2859568719745627e-15
noncanonical,plus,263,0.012003816137917138,4.0205046843682997e-16
noncanonical,plus_i,263,0.008926992737772487,3.028868917511465e-16
noncanonical,zero,264,0.003038858909849646,2.47582972794938e-17
noncanonical,one,264,0.0014280417877024496,6.113055292923143e-16
noncanonical,plus,264,0.004804986376409809,3.3504759261496936e-16
noncanonical,plus_i,264,0.008539048467014268,8.568867978651209e-16
noncanonical,zero,265,0.004616879352234973,2.236576377441114e-16
noncanonical,one,265,0.006270183430286117,7.884119157037005e-16
noncanonical,plus,265,0.012365245023635733,1.0647770637254948e-16
noncanonical,plus_i,265,0.008272271530450341,6.012840973306612e-16
noncanonical,zero,266,-0.004146600896591149,0.004788082287737566
noncanonical,one,266,-0.004066547083346414,0.004695644106484755
noncanonical,plus,266,0.011605248425046915,5.723312569841372e-16
noncanonical,plus_i,266,0.010010614352805456,4.615051192235658e-16
noncanonical,zero,267,-0.002177852424066387,0.0025147673665800547
noncanonical,one,267,-0.003958570279699863,0.004570963233181523
noncanonical,plus,267,0.008608716123527073,4.2645584371325805e-16
noncanonical,plus_i,267,0.00882479727092888,5.842536048096104e-16
noncanonical,zero,268,0.0020465157057683045,2.2889559587150285e-16
noncanonical,one,268,0.0035494562658198504,7.328857840462625e-16
noncanonical,plus,268,0.007346684688818632,4.477607434433076e-16
noncanonical,plus_i,268,0.004070231947574877,4.368714321436422e-16
noncanonical,zero,269,0.0059637926237333955,1.2459138878618672e-16
noncanonical,one,269,0.003928387176305861,1.7328182797954152e-15
noncanonical,plus,269,0.016134964067185776,2.5575352575085223e-16
noncanonical,plus_i,269,0.008053381530010536,3.792325328401399e-16
noncanonical,zero,270,0.007749544146557954,5.639911373801142e-16
noncanonical,one,270,0.0009022480745036738,6.346232408619141e-16
noncanonical,plus,270,0.004916917425087686,9.053112810688944e-16
noncanonical,plus_i,270,0.008778130145276977,3.575240464465456e-16
noncanonical,zero,271,0.0069629024902472915,1.1856733536980503e-16
noncanonical,one,271,-0.0005808946498395615,0.0006707593649113188
noncanonical,plus,271,0.0075036369092153585,7.406887095732061e-16
noncanonical,plus_i,271,0.0038662173155470303,4.793946263960416e-16
noncanonical,zero,272,0.0012822624013516944,2.268770700415597e-16
noncanonical,one,272,-0.0014317298273768021,0.0016532192024855741
noncanonical,plus,272,0.011298865875678934,3.6994020368180314e-16
noncanonical,plus_i,272,0.007788481117041084,3.267055030558574e-16
noncanonical,zero,273,-0.0015667836222413138,0.0018091658921257246
noncanonical,one,273,0.004283835546046304,7.097985538491392e-16
noncanonical,plus,273,0.006755221459551089,4.840602216821216e-16
noncanonical,plus_i,273,0.0046855783051713215,4.2412658657355695e-16
noncanonical,zero,274,0.0013712194233399908,1.1755391745565386e-16
noncanonical,one,274,0.002803751119779849,4.826951846009421e-16
noncanonical,plus,274,0.01376786706705563,2.745809589701596e-16
noncanonical,plus_i,274,0.012247706526238182,2.4848740632434644e-16
noncanonical,zero,275,0.0029564633176131622,3.337349699026046e-16
noncanonical,one,275,0.004975200283299317,7.871335250598967e-16
noncanonical,plus,275,0.013374426124037646,5.079382459516101e-16
noncanonical,plus_i,275,0.008633236744468451,3.19755466316124e-16
noncanonical,zero,276,0.005137362096065518,2.4421244197237466e-16
noncanonical,one,276,0.0044030907833926625,1.3376884998125532e-15
noncanonical,plus,276,0.01087452219996843,2.0450984592765484e-16
noncanonical,plus_i,276,0.0005123813317881561,1.1557142754788323e-15
noncanonical,zero,277,0.0014401466168397906,5.561016578057716e-16
noncanonical,one,277,0.0030267732788621543,4.596845372310804e-16
noncanonical,plus,277,0.010026400837326217,4.8941851606478635e-16
noncanonical,plus_i,277,0.00048087321203333115,6.69471796330153e-16
noncanonical,zero,278,-0.0012608172274530486,0.0014558663313380537
noncanonical,one,278,0.0032845127440096463,6.20115412033352e-16
noncanonical,plus,278,0.010877685129818532,7.477449280171682e-16
noncanonical,plus_i,278,0.015530722848442329,4.675602730279262e-16
noncanonical,zero,279,-0.005173993183601578,0.005974412714675229
noncanonical,one,279,0.004009704661283349,4.883235030308582e-16
noncanonical,plus,279,0.01085306272418428,9.100396889468239e-16
noncanonical,plus_i,279,0.0009881482473714973,3.5636905734094097e-16
noncanonical,zero,280,0.004823195027548662,2.2430735904677704e-16
noncanonical,one,280,0.009511145509451747,3.9594591298718783e-16
noncanonical,plus,280,0.014283782519527109,7.63910847164033e-16
noncanonical,plus_i,280,0.004730108970951745,4.147191082203093e-16
noncanonical,zero,281,0.004499758322390305,1.621270556044337e-16
noncanonical,one,281,-0.006240914411169051,0.007206387230555926
noncanonical,plus,281,0.006621013266062708,7.742954588519551e-16
noncanonical,plus_i,281,0.003729312311935417,4.118972951754174e-16
noncanonical,zero,282,0.008539954218257968,1.5520256585006186e-16
noncanonical,one,282,0.007338341861969757,3.204699152819713e-16
noncanonical,plus,282,0.0030054770188288607,1.0390314841310312e-15
noncanonical,plus_i,282,0.0073756396079122655,2.744538680439896e-16
noncanonical,zero,283,0.005320514969158196,4.544760316800939e-16
noncanonical,one,283,0.00608352968496251,6.089231524535744e-16
noncanonical,plus,283,0.009583835953522007,5.229644655385166e-16
noncanonical,plus_i,283,0.003810831146256334,4.908355549789941e-16
noncanonical,zero,284,0.004812863060027957,2.287133155945145e-16
noncanonical,one,284,-0.003285492790923327,0.00379376029452037
noncanonical,plus,284,0.01137465046343532,2.784447335471138e-16
noncanonical,plus_i,284,0.005470522068419345,5.018462560024485e-16
noncanonical,zero,285,0.004276896417286139,3.418646441501803e-16
noncanonical,one,285,-0.0014164232246786207,0.001635544660109478
noncanonical,plus,285,0.006955382058568136,8.89271508135337e-16
noncanonical,plus_i,285,0.001239979727289779,4.310831467447673e-16
noncanonical,zero,286,0.002048875896185804,4.454229779026345e-16
noncanonical,one,286,-0.004083573243430799,0.004715304222700598
noncanonical,plus,286,0.007515552098927916,3.6965818614298817e-16
noncanonical,plus_i,286,0.012545457833690047,2.9862321182356323e-16
noncanonical,zero,287,0.001793787350046823,3.3361589698001024e-16
noncanonical,one,287,0.006622637544622339,5.920806522806239e-16
noncanonical,plus,287,0.011550822813803216,3.909257183216774e-16
noncanonical,plus_i,287,0.0006148898632694043,6.482900921522928e-16
noncanonical,zero,288,0.002172971884253505,3.404906153719154e-16
noncanonical,one,288,0.0024981495112276686,6.507659257876262e-16
noncanonical,plus,288,0.011027934615042643,9.961641064650786e-17
noncanonical,plus_i,288,0.01149719466404287,1.778467688360646e-16
noncanonical,zero,289,0.008187401513422649,4.294535617114074e-17
noncanonical,one,289,-0.008539864845436097,0.009860986534711217
noncanonical,plus,289,0.010105857895366426,3.8088341745701873e-16
noncanonical,plus_i,289,0.0035568693117745457,6.626266893073499e-16
noncanonical,zero,290,-0.0031512727245787886,0.0036387763116510147
noncanonical,one,290,0.0022898683251224186,3.6119898387003437e-16
noncanonical,plus,290,0.007822340597244458,3.235108130337466e-16
noncanonical,plus_i,290,0.00762813428606228,3.9543134835043855e-16
noncanonical,zero,291,0.0034863614773757777,2.275142911536269e-16
noncanonical,one,291,0.004093531219939889,3.207903412095782e-16
noncanonical,plus,291,0.011521738043145357,3.4421586882099857e-16
noncanonical,plus_i,291,0.008706573443968541,2.834004103371322e-16
noncanonical,zero,292,0.00672921092651233,1.1322185775583857e-16
noncanonical,one,292,0.004280905580072971,5.99610598664601e-16
noncanonical,plus,292,0.005245997937807071,2.1585311114352764e-16
noncanonical,plus_i,292,0.01092833789688813,3.5285742395349525e-16
noncanonical,zero,293,0.007802989584592789,2.2353596300627896e-16
noncanonical,one,293,0.005252679887818347,4.5927830372598525e-16
noncanonical,plus,293,0.011058271307173618,4.556167907159832e-16
noncanonical,plus_i,293,0.011007889830507111,1.939091872465631e-16
noncanonical,zero,294,0.005539555551408342,5.556435328715733e-16
noncanonical,one,294,0.005874413388059571,2.0186807969719765e-16
noncanonical,plus,294,0.006734097682950882,8.403830012217019e-16
noncanonical,plus_i,294,0.004765333054016503,4.088044352638965e-16
noncanonical,zero,295,0.0062936825426639096,4.447842982992058e-16
noncanonical,one,295,0.002097590251791154,9.960156487880607e-16
noncanonical,plus,295,0.00842621287528293,3.3719419654281703e-16
noncanonical,plus_i,295,0.007034788083355186,6.25862726220799e-16
noncanonical,zero,296,-0.0018376985710360577,0.0021219915293541453
noncanonical,one,296,-0.001054403189947086,0.00121751993110047
noncanonical,plus,296,0.005310718989278683,5.866848726949516e-16
noncanonical,plus_i,296,0.00686244082839259,3.654157017556397e-16
noncanonical,zero,297,0.0025191103397339694,6.713295979923537e-16
noncanonical,one,297,0.004812737979597936,8.064584223282317e-16
noncanonical,plus,297,0.0072019970419457905,7.179560262327615e-16
noncanonical,plus_i,297,0.007276938351872399,3.4449441944137367e-16
noncanonical,zero,298,0.00027447104176026716,3.3465511916037174e-16
noncanonical,one,298,0.000804470198016942,4.818191770856091e-16
noncanonical,plus,298,0.003931060881901458,8.608111893615841e-16
noncanonical,plus_i,298,0.011206896440575253,4.065609536126874e-16
noncanonical,zero,299,0.006855076166303297,2.2366648041172074e-16
noncanonical,one,299,0.004437996961588633,3.438147150350343e-16
noncanonical,plus,299,0.01099563260398054,7.581079000119523e-16
noncanonical,plus_i,299,0.0007118138731828309,5.252822460161907e-16
noncanonical,zero,300,-0.005785219918098737,0.006680196554070948
noncanonical,one,300,0.002198074751128577,8.39670240420138e-16
noncanonical,plus,300,0.007147229156211439,4.679427629468579e-16
noncanonical,plus_i,300,0.013080057720792957,4.1036752890292996e-16
noncanonical,zero,301,0.005595072669004892,2.3181956417742803e-16
noncanonical,one,301,0.0017100757879398086,2.6661887190801436e-16
noncanonical,plus,301,0.009925813186598914,2.4673049508136654e-16
noncanonical,plus_i,301,0.008634051798030645,1.6392448451195172e-16
noncanonical,zero,302,0.0026756449500502716,1.5376937876903933e-16
noncanonical,one,302,0.001022971431716825,9.080163613598942e-16
noncanonical,plus,302,0.0055517424464927925,6.753809237240632e-16
noncanonical,plus_i,302,0.008357738405642603,4.447846088329601e-16
noncanonical,zero,303,0.0032809730667515743,1.2729115303752036e-16
noncanonical,one,303,-0.00205608138620418,0.0023741582836014244
noncanonical,plus,303,0.00552638770833663,6.835008620792804e-16
noncanonical,plus_i,303,0.003597476917900158,2.3110592680209995e-16
noncanonical,zero,304,0.0022468414114714956,1.1362852577735873e-16
noncanonical,one,304,-0.00011475647805907988,0.00013250936699738054
noncanonical,plus,304,0.006179117922293326,1.9115243780830032e-16
noncanonical,plus_i,304,0.012001901990953226,1.0606844663894167e-15
noncanonical,zero,305,-0.00016982969539794108,0.00019610244070885445
noncanonical,one,305,0.005263069546475868,5.606244106902985e-16
noncanonical,plus,305,0.01342720045291797,5.856603028497515e-16
noncanonical,plus_i,305,0.0036210059382980205,4.2129903409182496e-16
noncanonical,zero,306,-0.0002785581340384315,0.00032165122734396267
noncanonical,one,306,0.006563773321297699,5.420632896373838e-16
noncanonical,plus,306,0.010059480475442686,3.8253111074612675e-16
noncanonical,plus_i,306,0.0047324281886319194,9.066158468231095e-16
noncanonical,zero,307,0.0017919283358170286,5.623940501384405e-16
noncanonical,one,307,0.0026171175181359824,4.725525750095792e-16
noncanonical,plus,307,0.006375745140768389,3.43836595786883e-16
noncanonical,plus_i,307,0.008329078334590803,7.128442535036117e-16
noncanonical,zero,308,-0.003945214395778496,0.00455554118682696
noncanonical,one,308,0.006094511347741245,9.874589120945161e-16
noncanonical,plus,308,0.0011240428873096303,2.0940567161044773e-16
noncanonical,plus_i,308,0.007500931881511138,3.9411558757649154e-16
noncanonical,zero,309,0.0010602869188719197,3.3446327869757666e-16
noncanonical,one,309,0.001649705432693714,7.650841619543052e-16
noncanonical,plus,309,0.006580223297667762,7.837948791606732e-16
noncanonical,plus_i,309,0.004792043361523636,2.022869071075846e-16
noncanonical,zero,310,0.007281483431685479,2.3988413481047416e-16
noncanonical,one,310,-0.0014748248215454831,0.0017029810154537482
noncanonical,plus,310,0.004982770444142248,2.967884832348602e-16
noncanonical,plus_i,310,0.011117610791777276,5.299218214530503e-16
noncanonical,zero,311,0.005012193191845198,3.3901862930115052e-16
noncanonical,one,311,0.0055843865710056145,8.781621708748008e-16
noncanonical,plus,311,0.013386386791124584,1.7554977586577763e-16
noncanonical,plus_i,311,0.015064919649283463,5.218765909662123e-16
noncanonical,zero,312,0.0005852573050856031,2.3376404570558316e-16
noncanonical,one,312,0.007278467330748346,4.33623619340768e-16
noncanonical,plus,312,0.006639867039250336,7.658760557211497e-16
noncanonical,plus_i,312,0.010195821754374283,7.788046460973166e-16
noncanonical,zero,313,0.006660792068942903,2.46678427865225e-16
noncanonical,one,313,-0.004551552945607916,0.005255680636754995
noncanonical,plus,313,0.005620908704678681,4.345587263749736e-16
noncanonical,plus_i,313,-0.0001866620692919897,0.0002155387919064212
noncanonical,zero,314,0.0006952710327663025,3.362975635122138e-16
noncanonical,one,314,0.001108861650621254,4.20641248091209e-16
noncanonical,plus,314,0.011253398756266035,2.1175398279520155e-16
noncanonical,plus_i,314,0.005878337360740181,3.244535822794858e-16
noncanonical,zero,315,0.007370604585655706,3.3504661025035015e-16
noncanonical,one,315,0.0042946565108607756,5.459285342629161e-16
noncanonical,plus,315,0.008592013728918326,6.501601684438279e-16
noncanonical,plus_i,315,0.008673002992327787,6.999012687427152e-16
noncanonical,zero,316,0.00493934797307986,7.21262592218539e-17
noncanonical,one,316,0.0031627724621844317,2.7987221157160404e-16
noncanonical,plus,316,0.0040343927176848884,3.727960707227288e-16
noncanonical,plus_i,316,0.0026792388895188757,8.311210706645075e-16
noncanonical,zero,317,0.00030796325210247265,4.475237760705761e-16
noncanonical,one,317,-0.0036424245027613595,0.0042059095343441434
noncanonical,plus,317,0.007348190507530987,6.907831271515418e-16
noncanonical,plus_i,317,0.004979157009222782,4.056295784059843e-16
noncanonical,zero,318,-0.002009717054520651,0.0023206213648451204
noncanonical,one,318,0.0053229246785438614,5.898982115264095e-16
noncanonical,plus,318,0.011032049826803891,5.97944172370239e-16
noncanonical,plus_i,318,0.014651530164416334,1.2322898615932322e-15
noncanonical,zero,319,-0.0028231192603516155,0.0032598573298367
noncanonical,one,319,0.002260000576817285,2.6625338862342753e-16
noncanonical,plus,319,0.007121965651553023,9.238201119753873e-16
noncanonical,plus_i,319,0.012315479519877815,2.855038455579749e-16
noncanonical,zero,320,-0.0009544389848577112,0.0011020912096653347
noncanonical,one,320,0.005348887641570121,6.831605981743488e-16
noncanonical,plus,320,0.011594062088408987,1.3077617661269793e-16
noncanonical,plus_i,320,0.006550683805961548,6.137591027579006e-16
noncanonical,zero,321,-0.003247582693061872,0.0037499854841097783
noncanonical,one,321,0.002411370959714699,1.3084598140435927e-15
noncanonical,plus,321,-0.0007518923980565693,0.0008682105568391345
noncanonical,plus_i,321,0.011240710703229633,3.4910636530039777e-16
noncanonical,zero,322,0.004207074040001973,4.454128702192199e-16
noncanonical,one,322,0.003086965875209048,8.006092713105863e-16
noncanonical,plus,322,0.003042128315863093,1.6741942278982498e-16
noncanonical,plus_i,322,0.003419275503323209,2.1148896793609604e-16
noncanonical,zero,323,0.004792333558323059,3.663640906998011e-17
noncanonical,one,323,-0.0003543682536573171,0.000409189213282587
noncanonical,plus,323,0.01038576948580381,2.975720804973315e-16
noncanonical,plus_i,323,0.0065376432407891795,4.483266048452559e-16
noncanonical,zero,324,0.00479117043614463,5.57232749757654e-16
noncanonical,one,324,0.002299062033477279,6.998080158836045e-16
noncanonical,plus,324,0.01259683766594894,4.4352314356458247e-16
noncanonical,plus_i,324,0.0023033339361103453,5.188418429316644e-16
noncanonical,zero,325,0.003723172410237327,2.2362063402292857e-16
noncanonical,one,325,0.0022509479281309663,1.14752043983625e-15
noncanonical,plus,325,0.007510306275376343,1.2928427864208067e-16
noncanonical,plus_i,325,0.0013893176456426094,3.262202729591575e-16
noncanonical,zero,326,0.001737093585572663,1.3187393079682295e-16
noncanonical,one,326,0.006709833310607206,6.595261612727244e-16
noncanonical,plus,326,0.010119402932076792,2.609501542965359e-16
noncanonical,plus_i,326,0.00131015697320503,1.0631760581806568e-15
noncanonical,zero,327,0.0009562866002408199,4.194391332737884e-17
noncanonical,one,327,0.004822026098291443,4.0431944377860714e-16
noncanonical,plus,327,0.006064291817359645,6.112943762287422e-16
noncanonical,plus_i,327,0.008528389585271676,5.08827249502625e-16
noncanonical,zero,328,-0.0008593530497805083,0.0009922954292395005
noncanonical,one,328,0.003152435552910009,8.967517899612248e-16
noncanonical,plus,328,0.0076279264212083695,1.0849043346501851e-15
noncanonical,plus_i,328,0.007682806428182224,5.802617614430893e-16
noncanonical,zero,329,0.006130539959395005,1.0996568303898707e-16
noncanonical,one,329,0.0035673372902694797,7.008769618392006e-16
noncanonical,plus,329,0.006788170698362577,2.8634499841406075e-16
noncanonical,plus_i,329,0.007892566130914467,8.176885883325263e-16
noncanonical,zero,330,0.005807843560254389,6.665191033415758e-16
noncanonical,one,330,0.004413977790548768,7.899540182417446e-16
noncanonical,plus,330,0.0074628970322239314,2.992134004755862e-16
noncanonical,plus_i,330,0.012009614161032769,2.9154258913916774e-16
noncanonical,zero,331,0.004796221406898491,1.0017097071627392e-15
noncanonical,one,331,0.002467090944757849,5.147961803989387e-16
noncanonical,plus,331,0.013375434504158875,1.770613374081115e-16
noncanonical,plus_i,331,0.008932900780292616,3.7613509542247064e-16
noncanonical,zero,332,0.0019194168602696196,3.818362414978311e-17
noncanonical,one,332,-0.0004414125091970921,0.0005096992620172472
noncanonical,plus,332,0.010801237358844936,4.3695279163952563e-16
noncanonical,plus_i,332,0.011651141066894985,3.158536801708207e-16
noncanonical,zero,333,-0.004940312062008256,0.005704580997762305
noncanonical,one,333,0.007485343603571082,4.652787399636095e-16
noncanonical,plus,333,0.006574332426865229,5.924090988627683e-16
noncanonical,plus_i,333,0.005916650332044102,1.8564707401215083e-16
noncanonical,zero,334,-0.0017395567966720846,0.002008667169658725
noncanonical,one,334,0.001616722867892527,3.325201422019449e-16
noncanonical,plus,334,0.006844109112240786,1.7827818233614868e-16
noncanonical,plus_i,334,0.01126959713949215,6.073940359620277e-16
noncanonical,zero,335,0.004446968653851763,5.571851678029959e-16
noncanonical,one,335,0.002222859473537921,4.1685701161690417e-16
noncanonical,plus,335,0.010777530134109365,7.895916832431496e-16
noncanonical,plus_i,335,0.009365154614547542,4.415305757872945e-16
noncanonical,zero,336,-0.0011878637646619361,0.0013716269285764307
noncanonical,one,336,0.0012665748131210073,4.166844968441227e-16
noncanonical,plus,336,0.005769620834943402,2.33983790657981e-16
noncanonical,plus_i,336,0.008181769315224621,3.785010810789516e-16
noncanonical,zero,337,0.0019878852175076733,3.3402724279963657e-16
noncanonical,one,337,0.005963547849570652,5.539464876875933e-16
noncanonical,plus,337,0.00936543121576866,1.994875429501446e-16
noncanonical,plus_i,337,0.010965005356080372,8.671749098328602e-16
noncanonical,zero,338,0.00469398255834491,1.141413114916487e-16
noncanonical,one,338,0.004755981688482516,8.44578600112648e-16
noncanonical,plus,338,0.007085989569591097,5.703845945688167e-16
noncanonical,plus_i,338,0.00216866219867238,6.303067679823531e-16
noncanonical,zero,339,-0.004480530463492971,0.005173670938419929
noncanonical,one,339,0.0021611418856066784,7.314020462565402e-16
noncanonical,plus,339,0.003413288694377413,6.307110353834191e-16
noncanonical,plus_i,339,0.005737871128175798,4.448458127857555e-16
noncanonical,zero,340,0.005679819396349342,2.485615710536177e-16
noncanonical,one,340,-0.005535738809416105,0.006392120583559991
noncanonical,plus,340,-0.003117687914117151,0.0035999959129294655
noncanonical,plus_i,340,0.004279734101498634,4.242419788376362e-16
noncanonical,zero,341,0.0012815354318198898,6.499500395155799e-17
noncanonical,one,341,0.004408194991523152,4.813194029904708e-16
noncanonical,plus,341,0.010530460400033694,2.451613190279327e-16
noncanonical,plus_i,341,0.00834681634934129,1.7461351159655552e-16
noncanonical,zero,342,-0.0032064410080019272,0.0037024791582210156
noncanonical,one,342,-0.006553438373465937,0.007567258818076362
noncanonical,plus,342,0.01185304456822405,3.4191525266394547e-16
noncanonical,plus_i,342,0.00794290580179682,1.3935030821188638e-16
noncanonical,zero,343,0.006062410980626324,2.3649116239619203e-16
noncanonical,one,343,0.007689491373723493,4.629469220649418e-16
noncanonical,plus,343,0.007726722292039077,4.465647139595119e-16
noncanonical,plus_i,343,0.013380612579801528,8.77405102511287e-16
noncanonical,zero,344,0.0012766251146669387,2.243911169059584e-16
noncanonical,one,344,0.0025188693532262195,4.55576050589507e-16
noncanonical,plus,344,0.004606991777029099,5.577018166623856e-16
noncanonical,plus_i,344,0.009952900239817014,3.5702920761022384e-16
noncanonical,zero,345,-0.0003916821426949961,0.00045227558104345795
noncanonical,one,345,0.0044888453861802475,9.692587083806925e-16
noncanonical,plus,345,0.0035895322438323366,3.6560879957775235e-16
noncanonical,plus_i,345,0.007549267743362497,3.3926721610393313e-16
noncanonical,zero,346,0.0031288744824629045,2.275977694454757e-16
noncanonical,one,346,0.001963861902174591,5.099762485947061e-16
noncanonical,plus,346,0.0036999029738542665,9.484693309436992e-16
noncanonical,plus_i,346,0.00882701237233835,4.0036202542360415e-16
noncanonical,zero,347,0.006366185382904689,1.2224003263618568e-16
noncanonical,one,347,0.0041337979162597155,4.591739909607703e-16
noncanonical,plus,347,0.0037015574550219197,1.6572313047086655e-16
noncanonical,plus_i,347,0.008248099405305895,3.727839623021509e-16
noncanonical,zero,348,0.009104139559813476,1.155592957802667e-16
noncanonical,one,348,-0.009136046717138975,0.010549398062938314
noncanonical,plus,348,0.002566163061838384,6.641572956934975e-16
noncanonical,plus_i,348,0.004713727725448546,1.0199672490714095e-15
noncanonical,zero,349,0.0010826074480433296,2.396378193470286e-16
noncanonical,one,349,0.010356705595980696,8.819933428308316e-16
noncanonical,plus,349,0.009207911539227436,5.053013062131873e-16
noncanonical,plus_i,349,0.004532882073716479,2.878682336648285e-16
noncanonical,zero,350,0.005759148773589648,4.601088326622578e-16
noncanonical,one,350,0.0017228516067716265,6.383874459729353e-16
noncanonical,plus,350,0.011720050635538581,6.354820349015559e-16
noncanonical,plus_i,350,0.0038312031853755604,6.087832175190967e-16
noncanonical,zero,351,0.006611057479724607,2.2415915968780813e-16
noncanonical,one,351,0.0029911259067008796,6.293341517287607e-16
noncanonical,plus,351,0.004028225523718816,4.33713774975815e-16
noncanonical,plus_i,351,0.006938218727613619,6.77067997829678e-16
noncanonical,zero,352,0.006471279353266239,3.35404360116358e-16
noncanonical,one,352,-0.00677072804533421,0.007818163319166878
noncanonical,plus,352,0.007653959945259317,3.405353204295142e-16
noncanonical,plus_i,352,0.01301640876950615,5.21226402801954e-16
noncanonical,zero,353,0.007346337233660221,6.701156742058651e-16
noncanonical,one,353,-0.002050124204262058,0.0023672795224055692
noncanonical,plus,353,0.00849364020186114,6.596575416761495e-16
noncanonical,plus_i,353,0.0120939281158657,7.174388035796819e-16
noncanonical,zero,354,-0.0027482057759314247,0.003173354689045034
noncanonical,one,354,-0.001087781698840844,0.001256062113290453
noncanonical,plus,354,0.00986706580542743,2.938180686084049e-16
noncanonical,plus_i,354,-0.0032485955248110947,0.003751155001475783
noncanonical,zero,355,0.003994118026485124,9.312633999960827e-17
noncanonical,one,355,0.0060625710455102285,6.062351325446935e-16
noncanonical,plus,355,0.011585406106177979,1.245396753712877e-16
noncanonical,plus_i,355,0.007308342928437361,2.992869351185553e-16
noncanonical,zero,356,0.0002725513265029911,4.537405651490448e-16
noncanonical,one,356,0.0006918239654626271,9.091049641599113e-16
noncanonical,plus,356,0.009550610182906098,5.51726101675214e-16
noncanonical,plus_i,356,0.009172350608920925,4.661999750517201e-16
noncanonical,zero,357,0.002451722306678423,4.467338190280617e-16
noncanonical,one,357,-0.007387265395209851,0.008530079328999235
noncanonical,plus,357,0.008750428791852038,4.742082663825301e-16
noncanonical,plus_i,357,0.00729822143675268,2.2452908202342156e-16
noncanonical,zero,358,0.0005178351807360193,3.3761714442625034e-16
noncanonical,one,358,0.004883057403609236,5.386028584974184e-16
noncanonical,plus,358,0.005266599874412703,3.692175641368113e-16
noncanonical,plus_i,358,0.004398984597358039,6.293381115332253e-16
noncanonical,zero,359,0.00459142065832587,4.477932168972001e-16
noncanonical,one,359,0.0068721442402725685,8.678800621479054e-16
noncanonical,plus,359,0.010255848198821823,6.871911314797135e-16
noncanonical,plus_i,359,0.00478047952311909,8.907783935149523e-16
noncanonical,zero,360,0.004136401600103765,1.2165386124553848e-16
noncanonical,one,360,0.008434104439354956,6.853063459404766e-16
noncanonical,plus,360,0.002920897737803921,5.165869182212696e-16
noncanonical,plus_i,360,0.007395183484424123,5.49051627060681e-16
noncanonical,zero,361,0.0026902708500611446,5.596476862279742e-16
noncanonical,one,361,0.0015810249438983483,2.6592736599920765e-16
noncanonical,plus,361,0.0072316150009452546,2.3468827653706277e-16
noncanonical,plus_i,361,0.0072319323024872114,6.212753750123529e-16
noncanonical,zero,362,0.0023966192988273717,1.2449473898669733e-16
noncanonical,one,362,0.00581711246298997,3.178935589504499e-16
noncanonical,plus,362,0.012360127055182777,7.334483055015377e-16
noncanonical,plus_i,362,0.00792814783225129,3.146628918790614e-16
noncanonical,zero,363,-0.011648756822683539,0.013450825774601724
noncanonical,one,363,0.0033157572485331653,5.049594536400736e-16
noncanonical,plus,363,0.011306615857198233,9.209531589974863e-16
noncanonical,plus_i,363,0.0016366829548878684,4.962682210861265e-16
noncanonical,zero,364,0.005306361100052292,2.2448700610206543e-16
noncanonical,one,364,0.003319225562552143,4.084475230959545e-16
noncanonical,plus,364,0.005694413530884746,1.764825385087246e-16
noncanonical,plus_i,364,0.0051577756236738615,3.1469815515671107e-16
noncanonical,zero,365,0.0016214160741817442,4.484434307090375e-16
noncanonical,one,365,0.0025824445287649187,8.494116168400614e-16
noncanonical,plus,365,0.010922480338447754,6.425158990967598e-16
noncanonical,plus_i,365,0.010485437202235973,2.4564815302421355e-16
noncanonical,zero,366,0.004163316047307257,1.5853809059571167e-16
noncanonical,one,366,0.008520015356121666,4.759060204215712e-16
noncanonical,plus,366,0.009808833290325338,2.5463346111872243e-16
noncanonical,plus_i,366,0.009872509849136214,2.39639389036493e-16
noncanonical,zero,367,0.002098808673226665,2.4900609555128035e-16
noncanonical,one,367,-0.006749865843423681,0.0077940737233892134
noncanonical,plus,367,0.006509959019771371,6.490043985131908e-16
noncanonical,plus_i,367,0.011756592648734018,5.380432997903811e-16
noncanonical,zero,368,0.008157421995392029,3.379670170513669e-16
noncanonical,one,368,0.005283587264633515,4.3708028894704537e-16
noncanonical,plus,368,0.007523028960717152,5.352257613376025e-16
noncanonical,plus_i,368,0.002630872129370283,2.9360995560145404e-16
noncanonical,zero,369,0.002394269327012407,1.237432385299916e-16
noncanonical,one,369,-0.00636649983086745,0.007351400782294114
noncanonical,plus,369,0.014023759301630778,2.196001652196966e-16
noncanonical,plus_i,369,0.003291942012529776,8.08320703744684e-16
noncanonical,zero,370,0.00680758839501139,1.2723379268804423e-16
noncanonical,one,370,-0.003524323370080069,0.004069538092854179
noncanonical,plus,370,0.00403803099388458,6.028086078358471e-16
noncanonical,plus_i,370,0.0064083367518181006,4.817705514066107e-16
noncanonical,zero,371,0.005647284899083156,3.342796271796397e-16
noncanonical,one,371,0.007033495330320183,8.089452050964439e-16
noncanonical,plus,371,0.012963226548984899,3.6728865244449165e-16
noncanonical,plus_i,371,0.009758049045001717,9.144741385172086e-16
noncanonical,zero,372,-0.0007936912996262648,0.0009164757709853847
noncanonical,one,372,0.00013421480133332499,9.941527483028426e-16
noncanonical,plus,372,0.004634913305908482,1.0706209616219065e-16
noncanonical,plus_i,372,0.005877322984039486,2.4177543141494543e-16
noncanonical,zero,373,-0.00041686170382309364,0.00048135043383413064
noncanonical,one,373,0.001119204021788436,9.130501079150137e-16
noncanonical,plus,373,0.01266434509614629,5.458449621009111e-16
noncanonical,plus_i,373,0.009848363050895512,7.528670532282289e-16
noncanonical,zero,374,0.007684253660046359,5.555540800135461e-16
noncanonical,one,374,0.0017599974093671497,4.794091483774436e-16
noncanonical,plus,374,0.004984963024838779,2.824516672091605e-16
noncanonical,plus_i,374,0.012140010180072311,2.751519708096165e-16
noncanonical,zero,375,-0.0006360984140430652,0.0007345031811576983
noncanonical,one,375,0.005538908271933854,6.519935741709276e-16
noncanonical,plus,375,-0.0002164209732066266,0.00024990141427819087
noncanonical,plus_i,375,0.003910265270619318,1.6311013647957874e-16
noncanonical,zero,376,0.001975283546080771,6.6836525606577595e-16
noncanonical,one,376,-0.004991567588773248,0.0057637657821129696
noncanonical,plus,376,0.012917799983517343,4.749662898435803e-16
noncanonical,plus_i,376,0.00928747391893015,2.6386620995333353e-16
noncanonical,zero,377,0.002534977635562683,1.619773371560392e-16
noncanonical,one,377,0.007182372773938255,6.980462313662504e-16
noncanonical,plus,377,0.012645005533700442,9.545381934099312e-16
noncanonical,plus_i,377,0.0084851923040468,4.4374730043584107e-16
noncanonical,zero,378,-0.0004629533151861176,0.000534572442289898
noncanonical,one,378,0.002705449629132399,4.513694201047566e-16
noncanonical,plus,378,0.01329369830389735,4.759103244008367e-16
noncanonical,plus_i,378,0.008426033323911036,5.088990455534906e-16
noncanonical,zero,379,0.004951984537290959,1.200118268046868e-16
noncanonical,one,379,-0.012470333797225154,0.014399501149424973
noncanonical,plus,379,0.008483880497604861,8.482460779113541e-16
noncanonical,plus_i,379,0.008469021588100758,3.4776669863549574e-16
noncanonical,zero,380,0.0061168450722731745,2.411998721637317e-16
noncanonical,one,380,0.00366967094789492,5.999751865361501e-16
noncanonical,plus,380,0.01051038453303699,3.7797682481053603e-16
noncanonical,plus_i,380,0.013043058293299336,5.629371462730082e-16
noncanonical,zero,381,0.005555827599103046,1.1246683694577767e-16
noncanonical,one,381,0.005336104798137412,4.441239368431053e-16
noncanonical,plus,381,0.006687507427044476,1.538781983457296e-16
noncanonical,plus_i,381,0.0027088096335408512,3.7789956540661147e-16
noncanonical,zero,382,0.0036487366315049174,1.136198355914428e-16
noncanonical,one,382,0.0009523007780801122,6.957288930339318e-16
noncanonical,plus,382,0.006567275934807016,3.0866868354587606e-16
noncanonical,plus_i,382,0.003058604953605674,3.620858687264556e-16
noncanonical,zero,383,0.006778191280532149,2.4243439405841363e-16
noncanonical,one,383,0.0039130071495639155,7.885648114243469e-16
noncanonical,plus,383,0.009007031600969285,5.648902663596631e-16
noncanonical,plus_i,383,0.013661419836593242,6.557261909837699e-16
noncanonical,zero,384,0.0012360171632131312,6.199361459337905e-17
noncanonical,one,384,0.002001165471909307,1.0913830566639958e-15
noncanonical,plus,384,0.007447186447781988,5.712266257640323e-16
noncanonical,plus_i,384,0.004127082561895185,2.2852636342672633e-16
noncanonical,zero,385,0.0026252558596216217,2.3014617986838206e-16
noncanonical,one,385,0.006893154318772528,7.75220062049101e-16
noncanonical,plus,385,0.008286551915267353,6.176328944395853e-16
noncanonical,plus_i,385,0.007175748984118448,3.719778677217766e-16
noncanonical,zero,386,-0.0030635549811462064,0.003537488586083777
noncanonical,one,386,-0.005247717463169472,0.006059542179983998
noncanonical,plus,386,0.005375196263021462,4.0206917999016655e-16
noncanonical,plus_i,386,0.007676554818100584,2.1011334597275433e-16
noncanonical,zero,387,0.0015417781326490163,1.5328548320396273e-16
noncanonical,one,387,0.0055408870414312625,6.445299688412873e-16
noncanonical,plus,387,0.013554812591409528,5.069663508367555e-16
noncanonical,plus_i,387,0.009771731828852227,6.414924383323308e-16
noncanonical,zero,388,0.004845076465139749,2.2727898203185987e-16
noncanonical,one,388,0.004791329279514391,3.919474679611631e-16
noncanonical,plus,388,-0.000807068040873229,0.0009319219013049898
noncanonical,plus_i,388,0.01067055621648072,7.684590043724661e-16
noncanonical,zero,389,0.008814908513603647,1.1641645754851208e-16
noncanonical,one,389,0.00596903944073175,6.583087031732038e-16
noncanonical,plus,389,0.012370781332638582,5.239227482317905e-16
noncanonical,plus_i,389,0.007537744295081371,3.2657350085609287e-16
noncanonical,zero,390,0.0046197577433409595,2.265010700192971e-16
noncanonical,one,390,0.0003559539717187277,5.283786067024858e-16
noncanonical,plus,390,0.0010502583801147594,5.735862747046973e-16
noncanonical,plus_i,390,0.0020572288155695853,2.6901308550788985e-16
noncanonical,zero,391,-0.0002170407473065033,0.00025061706776477005
noncanonical,one,391,-0.0014767385485387773,0.0017051907970429443
noncanonical,plus,391,0.008115923842827208,5.987868680799435e-16
noncanonical,plus_i,391,0.010188314483801923,2.139941548877298e-16
noncanonical,zero,392,0.005923055086060766,5.751955650081438e-17
noncanonical,one,392,0.004517557745166037,1.0160536551735783e-15
noncanonical,plus,392,0.00467415919733273,1.7238609974858112e-16
noncanonical,plus_i,392,0.004640882855183586,4.3493942782625574e-16
noncanonical,zero,393,0.003954738134859855,5.61308129580259e-16
noncanonical,one,393,0.00817385538920428,3.3886814782960434e-16
noncanonical,plus,393,0.012179388455094973,7.060094117205051e-16
noncanonical,plus_i,393,0.007354145218644454,2.1358419559630126e-16
noncanonical,zero,394,0.0030531939623096027,3.801207250375538e-17
noncanonical,one,394,0.0067919191815705455,6.158846299247737e-16
noncanonical,plus,394,0.014639796391477673,2.2306884655938884e-16
noncanonical,plus_i,394,0.007240891048875811,6.000768232092699e-16
noncanonical,zero,395,-0.001161624619490299,0.00134132857352022
noncanonical,one,395,-0.0023089082141569896,0.0026660975579554822
noncanonical,plus,395,0.0009327686621179202,5.446669366637794e-16
noncanonical,plus_i,395,0.0019004134014559138,8.15688348574657e-16
noncanonical,zero,396,0.00315269711214203,3.344872120577871e-16
noncanonical,one,396,0.0025817450246641903,3.8627699621985263e-16
noncanonical,plus,396,0.00827469124281888,5.492001049013876e-16
noncanonical,plus_i,396,0.009659613012705619,2.6673101058945507e-16
noncanonical,zero,397,0.007211416884273875,1.1288955432093256e-16
noncanonical,one,397,0.005036296066150146,9.816453294386779e-16
noncanonical,plus,397,0.00885377888456442,4.790626095451589e-16
noncanonical,plus_i,397,0.012067631951009657,4.818071492134113e-16
noncanonical,zero,398,0.004645075350171953,2.3418766925686896e-17
noncanonical,one,398,0.006897219186388742,5.749152723960881e-16
noncanonical,plus,398,0.01213911614831596,3.978917391928353e-16
noncanonical,plus_i,398,0.0071591533463554605,1.6186466695209203e-16
noncanonical,zero,399,0.004911893191371616,3.3574756705087075e-16
noncanonical,one,399,0.006721476522126106,4.663968136828558e-16
noncanonical,plus,399,0.0116741644478541,7.626507742467616e-16
noncanonical,plus_i,399,0.006145476301156444,3.668437744654502e-16
noncanonical,zero,400,0.004825274718912151,2.3089769800798425e-16
noncanonical,one,400,0.0061355168413138,2.1823103540104558e-16
noncanonical,plus,400,0.009406031638787704,5.354200894830526e-16
noncanonical,plus_i,400,0.0068774593025561995,8.890403339666065e-16
noncanonical,zero,401,0.001464055970919601,4.4279007866296075e-17
noncanonical,one,401,0.0018591771722032727,2.735493433120484e-16
noncanonical,plus,401,0.010685469456272917,7.602469545694216e-16
noncanonical,plus_i,401,0.007653426466565038,1.708372378063749e-16
noncanonical,zero,402,-0.0011867776855953248,0.0013703728324933957
noncanonical,one,402,0.004151344069195278,7.940728686597563e-16
noncanonical,plus,402,0.0025205235908574986,2.0179632657664976e-16
noncanonical,plus_i,402,0.01088207746378892,6.72406838449807e-16
noncanonical,zero,403,0.006692096608677563,3.3484576144376517e-16
noncanonical,one,403,0.004817460986321214,5.989503349394344e-16
noncanonical,plus,403,0.006011898642814436,4.3886492443964715e-16
noncanonical,plus_i,403,0.006515672234264561,2.7314114918644684e-16
noncanonical,zero,404,0.002959732185054784,3.5843035121089505e-16
noncanonical,one,404,0.0025815979778546017,6.043722193232979e-16
noncanonical,plus,404,0.007919378986674717,2.5691922322385663e-16
noncanonical,plus_i,404,0.008690763577776324,4.252319981920759e-16
noncanonical,zero,405,-0.012441936915563084,0.014366711254881563
noncanonical,one,405,-0.0028576674739460373,0.0032997501706743143
noncanonical,plus,405,0.0029294818019779054,2.756436847432669e-16
noncanonical,plus_i,405,0.006558143515296447,3.661294069866935e-16
noncanonical,zero,406,0.0011047831972745784,1.1406548869920943e-16
noncanonical,one,406,0.003076694640382349,5.94923397908195e-16
noncanonical,plus,406,0.012592970482793535,5.337132569735319e-16
noncanonical,plus_i,406,0.005931430237882406,7.342162197314619e-16
noncanonical,zero,407,0.0023674830919545517,1.7860071305544555e-17
noncanonical,one,407,0.0018165260025321667,7.423851416604276e-16
noncanonical,plus,407,0.006508037263971946,1.1270245260330253e-15
noncanonical,plus_i,407,0.012492291418050529,4.620284020567001e-16
noncanonical,zero,408,0.004622804950124784,2.2736342564039697e-17
noncanonical,one,408,-0.0006411589872714091,0.0007403466277890886
noncanonical,plus,408,0.006135658238196701,6.630943791291734e-16
noncanonical,plus_i,408,-0.0003172877406348307,0.0003663723249321496
noncanonical,zero,409,0.00021981510098061663,2.282013011455792e-16
noncanonical,one,409,0.002164937664522635,6.247248559415572e-16
noncanonical,plus,409,0.009321439352966749,1.8268269323219488e-16
noncanonical,plus_i,409,0.005893559513314279,1.5033283190760838e-16
noncanonical,zero,410,0.0035910932260636193,5.570860765339033e-16
noncanonical,one,410,0.005858156123465273,8.717129621328115e-16
noncanonical,plus,410,0.00395149809633568,6.994039557594565e-16
noncanonical,plus_i,410,0.0013090597221224634,6.602794434974385e-16
noncanonical,zero,411,-0.008741264773430688,0.010093543139995982
noncanonical,one,411,0.008874051680198206,4.186671151266504e-16
noncanonical,plus,411,0.01090660096925227,2.3303018366925203e-16
noncanonical,plus_i,411,0.0035935025367897343,5.286483518659598e-16
noncanonical,zero,412,0.004428845884665136,3.355766686346634e-16
noncanonical,one,412,-0.00237668658516715,0.0027443612794511075
noncanonical,plus,412,0.008191826886391071,1.7331425309110676e-16
noncanonical,plus_i,412,0.00921370178520943,6.044027159043962e-16
noncanonical,zero,413,0.007078453912066601,2.273488971617956e-16
noncanonical,one,413,0.0019361906987199191,1.0859471685552826e-15
noncanonical,plus,413,0.010524935276867478,4.166448871987614e-16
noncanonical,plus_i,413,0.00463683952502531,4.52410843959788e-16
noncanonical,zero,414,0.004395319548904583,6.697486338856298e-16
noncanonical,one,414,0.006896886871736741,7.136074987941743e-16
noncanonical,plus,414,0.010116676961023698,8.150196312979708e-16
noncanonical,plus_i,414,0.009243715421056568,3.6994020368180314e-16
noncanonical,zero,415,0.0009985690631272328,1.2178481581356122e-16
noncanonical,one,415,-0.00747739336798144,0.008634150147681431
noncanonical,plus,415,0.007877647755906393,5.149526163630721e-16
noncanonical,plus_i,415,0.0034778816175097043,3.789189649342422e-16
noncanonical,zero,416,0.0007534142632364719,3.3507681664503614e-16
noncanonical,one,416,0.004326426004714655,3.4093457492966774e-16
noncanonical,plus,416,0.010625470266270833,4.4240592983881345e-16
noncanonical,plus_i,416,0.004778478963224437,2.7490031070492303e-16
noncanonical,zero,417,-0.0006251688227334013,0.0007218827761882139
noncanonical,one,417,0.0007792408548596538,6.003734850253254e-16
noncanonical,plus,417,0.013509644717140421,3.443602244024423e-16
noncanonical,plus_i,417,0.0006191809302907554,3.194317943369088e-16
noncanonical,zero,418,0.007454514403825431,1.0774506952569354e-16
noncanonical,one,418,0.005013640611461989,5.125594179768831e-16
noncanonical,plus,418,0.00384663429457335,5.964254637557388e-16
noncanonical,plus_i,418,0.013338257019129985,5.400585914211843e-16
noncanonical,zero,419,0.0021135219156891718,2.3969417456747047e-16
noncanonical,one,419,0.002931916253237325,5.005289755541465e-16
noncanonical,plus,419,0.013532917312110763,7.37794360485613e-16
noncanonical,plus_i,419,0.013086164312456464,3.713706292157792e-16
noncanonical,zero,420,0.006627934622858266,9.700829641825431e-17
noncanonical,one,420,-0.004520623147501152,0.005219965982229411
noncanonical,plus,420,0.008202535776886757,5.984059003526524e-16
noncanonical,plus_i,420,0.014822332706612493,1.5970831628303394e-16
noncanonical,zero,421,0.00732344329969515,6.682757932034041e-16
noncanonical,one,421,-0.0009624801903068708,0.0011113763939263977
noncanonical,plus,421,0.004979555506547746,4.2474563497831086e-16
noncanonical,plus_i,421,0.009218310643801016,5.89153365544624e-16
noncanonical,zero,422,-0.007225048702108298,0.008342767626140836
noncanonical,one,422,0.005198935629433583,5.07583857456037e-16
noncanonical,plus,422,0.009253149411334585,4.94473999278866e-16
noncanonical,plus_i,422,0.011607972598403906,3.580691550984091e-16
noncanonical,zero,423,0.010390196917853015,4.382457301599757e-17
noncanonical,one,423,-0.001592230403722863,0.0018385493044026082
noncanonical,plus,423,0.01535223196772143,7.277956445036566e-16
noncanonical,plus_i,423,0.003210680419918824,6.073861205019845e-16
noncanonical,zero,424,0.001700153944181773,1.29397180141189e-16
noncanonical,one,424,0.0006283817716316393,9.343923796553541e-16
noncanonical,plus,424,0.00765831426333319,2.9406377231240567e-16
noncanonical,plus_i,424,0.009422966531734933,4.801628721951416e-16
noncanonical,zero,425,0.0033339795696546957,1.1523676783676878e-16
noncanonical,one,425,-0.001286707358444588,0.0014857616795324478
noncanonical,plus,425,0.007247304882822784,7.85666010213941e-16
noncanonical,plus_i,425,0.00705086474188782,4.839400492767542e-16
noncanonical,zero,426,-0.0006486589255972194,0.000749006810611635
noncanonical,one,426,0.005965400234258692,5.202569176380862e-16
noncanonical,plus,426,0.009473032012574238,7.515371011546331e-16
noncanonical,plus_i,426,0.004577454433259593,2.3852334446002833e-16
noncanonical,zero,427,0.0059476067908851,4.458863654999509e-16
noncanonical,one,427,0.0029704099084768907,6.736739906786382e-16
noncanonical,plus,427,0.008839843314786227,3.479499544433393e-16
noncanonical,plus_i,427,-0.0012382723084653287,0.001429833701244926
noncanonical,zero,428,0.005089940966847256,5.635209394633195e-16
noncanonical,one,428,-0.0010460508020081194,0.0012078754242509844
noncanonical,plus,428,0.004732726088116777,7.579731750940355e-16
noncanonical,plus_i,428,0.008432462940455104,5.981322394508622e-16
noncanonical,zero,429,0.004276685595014647,6.74066548802342e-16
noncanonical,one,429,-0.001992616069233992,0.002300874847927668
noncanonical,plus,429,0.00666502265318115,3.272385831952899e-16
noncanonical,plus_i,429,0.006044680153630924,8.397369732711664e-16
noncanonical,zero,430,0.006057391963745802,3.343282919990315e-17
noncanonical,one,430,0.002918634185498697,1.0670309765897172e-15
noncanonical,plus,430,0.00994177951030181,3.7017682583767366e-16
noncanonical,plus_i,430,-6.584547959053591e-05,7.603181073293295e-05
noncanonical,zero,431,0.00581408261592002,1.1766548525609703e-16
noncanonical,one,431,0.0015852660356321996,2.4342828204994584e-16
noncanonical,plus,431,0.006312591202837222,5.208791200025255e-16
noncanonical,plus_i,431,0.0012065807086576888,1.5622855061153168e-15
noncanonical,zero,432,0.0059185031806329655,2.3089627253065355e-16
noncanonical,one,432,-0.005625167396733547,0.00649538382148157
noncanonical,plus,432,0.005431482868794904,2.2184800624686306e-16
noncanonical,plus_i,432,0.010620005615454089,4.918824399054889e-16
noncanonical,zero,433,0.007148175471658006,5.59315511483988e-16
noncanonical,one,433,-0.0013598490089410478,0.0015702183827385563
noncanonical,plus,433,0.0020185234142873253,9.732085690690934e-16
noncanonical,plus_i,433,0.007855888618680435,4.130523992344985e-16
noncanonical,zero,434,0.0035164287120127502,4.504787876424231e-16
noncanonical,one,434,0.004955935389233545,6.142504326075589e-16
noncanonical,plus,434,0.01394342945477585,4.0743111672832403e-16
noncanonical,plus_i,434,0.007443146418084355,4.634331666128083e-16
noncanonical,zero,435,-0.0020585583308413754,0.002377018412907633
noncanonical,one,435,0.00460678941964389,5.443644255900123e-16
noncanonical,plus,435,0.009125772065830817,8.429762322114993e-16
noncanonical,plus_i,435,0.008193304649633977,5.1205021779522e-16
noncanonical,zero,436,-0.0002628121159638144,0.0003034692917960707
noncanonical,one,436,0.0036544482929561192,3.5079437943828605e-16
noncanonical,plus,436,0.007981944913184137,5.97113201699607e-16
noncanonical,plus_i,436,0.010001482578144465,4.447561709704089e-16
noncanonical,zero,437,0.0022238614271695555,4.463117946734506e-16
noncanonical,one,437,0.0033885155364474207,1.439994240834258e-15
noncanonical,plus,437,0.008581917196038343,4.536087583661958e-16
noncanonical,plus_i,437,0.0024648895800458343,9.61760639246806e-16
noncanonical,zero,438,-0.0007992894288170915,0.0009229399337757912
noncanonical,one,438,-0.00945733130441345,0.01092038554883708
noncanonical,plus,438,0.007376015026772097,6.110423588911906e-16
noncanonical,plus_i,438,0.011915243855644195,1.7128417944009555e-16
noncanonical,zero,439,-0.00353302511310747,0.004079586000212659
noncanonical,one,439,0.0015678951970412517,4.3590148452551616e-16
noncanonical,plus,439,0.008979104732391672,6.410868352923274e-16
noncanonical,plus_i,439,0.012549108751587903,2.178004304579295e-16
noncanonical,zero,440,-0.0010478560609274213,0.0012099599576968852
noncanonical,one,440,0.0005965142730229946,4.715752772814555e-16
noncanonical,plus,440,0.002866824765077646,4.768158940592976e-16
noncanonical,plus_i,440,0.007850396111146995,2.8578220151746894e-16
noncanonical,zero,441,0.003373751845111305,3.343021320228895e-16
noncanonical,one,441,0.00025343242096538017,5.889007157093027e-16
noncanonical,plus,441,0.010332770370432101,3.201428532510812e-16
noncanonical,plus_i,441,0.007413540977475808,4.3738957089335113e-16
noncanonical,zero,442,0.0013893096501531009,3.4111874429412715e-16
noncanonical,one,442,0.0055383361484823476,6.278780189256208e-16
noncanonical,plus,442,0.008095346338448058,3.9064079612285715e-16
noncanonical,plus_i,442,-0.0016488712862955464,0.0019039525620036654
noncanonical,zero,443,0.004537942161047369,1.1571368321048897e-16
noncanonical,one,443,-0.003845543982331735,0.0044404517067595205
noncanonical,plus,443,0.009437511414910138,9.92760587544349e-16
noncanonical,plus_i,443,0.005717941436291972,3.8628283900134525e-16
noncanonical,zero,444,0.0056003218122151225,2.2411400415686455e-16
noncanonical,one,444,0.002387542456216177,4.766752525902992e-16
noncanonical,plus,444,0.010854187485699966,2.589815644187172e-16
noncanonical,plus_i,444,0.004509833033930894,2.0903687809629842e-16
noncanonical,zero,445,0.0034542722756030347,1.599488891189695e-16
noncanonical,one,445,0.007953377076244397,3.543382367828192e-16
noncanonical,plus,445,0.011534656959054094,2.732301791612665e-16
noncanonical,plus_i,445,0.01152168499710859,3.318523062416711e-16
noncanonical,zero,446,-0.0012044642403057637,0.0013907955067397376
noncanonical,one,446,0.002220390490722505,2.546960520465408e-16
noncanonical,plus,446,0.01206673297022079,4.2170330262981705e-16
noncanonical,plus_i,446,0.010604659441463611,1.7585399950032498e-16
noncanonical,zero,447,-0.0036141571394196206,0.004173269194674855
noncanonical,one,447,0.001009999331511069,3.5544400418985024e-16
noncanonical,plus,447,0.010689707051753051,1.4086419275341934e-16
noncanonical,plus_i,447,0.007743181355542146,9.721505898576334e-16
noncanonical,zero,448,0.006540754335150242,1.3441203761476884e-16
noncanonical,one,448,7.389016053753257e-05,5.589550226573906e-16
noncanonical,plus,448,0.007779423612047287,4.375333028603889e-16
noncanonical,plus_i,448,0.0023945536574143437,4.944696066126713e-16
noncanonical,zero,449,0.0027820529821442233,1.4165838895652256e-16
noncanonical,one,449,-0.004917676678714457,0.005678443908486638
noncanonical,plus,449,0.00884489041297571,3.8717198106519057e-16
noncanonical,plus_i,449,0.004907298035465007,2.8781253007368856e-16
noncanonical,zero,450,0.0005404470701872794,3.3542811243392965e-16
noncanonical,one,450,-0.0074051216080131925,0.008550697907536561
noncanonical,plus,450,0.012614849178108949,3.521126791841575e-16
noncanonical,plus_i,450,0.0068148088539219265,6.645700505343432e-16
noncanonical,zero,451,0.003106839212272034,2.23815465555608e-16
noncanonical,one,451,0.008702785444753024,2.447857830095965e-16
noncanonical,plus,451,0.015651586233840144,5.726523511994042e-16
noncanonical,plus_i,451,0.012073354071199182,3.1907419703039836e-16
noncanonical,zero,452,0.004952442659799756,1.1811946044635772e-16
noncanonical,one,452,0.0001571936403000148,1.0916717051728275e-15
noncanonical,plus,452,0.0028302366735625433,1.0194731293080881e-15
noncanonical,plus_i,452,0.014194965272256119,4.2064093370652967e-16
noncanonical,zero,453,0.004287969641049976,2.29790144939927e-16
noncanonical,one,453,0.005273172259551329,7.264522204160617e-16
noncanonical,plus,453,0.01313632821814313,5.264034796455071e-16
noncanonical,plus_i,453,0.0032073677130018885,5.33862382779213e-16
noncanonical,zero,454,0.0035682995911949576,4.452050708677183e-16
noncanonical,one,454,0.0032166847451565793,1.1092556753803033e-15
noncanonical,plus,454,0.010798321334314086,6.46210180422869e-16
noncanonical,plus_i,454,0.006968713508518951,7.92824615978261e-16
noncanonical,zero,455,0.005708237274090291,2.2659182137111285e-16
noncanonical,one,455,0.0065127024982408015,4.882981063669265e-16
noncanonical,plus,455,0.008355443357210272,1.3247391493983043e-15
noncanonical,plus_i,455,0.007988555481732195,5.745350891411303e-16
noncanonical,zero,456,0.0007903033821350518,2.2733648776164544e-16
noncanonical,one,456,0.002940766502905303,1.1033885319150678e-15
noncanonical,plus,456,0.015465889258306675,3.296017758173058e-16
noncanonical,plus_i,456,0.010429847048650482,2.6814193887435796e-16
noncanonical,zero,457,0.0028942910644999334,6.763885428838617e-16
noncanonical,one,457,0.007292269748762044,5.960141443520745e-16
noncanonical,plus,457,0.006958110703628253,2.8269140734749993e-16
noncanonical,plus_i,457,-0.004270476329279237,0.004931121316554597
noncanonical,zero,458,0.007606417582509935,5.634593791076502e-16
noncanonical,one,458,0.0019603357028973195,1.4287819114396774e-15
noncanonical,plus,458,0.005141157243581638,3.2576795187190056e-16
noncanonical,plus_i,458,0.0009448107553180496,3.4835522096127723e-16
noncanonical,zero,459,0.007106052624003524,1.478377945067256e-16
noncanonical,one,459,0.002185992096265973,2.9707238449494e-16
noncanonical,plus,459,0.004306268635071561,5.222171609968778e-16
noncanonical,plus_i,459,0.008984155744586289,3.933368333601955e-16
noncanonical,zero,460,0.0077022717547892364,1.6439594191653691e-16
noncanonical,one,460,-0.009919514023810418,0.011454068183754334
noncanonical,plus,460,0.004014308856947234,5.177023481239192e-16
noncanonical,plus_i,460,0.009084256485981927,6.553091572758838e-16
noncanonical,zero,461,0.0017960137095918932,1.1802814279769392e-16
noncanonical,one,461,0.003909705616132479,5.014754672080449e-16
noncanonical,plus,461,0.007141006436650547,2.1900669189655361e-16
noncanonical,plus_i,461,0.008230424802421223,2.6689472596929506e-16
noncanonical,zero,462,0.008036493797508997,1.1560056218673029e-16
noncanonical,one,462,0.0021419996078587723,4.73020894792881e-16
noncanonical,plus,462,0.004287293104933518,1.0292479753348157e-15
noncanonical,plus_i,462,0.012449084060341406,2.1962457301722306e-16
noncanonical,zero,463,-0.001635735340232508,0.0018887844780125858
noncanonical,one,463,0.005076381441157202,5.164746341924039e-16
noncanonical,plus,463,0.011699400242742979,3.2678005460913717e-16
noncanonical,plus_i,463,0.007498443234746764,2.3271818126067565e-16
noncanonical,zero,464,0.00183849341894771,5.639298937969052e-16
noncanonical,one,464,0.0019296509340243,4.951214084685423e-16
noncanonical,plus,464,0.005061519792331687,6.315429912426193e-16
noncanonical,plus_i,464,0.011462385987773951,8.242887294980743e-16
noncanonical,zero,465,0.004392241582352475,2.2497589568454185e-16
noncanonical,one,465,0.005378996815847122,4.1975427245057894e-16
noncanonical,plus,465,0.0005370316850121109,2.872667261724917e-16
noncanonical,plus_i,465,0.008222180342726839,3.8589047642168917e-16
noncanonical,zero,466,-0.000349418562967088,0.00040347380277773004
noncanonical,one,466,0.004318628497474239,6.474199670163615e-16
noncanonical,plus,466,0.015421075932133817,5.289114698636458e-16
noncanonical,plus_i,466,0.005602541162062366,4.3923469461439555e-16
noncanonical,zero,467,0.005626019097676993,3.3521318514296407e-16
noncanonical,one,467,0.007492185049226247,5.730067666204882e-16
noncanonical,plus,467,0.0038628900450720215,4.867112886782686e-16
noncanonical,plus_i,467,0.007094138115925256,2.45732933494883e-16
noncanonical,zero,468,0.007463317474247678,5.569152660144078e-16
noncanonical,one,468,-0.001431360718246531,0.001652792991974116
noncanonical,plus,468,0.011597386456782193,7.059410275171412e-16
noncanonical,plus_i,468,-0.0012000327656101965,0.0013856784805228064
noncanonical,zero,469,0.004082662987462274,1.1277245391394254e-16
noncanonical,one,469,0.0031563497280121234,6.144419263916109e-16
noncanonical,plus,469,0.009729529659433014,3.688868478412162e-16
noncanonical,plus_i,469,0.008429694021130304,4.3695451336992017e-16
noncanonical,zero,470,0.002721856917386951,4.174445885902693e-17
noncanonical,one,470,0.004737327766349262,7.136094497605262e-16
noncanonical,plus,470,0.004071901477502319,6.126128737250759e-16
noncanonical,plus_i,470,0.0041817565276999775,3.188827148618376e-16
noncanonical,zero,471,-0.006584988610258774,0.007603689893486873
noncanonical,one,471,-0.0028370432341589635,0.0032759353498884526
noncanonical,plus,471,0.016274689668470906,5.169809985578856e-16
noncanonical,plus_i,471,0.004513452659182274,3.9177588119667717e-16
noncanonical,zero,472,-0.0038615090755792147,0.004458886608527869
noncanonical,one,472,-0.0006339585819369584,0.0007320323158726575
noncanonical,plus,472,0.007264818638656875,9.229782464619876e-16
noncanonical,plus_i,472,0.005917594782902713,2.2781087215091336e-16
noncanonical,zero,473,0.0004315714797007592,7.85770436334218e-16
noncanonical,one,473,0.0024596922405829545,4.698209191703401e-16
noncanonical,plus,473,0.011988036025318205,6.707062873200482e-16
noncanonical,plus_i,473,0.005218109086962698,7.79901704328762e-16
noncanonical,zero,474,0.005496377794601711,6.297861556727434e-17
noncanonical,one,474,0.00558949473877011,3.895317666425081e-16
noncanonical,plus,474,0.01025703823535533,2.6342891220076694e-16
noncanonical,plus_i,474,0.009125427896628763,5.558878680424831e-16
noncanonical,zero,475,0.005360688699121208,2.251100331591644e-16
noncanonical,one,475,0.00301114517058278,3.34982197683936e-16
noncanonical,plus,475,0.003986521291415801,5.152469122684167e-16
noncanonical,plus_i,475,0.0033696044111802,3.9650967755432053e-16
noncanonical,zero,476,0.003089163459270846,3.3451500915627246e-16
noncanonical,one,476,0.003393584510707232,4.465541353629272e-16
noncanonical,plus,476,0.0016893578005115052,1.4196594748933018e-15
noncanonical,plus_i,476,0.009771165061239992,6.69095586819723e-16
noncanonical,zero,477,0.0035270221113787806,1.1392731219329031e-16
noncanonical,one,477,0.00218440571406863,3.7455530602010367e-16
noncanonical,plus,477,0.0010423761906330246,1.201613250923275e-16
noncanonical,plus_i,477,0.004254135049667489,4.072205627701249e-16
noncanonical,zero,478,-0.00020276002888693637,0.00023412711451747806
noncanonical,one,478,0.005374308790586791,5.307237742596176e-16
noncanonical,plus,478,0.010979533641411273,5.403188506951709e-16
noncanonical,plus_i,478,0.007905869839924256,3.1978546293858846e-16
noncanonical,zero,479,-0.0006244961809619826,0.0007211060763726824
noncanonical,one,479,0.005536915181167408,7.3044947747971115e-16
noncanonical,plus,479,0.008233846667492467,6.913120557378296e-16
noncanonical,plus_i,479,0.00862039149997496,3.6033426172460875e-16
noncanonical,zero,480,0.004594289411838472,1.2801126887149442e-16
noncanonical,one,480,0.007886381450287356,7.194170881980374e-16
noncanonical,plus,480,0.007422541815856491,3.907655954748881e-16
noncanonical,plus_i,480,0.006411547859517727,3.31289900521822e-16
noncanonical,zero,481,-0.0035892648620929556,0.004144526068644456
noncanonical,one,481,0.003449686241349491,2.0706378246166123e-16
noncanonical,plus,481,0.0059333251980368314,9.825897409267182e-16
noncanonical,plus_i,481,0.003769700707607959,4.0849883384383194e-16
noncanonical,zero,482,0.002375580634089887,2.24180711559911e-16
noncanonical,one,482,0.005285123837093121,6.43578158426865e-16
noncanonical,plus,482,0.004588348845347298,2.4866072234616414e-16
noncanonical,plus_i,482,0.0044989172495498286,3.311658221273407e-16
noncanonical,zero,483,0.0022863717299302653,1.121897549210281e-16
noncanonical,one,483,0.0013995150448852505,8.248153091900489e-16
noncanonical,plus,483,0.0038607317679557845,5.551081678458506e-16
noncanonical,plus_i,483,0.001068330807947336,1.854816116610648e-16
noncanonical,zero,484,0.004181567003170201,2.812590542189035e-17
noncanonical,one,484,0.0037921739853237577,4.326153767168219e-16
noncanonical,plus,484,0.005933396628270677,5.382185106934551e-16
noncanonical,plus_i,484,0.009578621277492904,6.275891140810782e-16
noncanonical,zero,485,0.0019655732647803157,3.453831826821306e-16
noncanonical,one,485,-0.005566025777591583,0.00642709296201801
noncanonical,plus,485,0.01063300494523739,5.304697099553083e-16
noncanonical,plus_i,485,0.008284070552600303,7.447188288475006e-16
noncanonical,zero,486,2.2490660524417917e-05,1.2558524883423477e-16
noncanonical,one,486,-0.0018516034382177902,0.0021380474869748672
noncanonical,plus,486,0.012243463394424723,8.085182239180095e-16
noncanonical,plus_i,486,0.0025602431731314356,4.398359003232126e-16
noncanonical,zero,487,3.966529454496631e-06,5.628779338092434e-16
noncanonical,one,487,0.0005542505391372349,6.132814865578752e-16
noncanonical,plus,487,0.011705140051579393,4.1367392545821277e-16
noncanonical,plus_i,487,0.007491898659875216,7.06604958399621e-16
noncanonical,zero,488,-0.004257750524102744,0.004916426822466067
noncanonical,one,488,0.0011602763135643806,7.915018080903888e-16
noncanonical,plus,488,0.013737927553714294,6.502245981126533e-16
noncanonical,plus_i,488,0.011121179655668499,3.6644365388705105e-16
noncanonical,zero,489,0.005901575292135967,5.579928403561656e-16
noncanonical,one,489,0.0024049848696989164,3.1902703734199774e-16
noncanonical,plus,489,0.003437445195490747,6.213141800852533e-16
noncanonical,plus_i,489,0.006021683305454713,2.9224427719519865e-16
noncanonical,zero,490,0.005148562791397191,6.688207780703133e-16
noncanonical,one,490,0.003990477920774797,4.266024879744624e-16
noncanonical,plus,490,0.009837937771597147,7.34539730472932e-16
noncanonical,plus_i,490,0.011409580903277195,4.735940106683372e-16
noncanonical,zero,491,0.001307447534359102,3.432407025979305e-16
noncanonical,one,491,-0.0012401630656117618,0.0014320169595399526
noncanonical,plus,491,0.010226969752724047,4.796082985026798e-16
noncanonical,plus_i,491,0.009402330691348965,2.555532368532009e-16
noncanonical,zero,492,-0.000981134791356642,0.0011329168718019367
noncanonical,one,492,0.005853687132051823,7.011326971739118e-16
noncanonical,plus,492,0.009975624804979847,3.450731934941343e-16
noncanonical,plus_i,492,0.006608163959005748,9.438073509865693e-16
noncanonical,zero,493,-0.0038684861703275958,0.004466943063589971
noncanonical,one,493,0.006960807134943101,5.728413754204798e-16
noncanonical,plus,493,0.008700314798315041,3.45124968520832e-16
noncanonical,plus_i,493,0.011875272344847273,3.749632293285068e-16
noncanonical,zero,494,0.005882206072823345,3.356402404016442e-16
noncanonical,one,494,0.0024112978130194653,5.419714001506109e-16
noncanonical,plus,494,0.006125009995475522,8.040672545884527e-16
noncanonical,plus_i,494,0.011200823638909712,6.965754523293149e-16
noncanonical,zero,495,0.0012360351769683262,1.2564663628859888e-16
noncanonical,one,495,0.002197265175817623,6.853067747611018e-16
noncanonical,plus,495,0.008276217233637993,4.172295088390101e-16
noncanonical,plus_i,495,0.006218484891051004,5.814980462655444e-16
noncanonical,zero,496,0.0026933914435153727,1.2314093164545806e-16
noncanonical,one,496,-0.0037876420204961286,0.004373592280254882
noncanonical,plus,496,0.010557183655240863,2.352753688297223e-16
noncanonical,plus_i,496,0.013331867069479822,4.71133139734584e-16
noncanonical,zero,497,0.00521744583112967,3.338354530618671e-16
noncanonical,one,497,0.006074576103727914,4.186715723368806e-16
noncanonical,plus,497,0.006042844965729704,2.413300577008767e-16
noncanonical,plus_i,497,0.006178261555203183,4.348316322996858e-16
noncanonical,zero,498,-0.0026413573967866014,0.003049976808121465
noncanonical,one,498,-0.0002837529528755091,0.0003276496874522097
noncanonical,plus,498,0.010181431311816543,2.745203326330441e-16
noncanonical,plus_i,498,0.005875641504194844,8.206271166632457e-16
noncanonical,zero,499,0.007148692232851365,1.1856869855759696e-16
noncanonical,one,499,0.0022347903027833175,6.006766735619524e-16
noncanonical,plus,499,0.006736081627017704,6.252820935895435e-16
noncanonical,plus_i,499,0.012022511767101141,5.808633553221182e-16
